{
  "DLSVersion": "2.1.6",
  "Name": "BITSHIFTER",
  "NameLocation": 0,
  "ChipType": 0,
  "Size": {
    "x": 1.625,
    "y": 1.25
  },
  "Colour": {
    "r": 0.827750564,
    "g": 0.641209066,
    "b": 0.7712044,
    "a": 1
  },
  "InputPins":[
    {
      "Name":"Clk",
      "ID":517154503,
      "Position":{
        "x":-5.09051,
        "y":1.00486
      },
      "BitCount":1,
      "Colour":0,
      "ValueDisplayMode":0
    },
    {
      "Name":"Shift In",
      "ID":286840879,
      "Position":{
        "x":-5.13349,
        "y":0.08012
      },
      "BitCount":1,
      "Colour":0,
      "ValueDisplayMode":0
    },
    {
      "Name":"WRITE",
      "ID":1845440409,
      "Position":{
        "x":-5.18914,
        "y":-0.83974
      },
      "BitCount":1,
      "Colour":0,
      "ValueDisplayMode":0
    },
    {
      "Name":"IN",
      "ID":1505046520,
      "Position":{
        "x":-6.8169,
        "y":-2.28897
      },
      "BitCount":8,
      "Colour":0,
      "ValueDisplayMode":0
    }
  ],
  "OutputPins":[],
  "SubChips":[
    {
      "Name":"SELECT-2",
      "ID":600205444,
      "Label":"",
      "Position":{
        "x":-2.04253,
        "y":0.06918
      },
      "OutputPinColourInfo":[{"PinColour":0,"PinID":1891561407}],
      "InternalData":null
    },
    {
      "Name":"FAST MSD",
      "ID":1388460440,
      "Label":"",
      "Position":{
        "x":-0.09763,
        "y":0.44705
      },
      "OutputPinColourInfo":[{"PinColour":0,"PinID":531080545},{"PinColour":0,"PinID":1887479322},{"PinColour":0,"PinID":276838383},{"PinColour":0,"PinID":581113110}],
      "InternalData":null
    },
    {
      "Name":"SELECT-2",
      "ID":564560468,
      "Label":"",
      "Position":{
        "x":2.09903,
        "y":0.78802
      },
      "OutputPinColourInfo":[{"PinColour":0,"PinID":1891561407}],
      "InternalData":null
    },
    {
      "Name":"8-1BIT",
      "ID":390443396,
      "Label":"",
      "Position":{
        "x":-4.27549,
        "y":-2.27847
      },
      "OutputPinColourInfo":[{"PinColour":0,"PinID":1},{"PinColour":0,"PinID":2},{"PinColour":0,"PinID":3},{"PinColour":0,"PinID":4},{"PinColour":0,"PinID":5},{"PinColour":0,"PinID":6},{"PinColour":0,"PinID":7},{"PinColour":0,"PinID":8}],
      "InternalData":null
    }
  ],
  "Wires":[
    {
      "SourcePinAddress":{
        "PinID":0,
        "PinOwnerID":286840879
      },
      "TargetPinAddress":{
        "PinID":1759055145,
        "PinOwnerID":600205444
      },
      "ConnectionType":0,
      "ConnectedWireIndex":-1,
      "ConnectedWireSegmentIndex":-1,
      "Points":[{"x":0.0,"y":0.0},{"x":0.0,"y":0.0}]
    },
    {
      "SourcePinAddress":{
        "PinID":1891561407,
        "PinOwnerID":600205444
      },
      "TargetPinAddress":{
        "PinID":1342414851,
        "PinOwnerID":1388460440
      },
      "ConnectionType":0,
      "ConnectedWireIndex":-1,
      "ConnectedWireSegmentIndex":-1,
      "Points":[{"x":0.0,"y":0.0},{"x":0.0,"y":0.0}]
    },
    {
      "SourcePinAddress":{
        "PinID":531080545,
        "PinOwnerID":1388460440
      },
      "TargetPinAddress":{
        "PinID":1759055145,
        "PinOwnerID":564560468
      },
      "ConnectionType":0,
      "ConnectedWireIndex":-1,
      "ConnectedWireSegmentIndex":-1,
      "Points":[{"x":0.0,"y":0.0},{"x":0.0,"y":0.0}]
    },
    {
      "SourcePinAddress":{
        "PinID":0,
        "PinOwnerID":1845440409
      },
      "TargetPinAddress":{
        "PinID":950059019,
        "PinOwnerID":600205444
      },
      "ConnectionType":0,
      "ConnectedWireIndex":-1,
      "ConnectedWireSegmentIndex":-1,
      "Points":[{"x":0.0,"y":0.0},{"x":-3.27783,"y":-0.83974},{"x":-3.27783,"y":0.35745},{"x":0.0,"y":0.0}]
    },
    {
      "SourcePinAddress":{
        "PinID":0,
        "PinOwnerID":1505046520
      },
      "TargetPinAddress":{
        "PinID":0,
        "PinOwnerID":390443396
      },
      "ConnectionType":0,
      "ConnectedWireIndex":-1,
      "ConnectedWireSegmentIndex":-1,
      "Points":[{"x":0.0,"y":0.0},{"x":0.0,"y":0.0}]
    },
    {
      "SourcePinAddress":{
        "PinID":1,
        "PinOwnerID":390443396
      },
      "TargetPinAddress":{
        "PinID":1646085438,
        "PinOwnerID":600205444
      },
      "ConnectionType":0,
      "ConnectedWireIndex":-1,
      "ConnectedWireSegmentIndex":-1,
      "Points":[{"x":0.0,"y":0.0},{"x":-2.93128,"y":-1.40347},{"x":-2.93128,"y":-0.15713},{"x":0.0,"y":0.0}]
    }
  ],
  "Displays": null
}