{
  "DLSVersion": "2.1.6",
  "Name": "3SB-8",
  "NameLocation": 0,
  "ChipType": 0,
  "Size": {
    "x": 1.175,
    "y": 0.75
  },
  "Colour": {
    "r": 0.371980041,
    "g": 0.311570853,
    "b": 0.287332773,
    "a": 1
  },
  "InputPins":[
    {
      "Name":"IN",
      "ID":1123514671,
      "Position":{
        "x":-6.18886,
        "y":0.50022
      },
      "BitCount":8,
      "Colour":0,
      "ValueDisplayMode":0
    },
    {
      "Name":"IN",
      "ID":138309568,
      "Position":{
        "x":-6.3261,
        "y":-2.83558
      },
      "BitCount":1,
      "Colour":0,
      "ValueDisplayMode":0
    }
  ],
  "OutputPins":[
    {
      "Name":"OUT",
      "ID":294276505,
      "Position":{
        "x":7.75608,
        "y":0.458
      },
      "BitCount":8,
      "Colour":0,
      "ValueDisplayMode":0
    }
  ],
  "SubChips":[
    {
      "Name":"3-STATE BUFFER",
      "ID":1640488096,
      "Label":"",
      "Position":{
        "x":1.01057,
        "y":3.2871
      },
      "OutputPinColourInfo":[{"PinColour":0,"PinID":2}],
      "InternalData":null
    },
    {
      "Name":"3-STATE BUFFER",
      "ID":414682948,
      "Label":"",
      "Position":{
        "x":1.01057,
        "y":2.5376
      },
      "OutputPinColourInfo":[{"PinColour":0,"PinID":2}],
      "InternalData":null
    },
    {
      "Name":"3-STATE BUFFER",
      "ID":1580295983,
      "Label":"",
      "Position":{
        "x":0.96834,
        "y":1.75643
      },
      "OutputPinColourInfo":[{"PinColour":0,"PinID":2}],
      "InternalData":null
    },
    {
      "Name":"3-STATE BUFFER",
      "ID":457652275,
      "Label":"",
      "Position":{
        "x":1.00001,
        "y":0.98582
      },
      "OutputPinColourInfo":[{"PinColour":0,"PinID":2}],
      "InternalData":null
    },
    {
      "Name":"3-STATE BUFFER",
      "ID":1837867794,
      "Label":"",
      "Position":{
        "x":0.98946,
        "y":0.19409
      },
      "OutputPinColourInfo":[{"PinColour":0,"PinID":2}],
      "InternalData":null
    },
    {
      "Name":"3-STATE BUFFER",
      "ID":1250103252,
      "Label":"",
      "Position":{
        "x":1.00001,
        "y":-0.58708
      },
      "OutputPinColourInfo":[{"PinColour":0,"PinID":2}],
      "InternalData":null
    },
    {
      "Name":"3-STATE BUFFER",
      "ID":1266025474,
      "Label":"",
      "Position":{
        "x":0.98946,
        "y":-1.34714
      },
      "OutputPinColourInfo":[{"PinColour":0,"PinID":2}],
      "InternalData":null
    },
    {
      "Name":"3-STATE BUFFER",
      "ID":969660772,
      "Label":"",
      "Position":{
        "x":0.98946,
        "y":-2.17053
      },
      "OutputPinColourInfo":[{"PinColour":0,"PinID":2}],
      "InternalData":null
    },
    {
      "Name":"8-1BIT",
      "ID":2108224113,
      "Label":"",
      "Position":{
        "x":-2.70527,
        "y":0.46856
      },
      "OutputPinColourInfo":[{"PinColour":0,"PinID":1},{"PinColour":0,"PinID":2},{"PinColour":0,"PinID":3},{"PinColour":0,"PinID":4},{"PinColour":0,"PinID":5},{"PinColour":0,"PinID":6},{"PinColour":0,"PinID":7},{"PinColour":0,"PinID":8}],
      "InternalData":null
    },
    {
      "Name":"1-8BIT",
      "ID":170075578,
      "Label":"",
      "Position":{
        "x":4.95865,
        "y":0.46856
      },
      "OutputPinColourInfo":[{"PinColour":0,"PinID":8}],
      "InternalData":null
    }
  ],
  "Wires":[
    {
      "SourcePinAddress":{
        "PinID":0,
        "PinOwnerID":1123514671
      },
      "TargetPinAddress":{
        "PinID":0,
        "PinOwnerID":2108224113
      },
      "ConnectionType":0,
      "ConnectedWireIndex":-1,
      "ConnectedWireSegmentIndex":-1,
      "Points":[{"x":0.0,"y":0.0},{"x":0.0,"y":0.0}]
    },
    {
      "SourcePinAddress":{
        "PinID":1,
        "PinOwnerID":2108224113
      },
      "TargetPinAddress":{
        "PinID":0,
        "PinOwnerID":1640488096
      },
      "ConnectionType":0,
      "ConnectedWireIndex":-1,
      "ConnectedWireSegmentIndex":-1,
      "Points":[{"x":0.0,"y":0.0},{"x":0.0,"y":0.0}]
    },
    {
      "SourcePinAddress":{
        "PinID":2,
        "PinOwnerID":2108224113
      },
      "TargetPinAddress":{
        "PinID":0,
        "PinOwnerID":414682948
      },
      "ConnectionType":0,
      "ConnectedWireIndex":-1,
      "ConnectedWireSegmentIndex":-1,
      "Points":[{"x":0.0,"y":0.0},{"x":0.0,"y":0.0}]
    },
    {
      "SourcePinAddress":{
        "PinID":3,
        "PinOwnerID":2108224113
      },
      "TargetPinAddress":{
        "PinID":0,
        "PinOwnerID":1580295983
      },
      "ConnectionType":0,
      "ConnectedWireIndex":-1,
      "ConnectedWireSegmentIndex":-1,
      "Points":[{"x":0.0,"y":0.0},{"x":0.0,"y":0.0}]
    },
    {
      "SourcePinAddress":{
        "PinID":4,
        "PinOwnerID":2108224113
      },
      "TargetPinAddress":{
        "PinID":0,
        "PinOwnerID":457652275
      },
      "ConnectionType":0,
      "ConnectedWireIndex":-1,
      "ConnectedWireSegmentIndex":-1,
      "Points":[{"x":0.0,"y":0.0},{"x":0.0,"y":0.0}]
    },
    {
      "SourcePinAddress":{
        "PinID":5,
        "PinOwnerID":2108224113
      },
      "TargetPinAddress":{
        "PinID":0,
        "PinOwnerID":1837867794
      },
      "ConnectionType":0,
      "ConnectedWireIndex":-1,
      "ConnectedWireSegmentIndex":-1,
      "Points":[{"x":0.0,"y":0.0},{"x":0.0,"y":0.0}]
    },
    {
      "SourcePinAddress":{
        "PinID":6,
        "PinOwnerID":2108224113
      },
      "TargetPinAddress":{
        "PinID":0,
        "PinOwnerID":1250103252
      },
      "ConnectionType":0,
      "ConnectedWireIndex":-1,
      "ConnectedWireSegmentIndex":-1,
      "Points":[{"x":0.0,"y":0.0},{"x":0.0,"y":0.0}]
    },
    {
      "SourcePinAddress":{
        "PinID":7,
        "PinOwnerID":2108224113
      },
      "TargetPinAddress":{
        "PinID":0,
        "PinOwnerID":1266025474
      },
      "ConnectionType":0,
      "ConnectedWireIndex":-1,
      "ConnectedWireSegmentIndex":-1,
      "Points":[{"x":0.0,"y":0.0},{"x":0.0,"y":0.0}]
    },
    {
      "SourcePinAddress":{
        "PinID":8,
        "PinOwnerID":2108224113
      },
      "TargetPinAddress":{
        "PinID":0,
        "PinOwnerID":969660772
      },
      "ConnectionType":0,
      "ConnectedWireIndex":-1,
      "ConnectedWireSegmentIndex":-1,
      "Points":[{"x":0.0,"y":0.0},{"x":0.0,"y":0.0}]
    },
    {
      "SourcePinAddress":{
        "PinID":2,
        "PinOwnerID":1640488096
      },
      "TargetPinAddress":{
        "PinID":0,
        "PinOwnerID":170075578
      },
      "ConnectionType":0,
      "ConnectedWireIndex":-1,
      "ConnectedWireSegmentIndex":-1,
      "Points":[{"x":0.0,"y":0.0},{"x":0.0,"y":0.0}]
    },
    {
      "SourcePinAddress":{
        "PinID":2,
        "PinOwnerID":414682948
      },
      "TargetPinAddress":{
        "PinID":1,
        "PinOwnerID":170075578
      },
      "ConnectionType":0,
      "ConnectedWireIndex":-1,
      "ConnectedWireSegmentIndex":-1,
      "Points":[{"x":0.0,"y":0.0},{"x":0.0,"y":0.0}]
    },
    {
      "SourcePinAddress":{
        "PinID":2,
        "PinOwnerID":1580295983
      },
      "TargetPinAddress":{
        "PinID":2,
        "PinOwnerID":170075578
      },
      "ConnectionType":0,
      "ConnectedWireIndex":-1,
      "ConnectedWireSegmentIndex":-1,
      "Points":[{"x":0.0,"y":0.0},{"x":0.0,"y":0.0}]
    },
    {
      "SourcePinAddress":{
        "PinID":2,
        "PinOwnerID":457652275
      },
      "TargetPinAddress":{
        "PinID":3,
        "PinOwnerID":170075578
      },
      "ConnectionType":0,
      "ConnectedWireIndex":-1,
      "ConnectedWireSegmentIndex":-1,
      "Points":[{"x":0.0,"y":0.0},{"x":0.0,"y":0.0}]
    },
    {
      "SourcePinAddress":{
        "PinID":2,
        "PinOwnerID":1837867794
      },
      "TargetPinAddress":{
        "PinID":4,
        "PinOwnerID":170075578
      },
      "ConnectionType":0,
      "ConnectedWireIndex":-1,
      "ConnectedWireSegmentIndex":-1,
      "Points":[{"x":0.0,"y":0.0},{"x":0.0,"y":0.0}]
    },
    {
      "SourcePinAddress":{
        "PinID":2,
        "PinOwnerID":1250103252
      },
      "TargetPinAddress":{
        "PinID":5,
        "PinOwnerID":170075578
      },
      "ConnectionType":0,
      "ConnectedWireIndex":-1,
      "ConnectedWireSegmentIndex":-1,
      "Points":[{"x":0.0,"y":0.0},{"x":0.0,"y":0.0}]
    },
    {
      "SourcePinAddress":{
        "PinID":2,
        "PinOwnerID":1266025474
      },
      "TargetPinAddress":{
        "PinID":6,
        "PinOwnerID":170075578
      },
      "ConnectionType":0,
      "ConnectedWireIndex":-1,
      "ConnectedWireSegmentIndex":-1,
      "Points":[{"x":0.0,"y":0.0},{"x":0.0,"y":0.0}]
    },
    {
      "SourcePinAddress":{
        "PinID":2,
        "PinOwnerID":969660772
      },
      "TargetPinAddress":{
        "PinID":7,
        "PinOwnerID":170075578
      },
      "ConnectionType":0,
      "ConnectedWireIndex":-1,
      "ConnectedWireSegmentIndex":-1,
      "Points":[{"x":0.0,"y":0.0},{"x":0.0,"y":0.0}]
    },
    {
      "SourcePinAddress":{
        "PinID":8,
        "PinOwnerID":170075578
      },
      "TargetPinAddress":{
        "PinID":0,
        "PinOwnerID":294276505
      },
      "ConnectionType":0,
      "ConnectedWireIndex":-1,
      "ConnectedWireSegmentIndex":-1,
      "Points":[{"x":0.0,"y":0.0},{"x":0.0,"y":0.0}]
    },
    {
      "SourcePinAddress":{
        "PinID":0,
        "PinOwnerID":138309568
      },
      "TargetPinAddress":{
        "PinID":1,
        "PinOwnerID":1640488096
      },
      "ConnectionType":0,
      "ConnectedWireIndex":-1,
      "ConnectedWireSegmentIndex":-1,
      "Points":[{"x":0.0,"y":0.0},{"x":-0.63622,"y":-2.83558},{"x":-0.63622,"y":3.13931},{"x":0.0,"y":0.0}]
    },
    {
      "SourcePinAddress":{
        "PinID":0,
        "PinOwnerID":138309568
      },
      "TargetPinAddress":{
        "PinID":1,
        "PinOwnerID":414682948
      },
      "ConnectionType":1,
      "ConnectedWireIndex":18,
      "ConnectedWireSegmentIndex":1,
      "Points":[{"x":-0.63622,"y":2.3501},{"x":0.0,"y":0.0}]
    },
    {
      "SourcePinAddress":{
        "PinID":0,
        "PinOwnerID":138309568
      },
      "TargetPinAddress":{
        "PinID":1,
        "PinOwnerID":1580295983
      },
      "ConnectionType":1,
      "ConnectedWireIndex":18,
      "ConnectedWireSegmentIndex":1,
      "Points":[{"x":-0.63622,"y":1.56893},{"x":0.0,"y":0.0}]
    },
    {
      "SourcePinAddress":{
        "PinID":0,
        "PinOwnerID":138309568
      },
      "TargetPinAddress":{
        "PinID":1,
        "PinOwnerID":457652275
      },
      "ConnectionType":1,
      "ConnectedWireIndex":18,
      "ConnectedWireSegmentIndex":1,
      "Points":[{"x":-0.63622,"y":0.79832},{"x":0.0,"y":0.0}]
    },
    {
      "SourcePinAddress":{
        "PinID":0,
        "PinOwnerID":138309568
      },
      "TargetPinAddress":{
        "PinID":1,
        "PinOwnerID":1837867794
      },
      "ConnectionType":1,
      "ConnectedWireIndex":18,
      "ConnectedWireSegmentIndex":1,
      "Points":[{"x":-0.63622,"y":0.00659},{"x":0.0,"y":0.0}]
    },
    {
      "SourcePinAddress":{
        "PinID":0,
        "PinOwnerID":138309568
      },
      "TargetPinAddress":{
        "PinID":1,
        "PinOwnerID":1250103252
      },
      "ConnectionType":1,
      "ConnectedWireIndex":18,
      "ConnectedWireSegmentIndex":1,
      "Points":[{"x":-0.63622,"y":-0.77458},{"x":0.0,"y":0.0}]
    },
    {
      "SourcePinAddress":{
        "PinID":0,
        "PinOwnerID":138309568
      },
      "TargetPinAddress":{
        "PinID":1,
        "PinOwnerID":1266025474
      },
      "ConnectionType":1,
      "ConnectedWireIndex":18,
      "ConnectedWireSegmentIndex":1,
      "Points":[{"x":-0.63622,"y":-1.53464},{"x":0.0,"y":0.0}]
    },
    {
      "SourcePinAddress":{
        "PinID":0,
        "PinOwnerID":138309568
      },
      "TargetPinAddress":{
        "PinID":1,
        "PinOwnerID":969660772
      },
      "ConnectionType":1,
      "ConnectedWireIndex":18,
      "ConnectedWireSegmentIndex":1,
      "Points":[{"x":-0.63622,"y":-2.35803},{"x":0.0,"y":0.0}]
    }
  ],
  "Displays": null
}