{
  "DLSVersion": "2.1.6",
  "Name": "ADD-8",
  "NameLocation": 0,
  "ChipType": 0,
  "Size": {
    "x": 1.175,
    "y": 1.25
  },
  "Colour": {
    "r": 0.768099844,
    "g": 0.258583724,
    "b": 0.8046065,
    "a": 1
  },
  "InputPins":[
    {
      "Name":"IN",
      "ID":323717979,
      "Position":{
        "x":-2.95812,
        "y":2.90568
      },
      "BitCount":8,
      "Colour":0,
      "ValueDisplayMode":0
    },
    {
      "Name":"IN",
      "ID":1424414258,
      "Position":{
        "x":-3.11802,
        "y":0.01603
      },
      "BitCount":8,
      "Colour":0,
      "ValueDisplayMode":0
    },
    {
      "Name":"Carry In",
      "ID":1466516582,
      "Position":{
        "x":-2.85622,
        "y":-2.11077
      },
      "BitCount":1,
      "Colour":0,
      "ValueDisplayMode":0
    }
  ],
  "OutputPins":[
    {
      "Name":"Carry Out",
      "ID":1356732077,
      "Position":{
        "x":18.37746,
        "y":-2.07055
      },
      "BitCount":1,
      "Colour":0,
      "ValueDisplayMode":0
    },
    {
      "Name":"OUT",
      "ID":624498342,
      "Position":{
        "x":20.48014,
        "y":-3.9432
      },
      "BitCount":8,
      "Colour":0,
      "ValueDisplayMode":0
    }
  ],
  "SubChips":[
    {
      "Name":"ADD",
      "ID":943433352,
      "Label":"",
      "Position":{
        "x":2.98727,
        "y":-1.81617
      },
      "OutputPinColourInfo":[{"PinColour":0,"PinID":1133397979},{"PinColour":0,"PinID":512308802}],
      "InternalData":null
    },
    {
      "Name":"ADD",
      "ID":249001903,
      "Label":"",
      "Position":{
        "x":4.81508,
        "y":-1.84701
      },
      "OutputPinColourInfo":[{"PinColour":0,"PinID":1133397979},{"PinColour":0,"PinID":512308802}],
      "InternalData":null
    },
    {
      "Name":"ADD",
      "ID":2030019224,
      "Label":"",
      "Position":{
        "x":6.64936,
        "y":-1.92038
      },
      "OutputPinColourInfo":[{"PinColour":0,"PinID":1133397979},{"PinColour":0,"PinID":512308802}],
      "InternalData":null
    },
    {
      "Name":"ADD",
      "ID":1091865769,
      "Label":"",
      "Position":{
        "x":8.45428,
        "y":-1.92038
      },
      "OutputPinColourInfo":[{"PinColour":0,"PinID":1133397979},{"PinColour":0,"PinID":512308802}],
      "InternalData":null
    },
    {
      "Name":"ADD",
      "ID":797149645,
      "Label":"",
      "Position":{
        "x":10.2592,
        "y":-1.9644
      },
      "OutputPinColourInfo":[{"PinColour":0,"PinID":1133397979},{"PinColour":0,"PinID":512308802}],
      "InternalData":null
    },
    {
      "Name":"ADD",
      "ID":1076946296,
      "Label":"",
      "Position":{
        "x":12.13749,
        "y":-1.97907
      },
      "OutputPinColourInfo":[{"PinColour":0,"PinID":1133397979},{"PinColour":0,"PinID":512308802}],
      "InternalData":null
    },
    {
      "Name":"ADD",
      "ID":578849952,
      "Label":"",
      "Position":{
        "x":14.04514,
        "y":-2.00842
      },
      "OutputPinColourInfo":[{"PinColour":0,"PinID":1133397979},{"PinColour":0,"PinID":512308802}],
      "InternalData":null
    },
    {
      "Name":"ADD",
      "ID":111456231,
      "Label":"",
      "Position":{
        "x":16.01147,
        "y":-2.00842
      },
      "OutputPinColourInfo":[{"PinColour":0,"PinID":1133397979},{"PinColour":0,"PinID":512308802}],
      "InternalData":null
    },
    {
      "Name":"8-1BIT",
      "ID":831032670,
      "Label":"",
      "Position":{
        "x":1.33277,
        "y":2.94003
      },
      "OutputPinColourInfo":[{"PinColour":0,"PinID":1},{"PinColour":0,"PinID":2},{"PinColour":0,"PinID":3},{"PinColour":0,"PinID":4},{"PinColour":0,"PinID":5},{"PinColour":0,"PinID":6},{"PinColour":0,"PinID":7},{"PinColour":0,"PinID":8}],
      "InternalData":null
    },
    {
      "Name":"8-1BIT",
      "ID":2081337988,
      "Label":"",
      "Position":{
        "x":1.38237,
        "y":0.04119
      },
      "OutputPinColourInfo":[{"PinColour":0,"PinID":1},{"PinColour":0,"PinID":2},{"PinColour":0,"PinID":3},{"PinColour":0,"PinID":4},{"PinColour":0,"PinID":5},{"PinColour":0,"PinID":6},{"PinColour":0,"PinID":7},{"PinColour":0,"PinID":8}],
      "InternalData":null
    },
    {
      "Name":"1-8BIT",
      "ID":1165855150,
      "Label":"",
      "Position":{
        "x":18.00102,
        "y":-3.94699
      },
      "OutputPinColourInfo":[{"PinColour":0,"PinID":8}],
      "InternalData":null
    }
  ],
  "Wires":[
    {
      "SourcePinAddress":{
        "PinID":512308802,
        "PinOwnerID":943433352
      },
      "TargetPinAddress":{
        "PinID":302516507,
        "PinOwnerID":249001903
      },
      "ConnectionType":0,
      "ConnectedWireIndex":-1,
      "ConnectedWireSegmentIndex":-1,
      "Points":[{"x":0.0,"y":0.0},{"x":0.0,"y":0.0}]
    },
    {
      "SourcePinAddress":{
        "PinID":512308802,
        "PinOwnerID":249001903
      },
      "TargetPinAddress":{
        "PinID":302516507,
        "PinOwnerID":2030019224
      },
      "ConnectionType":0,
      "ConnectedWireIndex":-1,
      "ConnectedWireSegmentIndex":-1,
      "Points":[{"x":0.0,"y":0.0},{"x":0.0,"y":0.0}]
    },
    {
      "SourcePinAddress":{
        "PinID":512308802,
        "PinOwnerID":2030019224
      },
      "TargetPinAddress":{
        "PinID":302516507,
        "PinOwnerID":1091865769
      },
      "ConnectionType":0,
      "ConnectedWireIndex":-1,
      "ConnectedWireSegmentIndex":-1,
      "Points":[{"x":0.0,"y":0.0},{"x":0.0,"y":0.0}]
    },
    {
      "SourcePinAddress":{
        "PinID":512308802,
        "PinOwnerID":1091865769
      },
      "TargetPinAddress":{
        "PinID":302516507,
        "PinOwnerID":797149645
      },
      "ConnectionType":0,
      "ConnectedWireIndex":-1,
      "ConnectedWireSegmentIndex":-1,
      "Points":[{"x":0.0,"y":0.0},{"x":0.0,"y":0.0}]
    },
    {
      "SourcePinAddress":{
        "PinID":512308802,
        "PinOwnerID":797149645
      },
      "TargetPinAddress":{
        "PinID":302516507,
        "PinOwnerID":1076946296
      },
      "ConnectionType":0,
      "ConnectedWireIndex":-1,
      "ConnectedWireSegmentIndex":-1,
      "Points":[{"x":0.0,"y":0.0},{"x":0.0,"y":0.0}]
    },
    {
      "SourcePinAddress":{
        "PinID":512308802,
        "PinOwnerID":1076946296
      },
      "TargetPinAddress":{
        "PinID":302516507,
        "PinOwnerID":578849952
      },
      "ConnectionType":0,
      "ConnectedWireIndex":-1,
      "ConnectedWireSegmentIndex":-1,
      "Points":[{"x":0.0,"y":0.0},{"x":0.0,"y":0.0}]
    },
    {
      "SourcePinAddress":{
        "PinID":512308802,
        "PinOwnerID":578849952
      },
      "TargetPinAddress":{
        "PinID":302516507,
        "PinOwnerID":111456231
      },
      "ConnectionType":0,
      "ConnectedWireIndex":-1,
      "ConnectedWireSegmentIndex":-1,
      "Points":[{"x":0.0,"y":0.0},{"x":0.0,"y":0.0}]
    },
    {
      "SourcePinAddress":{
        "PinID":0,
        "PinOwnerID":1466516582
      },
      "TargetPinAddress":{
        "PinID":302516507,
        "PinOwnerID":943433352
      },
      "ConnectionType":0,
      "ConnectedWireIndex":-1,
      "ConnectedWireSegmentIndex":-1,
      "Points":[{"x":0.0,"y":0.0},{"x":0.0,"y":0.0}]
    },
    {
      "SourcePinAddress":{
        "PinID":512308802,
        "PinOwnerID":111456231
      },
      "TargetPinAddress":{
        "PinID":0,
        "PinOwnerID":1356732077
      },
      "ConnectionType":0,
      "ConnectedWireIndex":-1,
      "ConnectedWireSegmentIndex":-1,
      "Points":[{"x":0.0,"y":0.0},{"x":0.0,"y":0.0}]
    },
    {
      "SourcePinAddress":{
        "PinID":0,
        "PinOwnerID":323717979
      },
      "TargetPinAddress":{
        "PinID":0,
        "PinOwnerID":831032670
      },
      "ConnectionType":0,
      "ConnectedWireIndex":-1,
      "ConnectedWireSegmentIndex":-1,
      "Points":[{"x":0.0,"y":0.0},{"x":0.0,"y":0.0}]
    },
    {
      "SourcePinAddress":{
        "PinID":0,
        "PinOwnerID":1424414258
      },
      "TargetPinAddress":{
        "PinID":0,
        "PinOwnerID":2081337988
      },
      "ConnectionType":0,
      "ConnectedWireIndex":-1,
      "ConnectedWireSegmentIndex":-1,
      "Points":[{"x":0.0,"y":0.0},{"x":0.0,"y":0.0}]
    },
    {
      "SourcePinAddress":{
        "PinID":1,
        "PinOwnerID":831032670
      },
      "TargetPinAddress":{
        "PinID":1861654678,
        "PinOwnerID":111456231
      },
      "ConnectionType":0,
      "ConnectedWireIndex":-1,
      "ConnectedWireSegmentIndex":-1,
      "Points":[{"x":0.0,"y":0.0},{"x":15.46851,"y":3.81503},{"x":15.46851,"y":-1.75736},{"x":0.0,"y":0.0}]
    },
    {
      "SourcePinAddress":{
        "PinID":1,
        "PinOwnerID":2081337988
      },
      "TargetPinAddress":{
        "PinID":1022082630,
        "PinOwnerID":111456231
      },
      "ConnectionType":0,
      "ConnectedWireIndex":-1,
      "ConnectedWireSegmentIndex":-1,
      "Points":[{"x":0.0,"y":0.0},{"x":15.17228,"y":0.91619},{"x":15.17228,"y":-2.01127},{"x":0.0,"y":0.0}]
    },
    {
      "SourcePinAddress":{
        "PinID":2,
        "PinOwnerID":831032670
      },
      "TargetPinAddress":{
        "PinID":1861654678,
        "PinOwnerID":578849952
      },
      "ConnectionType":0,
      "ConnectedWireIndex":-1,
      "ConnectedWireSegmentIndex":-1,
      "Points":[{"x":0.0,"y":0.0},{"x":13.375,"y":3.56503},{"x":13.375,"y":-1.75},{"x":0.0,"y":0.0}]
    },
    {
      "SourcePinAddress":{
        "PinID":2,
        "PinOwnerID":2081337988
      },
      "TargetPinAddress":{
        "PinID":1022082630,
        "PinOwnerID":578849952
      },
      "ConnectionType":0,
      "ConnectedWireIndex":-1,
      "ConnectedWireSegmentIndex":-1,
      "Points":[{"x":0.0,"y":0.0},{"x":13.1875,"y":0.66619},{"x":13.1875,"y":-1.9375},{"x":0.0,"y":0.0}]
    },
    {
      "SourcePinAddress":{
        "PinID":3,
        "PinOwnerID":831032670
      },
      "TargetPinAddress":{
        "PinID":1861654678,
        "PinOwnerID":1076946296
      },
      "ConnectionType":0,
      "ConnectedWireIndex":-1,
      "ConnectedWireSegmentIndex":-1,
      "Points":[{"x":0.0,"y":0.0},{"x":11.4375,"y":3.31503},{"x":11.4375,"y":-1.75},{"x":0.0,"y":0.0}]
    },
    {
      "SourcePinAddress":{
        "PinID":3,
        "PinOwnerID":2081337988
      },
      "TargetPinAddress":{
        "PinID":1022082630,
        "PinOwnerID":1076946296
      },
      "ConnectionType":0,
      "ConnectedWireIndex":-1,
      "ConnectedWireSegmentIndex":-1,
      "Points":[{"x":0.0,"y":0.0},{"x":11.25,"y":0.41619},{"x":11.25,"y":-2.0},{"x":0.0,"y":0.0}]
    },
    {
      "SourcePinAddress":{
        "PinID":4,
        "PinOwnerID":831032670
      },
      "TargetPinAddress":{
        "PinID":1861654678,
        "PinOwnerID":797149645
      },
      "ConnectionType":0,
      "ConnectedWireIndex":-1,
      "ConnectedWireSegmentIndex":-1,
      "Points":[{"x":0.0,"y":0.0},{"x":9.6875,"y":3.06503},{"x":9.6875,"y":-1.75},{"x":0.0,"y":0.0}]
    },
    {
      "SourcePinAddress":{
        "PinID":4,
        "PinOwnerID":2081337988
      },
      "TargetPinAddress":{
        "PinID":1022082630,
        "PinOwnerID":797149645
      },
      "ConnectionType":0,
      "ConnectedWireIndex":-1,
      "ConnectedWireSegmentIndex":-1,
      "Points":[{"x":0.0,"y":0.0},{"x":9.4375,"y":0.16619},{"x":9.4375,"y":-1.875},{"x":0.0,"y":0.0}]
    },
    {
      "SourcePinAddress":{
        "PinID":5,
        "PinOwnerID":831032670
      },
      "TargetPinAddress":{
        "PinID":1861654678,
        "PinOwnerID":1091865769
      },
      "ConnectionType":0,
      "ConnectedWireIndex":-1,
      "ConnectedWireSegmentIndex":-1,
      "Points":[{"x":0.0,"y":0.0},{"x":7.75,"y":2.81503},{"x":7.75,"y":-1.625},{"x":0.0,"y":0.0}]
    },
    {
      "SourcePinAddress":{
        "PinID":5,
        "PinOwnerID":2081337988
      },
      "TargetPinAddress":{
        "PinID":1022082630,
        "PinOwnerID":1091865769
      },
      "ConnectionType":0,
      "ConnectedWireIndex":-1,
      "ConnectedWireSegmentIndex":-1,
      "Points":[{"x":0.0,"y":0.0},{"x":7.5625,"y":-0.08381},{"x":7.5625,"y":-1.875},{"x":0.0,"y":0.0}]
    },
    {
      "SourcePinAddress":{
        "PinID":6,
        "PinOwnerID":831032670
      },
      "TargetPinAddress":{
        "PinID":1861654678,
        "PinOwnerID":2030019224
      },
      "ConnectionType":0,
      "ConnectedWireIndex":-1,
      "ConnectedWireSegmentIndex":-1,
      "Points":[{"x":0.0,"y":0.0},{"x":6.0,"y":2.56503},{"x":6.0,"y":-1.625},{"x":0.0,"y":0.0}]
    },
    {
      "SourcePinAddress":{
        "PinID":6,
        "PinOwnerID":2081337988
      },
      "TargetPinAddress":{
        "PinID":1022082630,
        "PinOwnerID":2030019224
      },
      "ConnectionType":0,
      "ConnectedWireIndex":-1,
      "ConnectedWireSegmentIndex":-1,
      "Points":[{"x":0.0,"y":0.0},{"x":5.8125,"y":-0.33381},{"x":5.8125,"y":-1.875},{"x":0.0,"y":0.0}]
    },
    {
      "SourcePinAddress":{
        "PinID":7,
        "PinOwnerID":831032670
      },
      "TargetPinAddress":{
        "PinID":1861654678,
        "PinOwnerID":249001903
      },
      "ConnectionType":0,
      "ConnectedWireIndex":-1,
      "ConnectedWireSegmentIndex":-1,
      "Points":[{"x":0.0,"y":0.0},{"x":4.25,"y":2.31503},{"x":4.25,"y":-1.5625},{"x":0.0,"y":0.0}]
    },
    {
      "SourcePinAddress":{
        "PinID":7,
        "PinOwnerID":2081337988
      },
      "TargetPinAddress":{
        "PinID":1022082630,
        "PinOwnerID":249001903
      },
      "ConnectionType":0,
      "ConnectedWireIndex":-1,
      "ConnectedWireSegmentIndex":-1,
      "Points":[{"x":0.0,"y":0.0},{"x":4.125,"y":-0.58381},{"x":4.125,"y":-1.75},{"x":0.0,"y":0.0}]
    },
    {
      "SourcePinAddress":{
        "PinID":8,
        "PinOwnerID":831032670
      },
      "TargetPinAddress":{
        "PinID":1861654678,
        "PinOwnerID":943433352
      },
      "ConnectionType":0,
      "ConnectedWireIndex":-1,
      "ConnectedWireSegmentIndex":-1,
      "Points":[{"x":0.0,"y":0.0},{"x":2.41793,"y":2.06503},{"x":2.41793,"y":-1.50793},{"x":0.0,"y":0.0}]
    },
    {
      "SourcePinAddress":{
        "PinID":8,
        "PinOwnerID":2081337988
      },
      "TargetPinAddress":{
        "PinID":1022082630,
        "PinOwnerID":943433352
      },
      "ConnectionType":0,
      "ConnectedWireIndex":-1,
      "ConnectedWireSegmentIndex":-1,
      "Points":[{"x":0.0,"y":0.0},{"x":2.23745,"y":-0.83381},{"x":2.23745,"y":-1.75782},{"x":0.0,"y":0.0}]
    },
    {
      "SourcePinAddress":{
        "PinID":1133397979,
        "PinOwnerID":111456231
      },
      "TargetPinAddress":{
        "PinID":0,
        "PinOwnerID":1165855150
      },
      "ConnectionType":0,
      "ConnectedWireIndex":-1,
      "ConnectedWireSegmentIndex":-1,
      "Points":[{"x":0.0,"y":0.0},{"x":16.68811,"y":-1.72633},{"x":16.68811,"y":-3.07199},{"x":0.0,"y":0.0}]
    },
    {
      "SourcePinAddress":{
        "PinID":1133397979,
        "PinOwnerID":578849952
      },
      "TargetPinAddress":{
        "PinID":1,
        "PinOwnerID":1165855150
      },
      "ConnectionType":0,
      "ConnectedWireIndex":-1,
      "ConnectedWireSegmentIndex":-1,
      "Points":[{"x":0.0,"y":0.0},{"x":14.6925,"y":-1.69307},{"x":14.6925,"y":-3.32199},{"x":0.0,"y":0.0}]
    },
    {
      "SourcePinAddress":{
        "PinID":1133397979,
        "PinOwnerID":1076946296
      },
      "TargetPinAddress":{
        "PinID":2,
        "PinOwnerID":1165855150
      },
      "ConnectionType":0,
      "ConnectedWireIndex":-1,
      "ConnectedWireSegmentIndex":-1,
      "Points":[{"x":0.0,"y":0.0},{"x":12.71352,"y":-1.72633},{"x":12.71352,"y":-3.57199},{"x":0.0,"y":0.0}]
    },
    {
      "SourcePinAddress":{
        "PinID":1133397979,
        "PinOwnerID":797149645
      },
      "TargetPinAddress":{
        "PinID":3,
        "PinOwnerID":1165855150
      },
      "ConnectionType":0,
      "ConnectedWireIndex":-1,
      "ConnectedWireSegmentIndex":-1,
      "Points":[{"x":0.0,"y":0.0},{"x":10.83432,"y":-1.69307},{"x":10.86758,"y":-1.69307},{"x":10.86758,"y":-3.82199},{"x":0.0,"y":0.0}]
    },
    {
      "SourcePinAddress":{
        "PinID":1133397979,
        "PinOwnerID":1091865769
      },
      "TargetPinAddress":{
        "PinID":4,
        "PinOwnerID":1165855150
      },
      "ConnectionType":0,
      "ConnectedWireIndex":-1,
      "ConnectedWireSegmentIndex":-1,
      "Points":[{"x":0.0,"y":0.0},{"x":9.12142,"y":-1.65981},{"x":9.12142,"y":-4.07199},{"x":0.0,"y":0.0}]
    },
    {
      "SourcePinAddress":{
        "PinID":1133397979,
        "PinOwnerID":2030019224
      },
      "TargetPinAddress":{
        "PinID":5,
        "PinOwnerID":1165855150
      },
      "ConnectionType":0,
      "ConnectedWireIndex":-1,
      "ConnectedWireSegmentIndex":-1,
      "Points":[{"x":0.0,"y":0.0},{"x":7.24222,"y":-1.64318},{"x":7.24222,"y":-4.32199},{"x":0.0,"y":0.0}]
    },
    {
      "SourcePinAddress":{
        "PinID":1133397979,
        "PinOwnerID":249001903
      },
      "TargetPinAddress":{
        "PinID":6,
        "PinOwnerID":1165855150
      },
      "ConnectionType":0,
      "ConnectedWireIndex":-1,
      "ConnectedWireSegmentIndex":-1,
      "Points":[{"x":0.0,"y":0.0},{"x":5.4628,"y":-1.51014},{"x":5.4628,"y":-4.57199},{"x":0.0,"y":0.0}]
    },
    {
      "SourcePinAddress":{
        "PinID":1133397979,
        "PinOwnerID":943433352
      },
      "TargetPinAddress":{
        "PinID":7,
        "PinOwnerID":1165855150
      },
      "ConnectionType":0,
      "ConnectedWireIndex":-1,
      "ConnectedWireSegmentIndex":-1,
      "Points":[{"x":0.0,"y":0.0},{"x":3.70001,"y":-1.5434},{"x":3.70001,"y":-4.82199},{"x":0.0,"y":0.0}]
    },
    {
      "SourcePinAddress":{
        "PinID":8,
        "PinOwnerID":1165855150
      },
      "TargetPinAddress":{
        "PinID":0,
        "PinOwnerID":624498342
      },
      "ConnectionType":0,
      "ConnectedWireIndex":-1,
      "ConnectedWireSegmentIndex":-1,
      "Points":[{"x":0.0,"y":0.0},{"x":0.0,"y":0.0}]
    }
  ],
  "Displays": null
}