{
  "DLSVersion": "2.1.6",
  "Name": "ADDSUB-8",
  "NameLocation": 0,
  "ChipType": 0,
  "Size": {
    "x": 1.325,
    "y": 1.25
  },
  "Colour": {
    "r": 0.6122412,
    "g": 0.5396875,
    "b": 0.7380012,
    "a": 1
  },
  "InputPins":[
    {
      "Name":"A",
      "ID":985372541,
      "Position":{
        "x":0.60815,
        "y":1.02341
      },
      "BitCount":8,
      "Colour":0,
      "ValueDisplayMode":1
    },
    {
      "Name":"B",
      "ID":2043158796,
      "Position":{
        "x":0.63769,
        "y":-0.29415
      },
      "BitCount":8,
      "Colour":0,
      "ValueDisplayMode":1
    },
    {
      "Name":"¬ADD/SUB",
      "ID":1305346476,
      "Position":{
        "x":0.65034,
        "y":-1.16546
      },
      "BitCount":1,
      "Colour":0,
      "ValueDisplayMode":0
    }
  ],
  "OutputPins":[
    {
      "Name":"OUT",
      "ID":1965964805,
      "Position":{
        "x":7.59782,
        "y":-0.20096
      },
      "BitCount":1,
      "Colour":0,
      "ValueDisplayMode":0
    },
    {
      "Name":"OUT",
      "ID":32332690,
      "Position":{
        "x":7.81252,
        "y":-0.96005
      },
      "BitCount":8,
      "Colour":0,
      "ValueDisplayMode":1
    }
  ],
  "SubChips":[
    {
      "Name":"CNOT-8",
      "ID":1627537755,
      "Label":"",
      "Position":{
        "x":3.05421,
        "y":-0.59697
      },
      "OutputPinColourInfo":[{"PinColour":0,"PinID":1729368722}],
      "InternalData":null
    },
    {
      "Name":"ADD-8",
      "ID":1583755000,
      "Label":"",
      "Position":{
        "x":5.0653,
        "y":-0.64108
      },
      "OutputPinColourInfo":[{"PinColour":0,"PinID":1356732077},{"PinColour":0,"PinID":624498342}],
      "InternalData":null
    }
  ],
  "Wires":[
    {
      "SourcePinAddress":{
        "PinID":0,
        "PinOwnerID":2043158796
      },
      "TargetPinAddress":{
        "PinID":1942213446,
        "PinOwnerID":1627537755
      },
      "ConnectionType":0,
      "ConnectedWireIndex":-1,
      "ConnectedWireSegmentIndex":-1,
      "Points":[{"x":0.0,"y":0.0},{"x":0.0,"y":0.0}]
    },
    {
      "SourcePinAddress":{
        "PinID":0,
        "PinOwnerID":985372541
      },
      "TargetPinAddress":{
        "PinID":323717979,
        "PinOwnerID":1583755000
      },
      "ConnectionType":0,
      "ConnectedWireIndex":-1,
      "ConnectedWireSegmentIndex":-1,
      "Points":[{"x":0.0,"y":0.0},{"x":0.0,"y":0.0}]
    },
    {
      "SourcePinAddress":{
        "PinID":1729368722,
        "PinOwnerID":1627537755
      },
      "TargetPinAddress":{
        "PinID":1424414258,
        "PinOwnerID":1583755000
      },
      "ConnectionType":0,
      "ConnectedWireIndex":-1,
      "ConnectedWireSegmentIndex":-1,
      "Points":[{"x":0.0,"y":0.0},{"x":0.0,"y":0.0}]
    },
    {
      "SourcePinAddress":{
        "PinID":0,
        "PinOwnerID":1305346476
      },
      "TargetPinAddress":{
        "PinID":1466516582,
        "PinOwnerID":1583755000
      },
      "ConnectionType":0,
      "ConnectedWireIndex":-1,
      "ConnectedWireSegmentIndex":-1,
      "Points":[{"x":0.0,"y":0.0},{"x":0.0,"y":0.0}]
    },
    {
      "SourcePinAddress":{
        "PinID":0,
        "PinOwnerID":1305346476
      },
      "TargetPinAddress":{
        "PinID":921021297,
        "PinOwnerID":1627537755
      },
      "ConnectionType":1,
      "ConnectedWireIndex":3,
      "ConnectedWireSegmentIndex":0,
      "Points":[{"x":2.05442,"y":-1.16026},{"x":2.05416,"y":-0.84697},{"x":0.0,"y":0.0}]
    },
    {
      "SourcePinAddress":{
        "PinID":624498342,
        "PinOwnerID":1583755000
      },
      "TargetPinAddress":{
        "PinID":0,
        "PinOwnerID":32332690
      },
      "ConnectionType":0,
      "ConnectedWireIndex":-1,
      "ConnectedWireSegmentIndex":-1,
      "Points":[{"x":0.0,"y":0.0},{"x":0.0,"y":0.0}]
    },
    {
      "SourcePinAddress":{
        "PinID":1356732077,
        "PinOwnerID":1583755000
      },
      "TargetPinAddress":{
        "PinID":0,
        "PinOwnerID":1965964805
      },
      "ConnectionType":0,
      "ConnectedWireIndex":-1,
      "ConnectedWireSegmentIndex":-1,
      "Points":[{"x":0.0,"y":0.0},{"x":0.0,"y":0.0}]
    }
  ],
  "Displays": null
}