{
  "DLSVersion": "2.1.6",
  "Name": "ALL-8",
  "NameLocation": 0,
  "ChipType": 0,
  "Size": {
    "x": 0.875,
    "y": 0.5
  },
  "Colour": {
    "r": 0.219203144,
    "g": 0.17502439,
    "b": 0.07113029,
    "a": 1
  },
  "InputPins":[
    {
      "Name":"IN",
      "ID":520441611,
      "Position":{
        "x":-5.35433,
        "y":1.87008
      },
      "BitCount":8,
      "Colour":0,
      "ValueDisplayMode":0
    }
  ],
  "OutputPins":[
    {
      "Name":"OUT",
      "ID":752343453,
      "Position":{
        "x":2.72638,
        "y":1.89961
      },
      "BitCount":1,
      "Colour":0,
      "ValueDisplayMode":0
    }
  ],
  "SubChips":[
    {
      "Name":"8-1BIT",
      "ID":195808875,
      "Label":"",
      "Position":{
        "x":-2.92323,
        "y":1.84055
      },
      "OutputPinColourInfo":[{"PinColour":0,"PinID":1},{"PinColour":0,"PinID":2},{"PinColour":0,"PinID":3},{"PinColour":0,"PinID":4},{"PinColour":0,"PinID":5},{"PinColour":0,"PinID":6},{"PinColour":0,"PinID":7},{"PinColour":0,"PinID":8}],
      "InternalData":null
    },
    {
      "Name":"AND",
      "ID":97523421,
      "Label":"",
      "Position":{
        "x":-1.48622,
        "y":2.66732
      },
      "OutputPinColourInfo":[{"PinColour":0,"PinID":406217789}],
      "InternalData":null
    },
    {
      "Name":"AND",
      "ID":19306998,
      "Label":"",
      "Position":{
        "x":-1.48622,
        "y":2.09646
      },
      "OutputPinColourInfo":[{"PinColour":0,"PinID":406217789}],
      "InternalData":null
    },
    {
      "Name":"AND",
      "ID":1149412125,
      "Label":"",
      "Position":{
        "x":-1.45669,
        "y":1.52559
      },
      "OutputPinColourInfo":[{"PinColour":0,"PinID":406217789}],
      "InternalData":null
    },
    {
      "Name":"AND",
      "ID":310722618,
      "Label":"",
      "Position":{
        "x":-1.44685,
        "y":0.95472
      },
      "OutputPinColourInfo":[{"PinColour":0,"PinID":406217789}],
      "InternalData":null
    },
    {
      "Name":"AND",
      "ID":1029766836,
      "Label":"",
      "Position":{
        "x":-0.36417,
        "y":2.40157
      },
      "OutputPinColourInfo":[{"PinColour":0,"PinID":406217789}],
      "InternalData":null
    },
    {
      "Name":"AND",
      "ID":675283551,
      "Label":"",
      "Position":{
        "x":-0.41339,
        "y":1.29921
      },
      "OutputPinColourInfo":[{"PinColour":0,"PinID":406217789}],
      "InternalData":null
    },
    {
      "Name":"AND",
      "ID":1221468959,
      "Label":"",
      "Position":{
        "x":0.65945,
        "y":1.85039
      },
      "OutputPinColourInfo":[{"PinColour":0,"PinID":406217789}],
      "InternalData":null
    }
  ],
  "Wires":[
    {
      "SourcePinAddress":{
        "PinID":0,
        "PinOwnerID":520441611
      },
      "TargetPinAddress":{
        "PinID":0,
        "PinOwnerID":195808875
      },
      "ConnectionType":0,
      "ConnectedWireIndex":-1,
      "ConnectedWireSegmentIndex":-1,
      "Points":[{"x":0.0,"y":0.0},{"x":0.0,"y":0.0}]
    },
    {
      "SourcePinAddress":{
        "PinID":1,
        "PinOwnerID":195808875
      },
      "TargetPinAddress":{
        "PinID":1792892232,
        "PinOwnerID":97523421
      },
      "ConnectionType":0,
      "ConnectedWireIndex":-1,
      "ConnectedWireSegmentIndex":-1,
      "Points":[{"x":0.0,"y":0.0},{"x":0.0,"y":0.0}]
    },
    {
      "SourcePinAddress":{
        "PinID":2,
        "PinOwnerID":195808875
      },
      "TargetPinAddress":{
        "PinID":1351959728,
        "PinOwnerID":97523421
      },
      "ConnectionType":0,
      "ConnectedWireIndex":-1,
      "ConnectedWireSegmentIndex":-1,
      "Points":[{"x":0.0,"y":0.0},{"x":0.0,"y":0.0}]
    },
    {
      "SourcePinAddress":{
        "PinID":3,
        "PinOwnerID":195808875
      },
      "TargetPinAddress":{
        "PinID":1792892232,
        "PinOwnerID":19306998
      },
      "ConnectionType":0,
      "ConnectedWireIndex":-1,
      "ConnectedWireSegmentIndex":-1,
      "Points":[{"x":0.0,"y":0.0},{"x":0.0,"y":0.0}]
    },
    {
      "SourcePinAddress":{
        "PinID":4,
        "PinOwnerID":195808875
      },
      "TargetPinAddress":{
        "PinID":1351959728,
        "PinOwnerID":19306998
      },
      "ConnectionType":0,
      "ConnectedWireIndex":-1,
      "ConnectedWireSegmentIndex":-1,
      "Points":[{"x":0.0,"y":0.0},{"x":0.0,"y":0.0}]
    },
    {
      "SourcePinAddress":{
        "PinID":5,
        "PinOwnerID":195808875
      },
      "TargetPinAddress":{
        "PinID":1792892232,
        "PinOwnerID":1149412125
      },
      "ConnectionType":0,
      "ConnectedWireIndex":-1,
      "ConnectedWireSegmentIndex":-1,
      "Points":[{"x":0.0,"y":0.0},{"x":0.0,"y":0.0}]
    },
    {
      "SourcePinAddress":{
        "PinID":6,
        "PinOwnerID":195808875
      },
      "TargetPinAddress":{
        "PinID":1351959728,
        "PinOwnerID":1149412125
      },
      "ConnectionType":0,
      "ConnectedWireIndex":-1,
      "ConnectedWireSegmentIndex":-1,
      "Points":[{"x":0.0,"y":0.0},{"x":0.0,"y":0.0}]
    },
    {
      "SourcePinAddress":{
        "PinID":7,
        "PinOwnerID":195808875
      },
      "TargetPinAddress":{
        "PinID":1792892232,
        "PinOwnerID":310722618
      },
      "ConnectionType":0,
      "ConnectedWireIndex":-1,
      "ConnectedWireSegmentIndex":-1,
      "Points":[{"x":0.0,"y":0.0},{"x":0.0,"y":0.0}]
    },
    {
      "SourcePinAddress":{
        "PinID":8,
        "PinOwnerID":195808875
      },
      "TargetPinAddress":{
        "PinID":1351959728,
        "PinOwnerID":310722618
      },
      "ConnectionType":0,
      "ConnectedWireIndex":-1,
      "ConnectedWireSegmentIndex":-1,
      "Points":[{"x":0.0,"y":0.0},{"x":0.0,"y":0.0}]
    },
    {
      "SourcePinAddress":{
        "PinID":406217789,
        "PinOwnerID":97523421
      },
      "TargetPinAddress":{
        "PinID":1792892232,
        "PinOwnerID":1029766836
      },
      "ConnectionType":0,
      "ConnectedWireIndex":-1,
      "ConnectedWireSegmentIndex":-1,
      "Points":[{"x":0.0,"y":0.0},{"x":0.0,"y":0.0}]
    },
    {
      "SourcePinAddress":{
        "PinID":406217789,
        "PinOwnerID":19306998
      },
      "TargetPinAddress":{
        "PinID":1351959728,
        "PinOwnerID":1029766836
      },
      "ConnectionType":0,
      "ConnectedWireIndex":-1,
      "ConnectedWireSegmentIndex":-1,
      "Points":[{"x":0.0,"y":0.0},{"x":0.0,"y":0.0}]
    },
    {
      "SourcePinAddress":{
        "PinID":406217789,
        "PinOwnerID":1149412125
      },
      "TargetPinAddress":{
        "PinID":1792892232,
        "PinOwnerID":675283551
      },
      "ConnectionType":0,
      "ConnectedWireIndex":-1,
      "ConnectedWireSegmentIndex":-1,
      "Points":[{"x":0.0,"y":0.0},{"x":0.0,"y":0.0}]
    },
    {
      "SourcePinAddress":{
        "PinID":406217789,
        "PinOwnerID":310722618
      },
      "TargetPinAddress":{
        "PinID":1351959728,
        "PinOwnerID":675283551
      },
      "ConnectionType":0,
      "ConnectedWireIndex":-1,
      "ConnectedWireSegmentIndex":-1,
      "Points":[{"x":0.0,"y":0.0},{"x":0.0,"y":0.0}]
    },
    {
      "SourcePinAddress":{
        "PinID":406217789,
        "PinOwnerID":1029766836
      },
      "TargetPinAddress":{
        "PinID":1792892232,
        "PinOwnerID":1221468959
      },
      "ConnectionType":0,
      "ConnectedWireIndex":-1,
      "ConnectedWireSegmentIndex":-1,
      "Points":[{"x":0.0,"y":0.0},{"x":0.0,"y":0.0}]
    },
    {
      "SourcePinAddress":{
        "PinID":406217789,
        "PinOwnerID":675283551
      },
      "TargetPinAddress":{
        "PinID":1351959728,
        "PinOwnerID":1221468959
      },
      "ConnectionType":0,
      "ConnectedWireIndex":-1,
      "ConnectedWireSegmentIndex":-1,
      "Points":[{"x":0.0,"y":0.0},{"x":0.0,"y":0.0}]
    },
    {
      "SourcePinAddress":{
        "PinID":406217789,
        "PinOwnerID":1221468959
      },
      "TargetPinAddress":{
        "PinID":0,
        "PinOwnerID":752343453
      },
      "ConnectionType":0,
      "ConnectedWireIndex":-1,
      "ConnectedWireSegmentIndex":-1,
      "Points":[{"x":0.0,"y":0.0},{"x":0.0,"y":0.0}]
    }
  ],
  "Displays": null
}