{
  "DLSVersion": "2.1.6",
  "Name": "AND",
  "NameLocation": 0,
  "ChipType": 0,
  "Size": {
    "x": 0.575,
    "y": 0.5
  },
  "Colour": {
    "r": 0.5329184,
    "g": 0.6403426,
    "b": 0.405652225,
    "a": 1
  },
  "InputPins":[
    {
      "Name":"IN",
      "ID":1792892232,
      "Position":{
        "x":-4.86221,
        "y":0.31496
      },
      "BitCount":1,
      "Colour":0,
      "ValueDisplayMode":0
    },
    {
      "Name":"IN",
      "ID":1351959728,
      "Position":{
        "x":-4.89173,
        "y":-0.30512
      },
      "BitCount":1,
      "Colour":0,
      "ValueDisplayMode":0
    }
  ],
  "OutputPins":[
    {
      "Name":"OUT",
      "ID":406217789,
      "Position":{
        "x":1.43701,
        "y":0.19685
      },
      "BitCount":1,
      "Colour":0,
      "ValueDisplayMode":0
    }
  ],
  "SubChips":[
    {
      "Name":"NAND",
      "ID":821309827,
      "Label":"",
      "Position":{
        "x":-2.51969,
        "y":0.05906
      },
      "OutputPinColourInfo":[{"PinColour":0,"PinID":2}],
      "InternalData":null
    },
    {
      "Name":"NAND",
      "ID":2073438565,
      "Label":"",
      "Position":{
        "x":-0.70866,
        "y":0.04921
      },
      "OutputPinColourInfo":[{"PinColour":0,"PinID":2}],
      "InternalData":null
    }
  ],
  "Wires":[
    {
      "SourcePinAddress":{
        "PinID":0,
        "PinOwnerID":1792892232
      },
      "TargetPinAddress":{
        "PinID":0,
        "PinOwnerID":821309827
      },
      "ConnectionType":0,
      "ConnectedWireIndex":-1,
      "ConnectedWireSegmentIndex":-1,
      "Points":[{"x":0.0,"y":0.0},{"x":0.0,"y":0.0}]
    },
    {
      "SourcePinAddress":{
        "PinID":0,
        "PinOwnerID":1351959728
      },
      "TargetPinAddress":{
        "PinID":1,
        "PinOwnerID":821309827
      },
      "ConnectionType":0,
      "ConnectedWireIndex":-1,
      "ConnectedWireSegmentIndex":-1,
      "Points":[{"x":0.0,"y":0.0},{"x":0.0,"y":0.0}]
    },
    {
      "SourcePinAddress":{
        "PinID":2,
        "PinOwnerID":821309827
      },
      "TargetPinAddress":{
        "PinID":0,
        "PinOwnerID":2073438565
      },
      "ConnectionType":0,
      "ConnectedWireIndex":-1,
      "ConnectedWireSegmentIndex":-1,
      "Points":[{"x":0.0,"y":0.0},{"x":0.0,"y":0.0}]
    },
    {
      "SourcePinAddress":{
        "PinID":2,
        "PinOwnerID":821309827
      },
      "TargetPinAddress":{
        "PinID":1,
        "PinOwnerID":2073438565
      },
      "ConnectionType":0,
      "ConnectedWireIndex":-1,
      "ConnectedWireSegmentIndex":-1,
      "Points":[{"x":0.0,"y":0.0},{"x":0.0,"y":0.0}]
    },
    {
      "SourcePinAddress":{
        "PinID":2,
        "PinOwnerID":2073438565
      },
      "TargetPinAddress":{
        "PinID":0,
        "PinOwnerID":406217789
      },
      "ConnectionType":0,
      "ConnectedWireIndex":-1,
      "ConnectedWireSegmentIndex":-1,
      "Points":[{"x":0.0,"y":0.0},{"x":0.0,"y":0.0}]
    }
  ],
  "Displays": null
}