{
  "DLSVersion": "2.1.6",
  "Name": "ANY-8",
  "NameLocation": 0,
  "ChipType": 0,
  "Size": {
    "x": 1.175,
    "y": 0.5
  },
  "Colour": {
    "r": 0.0959210843,
    "g": 0.212597966,
    "b": 0.189176559,
    "a": 1
  },
  "InputPins":[
    {
      "Name":"IN",
      "ID":1104547163,
      "Position":{
        "x":-4.94095,
        "y":-0.83661
      },
      "BitCount":8,
      "Colour":0,
      "ValueDisplayMode":0
    }
  ],
  "OutputPins":[
    {
      "Name":"OUT",
      "ID":151859881,
      "Position":{
        "x":3.44488,
        "y":-0.7185
      },
      "BitCount":1,
      "Colour":0,
      "ValueDisplayMode":0
    }
  ],
  "SubChips":[
    {
      "Name":"8-1BIT",
      "ID":879449668,
      "Label":"",
      "Position":{
        "x":-1.37795,
        "y":-0.70866
      },
      "OutputPinColourInfo":[{"PinColour":0,"PinID":1},{"PinColour":0,"PinID":2},{"PinColour":0,"PinID":3},{"PinColour":0,"PinID":4},{"PinColour":0,"PinID":5},{"PinColour":0,"PinID":6},{"PinColour":0,"PinID":7},{"PinColour":0,"PinID":8}],
      "InternalData":null
    },
    {
      "Name":"OR",
      "ID":1632902449,
      "Label":"",
      "Position":{
        "x":-0.02953,
        "y":0.09843
      },
      "OutputPinColourInfo":[{"PinColour":0,"PinID":1460349536}],
      "InternalData":null
    },
    {
      "Name":"OR",
      "ID":2116933002,
      "Label":"",
      "Position":{
        "x":-0.02953,
        "y":-0.4626
      },
      "OutputPinColourInfo":[{"PinColour":0,"PinID":1460349536}],
      "InternalData":null
    },
    {
      "Name":"OR",
      "ID":581438333,
      "Label":"",
      "Position":{
        "x":-0.02953,
        "y":-1.02362
      },
      "OutputPinColourInfo":[{"PinColour":0,"PinID":1460349536}],
      "InternalData":null
    },
    {
      "Name":"OR",
      "ID":459843426,
      "Label":"",
      "Position":{
        "x":-0.05906,
        "y":-1.5748
      },
      "OutputPinColourInfo":[{"PinColour":0,"PinID":1460349536}],
      "InternalData":null
    },
    {
      "Name":"OR",
      "ID":994632627,
      "Label":"",
      "Position":{
        "x":0.80709,
        "y":-0.16732
      },
      "OutputPinColourInfo":[{"PinColour":0,"PinID":1460349536}],
      "InternalData":null
    },
    {
      "Name":"OR",
      "ID":660853442,
      "Label":"",
      "Position":{
        "x":0.81693,
        "y":-1.24016
      },
      "OutputPinColourInfo":[{"PinColour":0,"PinID":1460349536}],
      "InternalData":null
    },
    {
      "Name":"OR",
      "ID":1505001967,
      "Label":"",
      "Position":{
        "x":1.7126,
        "y":-0.64961
      },
      "OutputPinColourInfo":[{"PinColour":0,"PinID":1460349536}],
      "InternalData":null
    }
  ],
  "Wires":[
    {
      "SourcePinAddress":{
        "PinID":1,
        "PinOwnerID":879449668
      },
      "TargetPinAddress":{
        "PinID":1595053635,
        "PinOwnerID":1632902449
      },
      "ConnectionType":0,
      "ConnectedWireIndex":-1,
      "ConnectedWireSegmentIndex":-1,
      "Points":[{"x":0.0,"y":0.0},{"x":0.0,"y":0.0}]
    },
    {
      "SourcePinAddress":{
        "PinID":2,
        "PinOwnerID":879449668
      },
      "TargetPinAddress":{
        "PinID":657869569,
        "PinOwnerID":1632902449
      },
      "ConnectionType":0,
      "ConnectedWireIndex":-1,
      "ConnectedWireSegmentIndex":-1,
      "Points":[{"x":0.0,"y":0.0},{"x":0.0,"y":0.0}]
    },
    {
      "SourcePinAddress":{
        "PinID":3,
        "PinOwnerID":879449668
      },
      "TargetPinAddress":{
        "PinID":1595053635,
        "PinOwnerID":2116933002
      },
      "ConnectionType":0,
      "ConnectedWireIndex":-1,
      "ConnectedWireSegmentIndex":-1,
      "Points":[{"x":0.0,"y":0.0},{"x":0.0,"y":0.0}]
    },
    {
      "SourcePinAddress":{
        "PinID":4,
        "PinOwnerID":879449668
      },
      "TargetPinAddress":{
        "PinID":657869569,
        "PinOwnerID":2116933002
      },
      "ConnectionType":0,
      "ConnectedWireIndex":-1,
      "ConnectedWireSegmentIndex":-1,
      "Points":[{"x":0.0,"y":0.0},{"x":0.0,"y":0.0}]
    },
    {
      "SourcePinAddress":{
        "PinID":5,
        "PinOwnerID":879449668
      },
      "TargetPinAddress":{
        "PinID":1595053635,
        "PinOwnerID":581438333
      },
      "ConnectionType":0,
      "ConnectedWireIndex":-1,
      "ConnectedWireSegmentIndex":-1,
      "Points":[{"x":0.0,"y":0.0},{"x":0.0,"y":0.0}]
    },
    {
      "SourcePinAddress":{
        "PinID":6,
        "PinOwnerID":879449668
      },
      "TargetPinAddress":{
        "PinID":657869569,
        "PinOwnerID":581438333
      },
      "ConnectionType":0,
      "ConnectedWireIndex":-1,
      "ConnectedWireSegmentIndex":-1,
      "Points":[{"x":0.0,"y":0.0},{"x":0.0,"y":0.0}]
    },
    {
      "SourcePinAddress":{
        "PinID":7,
        "PinOwnerID":879449668
      },
      "TargetPinAddress":{
        "PinID":1595053635,
        "PinOwnerID":459843426
      },
      "ConnectionType":0,
      "ConnectedWireIndex":-1,
      "ConnectedWireSegmentIndex":-1,
      "Points":[{"x":0.0,"y":0.0},{"x":0.0,"y":0.0}]
    },
    {
      "SourcePinAddress":{
        "PinID":8,
        "PinOwnerID":879449668
      },
      "TargetPinAddress":{
        "PinID":657869569,
        "PinOwnerID":459843426
      },
      "ConnectionType":0,
      "ConnectedWireIndex":-1,
      "ConnectedWireSegmentIndex":-1,
      "Points":[{"x":0.0,"y":0.0},{"x":0.0,"y":0.0}]
    },
    {
      "SourcePinAddress":{
        "PinID":1460349536,
        "PinOwnerID":581438333
      },
      "TargetPinAddress":{
        "PinID":1595053635,
        "PinOwnerID":660853442
      },
      "ConnectionType":0,
      "ConnectedWireIndex":-1,
      "ConnectedWireSegmentIndex":-1,
      "Points":[{"x":0.0,"y":0.0},{"x":0.0,"y":0.0}]
    },
    {
      "SourcePinAddress":{
        "PinID":1460349536,
        "PinOwnerID":459843426
      },
      "TargetPinAddress":{
        "PinID":657869569,
        "PinOwnerID":660853442
      },
      "ConnectionType":0,
      "ConnectedWireIndex":-1,
      "ConnectedWireSegmentIndex":-1,
      "Points":[{"x":0.0,"y":0.0},{"x":0.0,"y":0.0}]
    },
    {
      "SourcePinAddress":{
        "PinID":1460349536,
        "PinOwnerID":2116933002
      },
      "TargetPinAddress":{
        "PinID":657869569,
        "PinOwnerID":994632627
      },
      "ConnectionType":0,
      "ConnectedWireIndex":-1,
      "ConnectedWireSegmentIndex":-1,
      "Points":[{"x":0.0,"y":0.0},{"x":0.0,"y":0.0}]
    },
    {
      "SourcePinAddress":{
        "PinID":1460349536,
        "PinOwnerID":1632902449
      },
      "TargetPinAddress":{
        "PinID":1595053635,
        "PinOwnerID":994632627
      },
      "ConnectionType":0,
      "ConnectedWireIndex":-1,
      "ConnectedWireSegmentIndex":-1,
      "Points":[{"x":0.0,"y":0.0},{"x":0.0,"y":0.0}]
    },
    {
      "SourcePinAddress":{
        "PinID":1460349536,
        "PinOwnerID":660853442
      },
      "TargetPinAddress":{
        "PinID":657869569,
        "PinOwnerID":1505001967
      },
      "ConnectionType":0,
      "ConnectedWireIndex":-1,
      "ConnectedWireSegmentIndex":-1,
      "Points":[{"x":0.0,"y":0.0},{"x":0.0,"y":0.0}]
    },
    {
      "SourcePinAddress":{
        "PinID":1460349536,
        "PinOwnerID":994632627
      },
      "TargetPinAddress":{
        "PinID":1595053635,
        "PinOwnerID":1505001967
      },
      "ConnectionType":0,
      "ConnectedWireIndex":-1,
      "ConnectedWireSegmentIndex":-1,
      "Points":[{"x":0.0,"y":0.0},{"x":0.0,"y":0.0}]
    },
    {
      "SourcePinAddress":{
        "PinID":0,
        "PinOwnerID":1104547163
      },
      "TargetPinAddress":{
        "PinID":0,
        "PinOwnerID":879449668
      },
      "ConnectionType":0,
      "ConnectedWireIndex":-1,
      "ConnectedWireSegmentIndex":-1,
      "Points":[{"x":0.0,"y":0.0},{"x":0.0,"y":0.0}]
    },
    {
      "SourcePinAddress":{
        "PinID":1460349536,
        "PinOwnerID":1505001967
      },
      "TargetPinAddress":{
        "PinID":0,
        "PinOwnerID":151859881
      },
      "ConnectionType":0,
      "ConnectedWireIndex":-1,
      "ConnectedWireSegmentIndex":-1,
      "Points":[{"x":0.0,"y":0.0},{"x":0.0,"y":0.0}]
    }
  ],
  "Displays": null
}