{
  "DLSVersion": "2.1.6",
  "Name": "BARREL-8",
  "NameLocation": 0,
  "ChipType": 0,
  "Size": {
    "x": 1.325,
    "y": 1.5
  },
  "Colour": {
    "r": 0.7849518,
    "g": 0.4522374,
    "b": 0.3723491,
    "a": 1
  },
  "InputPins":[
    {
      "Name":"Clk",
      "ID":807420416,
      "Position":{
        "x":-9.95214,
        "y":12.17621
      },
      "BitCount":1,
      "Colour":0,
      "ValueDisplayMode":0
    },
    {
      "Name":"Shift In",
      "ID":1446130211,
      "Position":{
        "x":-9.98622,
        "y":11.57988
      },
      "BitCount":1,
      "Colour":0,
      "ValueDisplayMode":0
    },
    {
      "Name":"Write",
      "ID":1357911044,
      "Position":{
        "x":-10.02029,
        "y":10.94948
      },
      "BitCount":1,
      "Colour":0,
      "ValueDisplayMode":0
    },
    {
      "Name":"¬Right/Left",
      "ID":2010787096,
      "Position":{
        "x":-10.02029,
        "y":10.35315
      },
      "BitCount":1,
      "Colour":0,
      "ValueDisplayMode":0
    },
    {
      "Name":"IN",
      "ID":1501118011,
      "Position":{
        "x":-10.52609,
        "y":6.49328
      },
      "BitCount":8,
      "Colour":0,
      "ValueDisplayMode":0
    }
  ],
  "OutputPins":[
    {
      "Name":"Shift Out",
      "ID":1733309502,
      "Position":{
        "x":8.10452,
        "y":10.49236
      },
      "BitCount":1,
      "Colour":0,
      "ValueDisplayMode":0
    },
    {
      "Name":"OUT",
      "ID":1836432385,
      "Position":{
        "x":8.17379,
        "y":6.32023
      },
      "BitCount":8,
      "Colour":0,
      "ValueDisplayMode":0
    }
  ],
  "SubChips":[
    {
      "Name":"BARREL-4",
      "ID":385498551,
      "Label":"",
      "Position":{
        "x":-2.57721,
        "y":8.50401
      },
      "OutputPinColourInfo":[{"PinColour":0,"PinID":443483174},{"PinColour":0,"PinID":269015652}],
      "InternalData":null
    },
    {
      "Name":"BARREL-4",
      "ID":2061098383,
      "Label":"",
      "Position":{
        "x":3.05707,
        "y":8.76212
      },
      "OutputPinColourInfo":[{"PinColour":0,"PinID":443483174},{"PinColour":0,"PinID":269015652}],
      "InternalData":null
    },
    {
      "Name":"8-4BIT",
      "ID":105686971,
      "Label":"",
      "Position":{
        "x":-7.36179,
        "y":6.518
      },
      "OutputPinColourInfo":[{"PinColour":0,"PinID":1},{"PinColour":0,"PinID":2}],
      "InternalData":null
    },
    {
      "Name":"4-8BIT",
      "ID":874122709,
      "Label":"",
      "Position":{
        "x":5.91348,
        "y":6.34629
      },
      "OutputPinColourInfo":[{"PinColour":0,"PinID":2}],
      "InternalData":null
    },
    {
      "Name":"SELECT-2",
      "ID":1278379113,
      "Label":"",
      "Position":{
        "x":-4.86409,
        "y":8.85747
      },
      "OutputPinColourInfo":[{"PinColour":0,"PinID":1891561407}],
      "InternalData":null
    },
    {
      "Name":"SELECT-2",
      "ID":241264594,
      "Label":"",
      "Position":{
        "x":0.0827,
        "y":9.12307
      },
      "OutputPinColourInfo":[{"PinColour":0,"PinID":1891561407}],
      "InternalData":null
    },
    {
      "Name":"SELECT-2",
      "ID":1499372146,
      "Label":"",
      "Position":{
        "x":5.47501,
        "y":10.46812
      },
      "OutputPinColourInfo":[{"PinColour":0,"PinID":1891561407}],
      "InternalData":null
    }
  ],
  "Wires":[
    {
      "SourcePinAddress":{
        "PinID":0,
        "PinOwnerID":1501118011
      },
      "TargetPinAddress":{
        "PinID":0,
        "PinOwnerID":105686971
      },
      "ConnectionType":0,
      "ConnectedWireIndex":-1,
      "ConnectedWireSegmentIndex":-1,
      "Points":[{"x":0.0,"y":0.0},{"x":0.0,"y":0.0}]
    },
    {
      "SourcePinAddress":{
        "PinID":1,
        "PinOwnerID":105686971
      },
      "TargetPinAddress":{
        "PinID":275681288,
        "PinOwnerID":385498551
      },
      "ConnectionType":0,
      "ConnectedWireIndex":-1,
      "ConnectedWireSegmentIndex":-1,
      "Points":[{"x":0.0,"y":0.0},{"x":-4.08625,"y":6.7055},{"x":-4.08625,"y":7.97654},{"x":0.0,"y":0.0}]
    },
    {
      "SourcePinAddress":{
        "PinID":2,
        "PinOwnerID":105686971
      },
      "TargetPinAddress":{
        "PinID":275681288,
        "PinOwnerID":2061098383
      },
      "ConnectionType":0,
      "ConnectedWireIndex":-1,
      "ConnectedWireSegmentIndex":-1,
      "Points":[{"x":0.0,"y":0.0},{"x":1.15463,"y":6.3305},{"x":1.15463,"y":8.20214},{"x":0.0,"y":0.0}]
    },
    {
      "SourcePinAddress":{
        "PinID":2,
        "PinOwnerID":874122709
      },
      "TargetPinAddress":{
        "PinID":0,
        "PinOwnerID":1836432385
      },
      "ConnectionType":0,
      "ConnectedWireIndex":-1,
      "ConnectedWireSegmentIndex":-1,
      "Points":[{"x":0.0,"y":0.0},{"x":0.0,"y":0.0}]
    },
    {
      "SourcePinAddress":{
        "PinID":269015652,
        "PinOwnerID":2061098383
      },
      "TargetPinAddress":{
        "PinID":1,
        "PinOwnerID":874122709
      },
      "ConnectionType":0,
      "ConnectedWireIndex":-1,
      "ConnectedWireSegmentIndex":-1,
      "Points":[{"x":0.0,"y":0.0},{"x":4.42796,"y":8.19002},{"x":4.42796,"y":6.11067},{"x":0.0,"y":0.0}]
    },
    {
      "SourcePinAddress":{
        "PinID":269015652,
        "PinOwnerID":385498551
      },
      "TargetPinAddress":{
        "PinID":0,
        "PinOwnerID":874122709
      },
      "ConnectionType":0,
      "ConnectedWireIndex":-1,
      "ConnectedWireSegmentIndex":-1,
      "Points":[{"x":0.0,"y":0.0},{"x":0.44106,"y":7.94151},{"x":0.44106,"y":6.707},{"x":0.0,"y":0.0}]
    },
    {
      "SourcePinAddress":{
        "PinID":0,
        "PinOwnerID":2010787096
      },
      "TargetPinAddress":{
        "PinID":1350062405,
        "PinOwnerID":2061098383
      },
      "ConnectionType":0,
      "ConnectedWireIndex":-1,
      "ConnectedWireSegmentIndex":-1,
      "Points":[{"x":0.0,"y":0.0},{"x":-3.9888,"y":10.32271},{"x":1.69198,"y":10.35315},{"x":1.69198,"y":8.54143},{"x":0.0,"y":0.0}]
    },
    {
      "SourcePinAddress":{
        "PinID":1891561407,
        "PinOwnerID":1278379113
      },
      "TargetPinAddress":{
        "PinID":286840879,
        "PinOwnerID":385498551
      },
      "ConnectionType":0,
      "ConnectedWireIndex":-1,
      "ConnectedWireSegmentIndex":-1,
      "Points":[{"x":0.0,"y":0.0},{"x":0.0,"y":0.0}]
    },
    {
      "SourcePinAddress":{
        "PinID":0,
        "PinOwnerID":2010787096
      },
      "TargetPinAddress":{
        "PinID":950059019,
        "PinOwnerID":1278379113
      },
      "ConnectionType":1,
      "ConnectedWireIndex":6,
      "ConnectedWireSegmentIndex":0,
      "Points":[{"x":-5.97918,"y":10.33418},{"x":-5.97907,"y":9.04701},{"x":0.0,"y":0.0}]
    },
    {
      "SourcePinAddress":{
        "PinID":0,
        "PinOwnerID":1446130211
      },
      "TargetPinAddress":{
        "PinID":1759055145,
        "PinOwnerID":1278379113
      },
      "ConnectionType":0,
      "ConnectedWireIndex":-1,
      "ConnectedWireSegmentIndex":-1,
      "Points":[{"x":0.0,"y":0.0},{"x":-6.44866,"y":11.57988},{"x":-6.44866,"y":8.86861},{"x":0.0,"y":0.0}]
    },
    {
      "SourcePinAddress":{
        "PinID":443483174,
        "PinOwnerID":385498551
      },
      "TargetPinAddress":{
        "PinID":1759055145,
        "PinOwnerID":241264594
      },
      "ConnectionType":0,
      "ConnectedWireIndex":-1,
      "ConnectedWireSegmentIndex":-1,
      "Points":[{"x":0.0,"y":0.0},{"x":0.0,"y":0.0}]
    },
    {
      "SourcePinAddress":{
        "PinID":0,
        "PinOwnerID":2010787096
      },
      "TargetPinAddress":{
        "PinID":950059019,
        "PinOwnerID":241264594
      },
      "ConnectionType":1,
      "ConnectedWireIndex":6,
      "ConnectedWireSegmentIndex":1,
      "Points":[{"x":-0.87451,"y":10.3394},{"x":-0.87459,"y":9.37307},{"x":0.0,"y":0.0}]
    },
    {
      "SourcePinAddress":{
        "PinID":0,
        "PinOwnerID":1446130211
      },
      "TargetPinAddress":{
        "PinID":1646085438,
        "PinOwnerID":241264594
      },
      "ConnectionType":1,
      "ConnectedWireIndex":9,
      "ConnectedWireSegmentIndex":1,
      "Points":[{"x":-6.44866,"y":11.57082},{"x":-1.16541,"y":11.57082},{"x":-1.16541,"y":8.86861},{"x":0.0,"y":0.0}]
    },
    {
      "SourcePinAddress":{
        "PinID":1891561407,
        "PinOwnerID":241264594
      },
      "TargetPinAddress":{
        "PinID":286840879,
        "PinOwnerID":2061098383
      },
      "ConnectionType":0,
      "ConnectedWireIndex":-1,
      "ConnectedWireSegmentIndex":-1,
      "Points":[{"x":0.0,"y":0.0},{"x":0.0,"y":0.0}]
    },
    {
      "SourcePinAddress":{
        "PinID":0,
        "PinOwnerID":2010787096
      },
      "TargetPinAddress":{
        "PinID":1350062405,
        "PinOwnerID":385498551
      },
      "ConnectionType":1,
      "ConnectedWireIndex":6,
      "ConnectedWireSegmentIndex":1,
      "Points":[{"x":-3.94026,"y":10.32297},{"x":-3.94026,"y":8.26273},{"x":0.0,"y":0.0}]
    },
    {
      "SourcePinAddress":{
        "PinID":0,
        "PinOwnerID":1357911044
      },
      "TargetPinAddress":{
        "PinID":1845440409,
        "PinOwnerID":385498551
      },
      "ConnectionType":0,
      "ConnectedWireIndex":-1,
      "ConnectedWireSegmentIndex":-1,
      "Points":[{"x":0.0,"y":0.0},{"x":-3.74645,"y":10.94948},{"x":-3.74645,"y":8.60202},{"x":0.0,"y":0.0}]
    },
    {
      "SourcePinAddress":{
        "PinID":0,
        "PinOwnerID":1357911044
      },
      "TargetPinAddress":{
        "PinID":1845440409,
        "PinOwnerID":2061098383
      },
      "ConnectionType":1,
      "ConnectedWireIndex":15,
      "ConnectedWireSegmentIndex":0,
      "Points":[{"x":-3.7828,"y":10.94948},{"x":1.85186,"y":10.94948},{"x":1.85186,"y":8.78378},{"x":0.0,"y":0.0}]
    },
    {
      "SourcePinAddress":{
        "PinID":0,
        "PinOwnerID":807420416
      },
      "TargetPinAddress":{
        "PinID":517154503,
        "PinOwnerID":385498551
      },
      "ConnectionType":0,
      "ConnectedWireIndex":-1,
      "ConnectedWireSegmentIndex":-1,
      "Points":[{"x":0.0,"y":0.0},{"x":-3.51621,"y":12.17621},{"x":-3.51621,"y":9.09884},{"x":0.0,"y":0.0}]
    },
    {
      "SourcePinAddress":{
        "PinID":0,
        "PinOwnerID":807420416
      },
      "TargetPinAddress":{
        "PinID":517154503,
        "PinOwnerID":2061098383
      },
      "ConnectionType":1,
      "ConnectedWireIndex":17,
      "ConnectedWireSegmentIndex":0,
      "Points":[{"x":-3.5768,"y":12.17621},{"x":2.10633,"y":12.17621},{"x":2.10633,"y":9.35331},{"x":0.0,"y":0.0}]
    },
    {
      "SourcePinAddress":{
        "PinID":1891561407,
        "PinOwnerID":1499372146
      },
      "TargetPinAddress":{
        "PinID":0,
        "PinOwnerID":1733309502
      },
      "ConnectionType":0,
      "ConnectedWireIndex":-1,
      "ConnectedWireSegmentIndex":-1,
      "Points":[{"x":0.0,"y":0.0},{"x":0.0,"y":0.0}]
    },
    {
      "SourcePinAddress":{
        "PinID":0,
        "PinOwnerID":2010787096
      },
      "TargetPinAddress":{
        "PinID":950059019,
        "PinOwnerID":1499372146
      },
      "ConnectionType":1,
      "ConnectedWireIndex":6,
      "ConnectedWireSegmentIndex":1,
      "Points":[{"x":1.65788,"y":10.35297},{"x":0.0,"y":0.0}]
    },
    {
      "SourcePinAddress":{
        "PinID":443483174,
        "PinOwnerID":2061098383
      },
      "TargetPinAddress":{
        "PinID":1759055145,
        "PinOwnerID":1499372146
      },
      "ConnectionType":0,
      "ConnectedWireIndex":-1,
      "ConnectedWireSegmentIndex":-1,
      "Points":[{"x":0.0,"y":0.0},{"x":4.39655,"y":9.38712},{"x":4.39655,"y":10.45601},{"x":0.0,"y":0.0}]
    },
    {
      "SourcePinAddress":{
        "PinID":443483174,
        "PinOwnerID":385498551
      },
      "TargetPinAddress":{
        "PinID":1646085438,
        "PinOwnerID":1499372146
      },
      "ConnectionType":1,
      "ConnectedWireIndex":10,
      "ConnectedWireSegmentIndex":0,
      "Points":[{"x":-1.39562,"y":9.12718},{"x":-1.39562,"y":10.14095},{"x":0.0,"y":0.0}]
    },
    {
      "SourcePinAddress":{
        "PinID":443483174,
        "PinOwnerID":2061098383
      },
      "TargetPinAddress":{
        "PinID":1646085438,
        "PinOwnerID":1278379113
      },
      "ConnectionType":1,
      "ConnectedWireIndex":21,
      "ConnectedWireSegmentIndex":1,
      "Points":[{"x":4.39655,"y":9.90914},{"x":-5.75214,"y":9.90914},{"x":-5.75214,"y":8.54555},{"x":0.0,"y":0.0}]
    }
  ],
  "Displays": null
}