{
  "DLSVersion": "2.1.6",
  "Name": "Branch",
  "NameLocation": 0,
  "ChipType": 0,
  "Size": {
    "x": 1.325,
    "y": 2.0
  },
  "Colour": {
    "r": 0.6700258,
    "g": 0.422456563,
    "b": 0.7142185,
    "a": 1
  },
  "InputPins":[
    {
      "Name":"x---",
      "ID":1766997783,
      "Position":{
        "x":-5.48508,
        "y":7.2071
      },
      "BitCount":1,
      "Colour":0,
      "ValueDisplayMode":0
    },
    {
      "Name":"-x--",
      "ID":1288290155,
      "Position":{
        "x":-5.54045,
        "y":6.54265
      },
      "BitCount":1,
      "Colour":0,
      "ValueDisplayMode":0
    },
    {
      "Name":"--x-",
      "ID":1554906743,
      "Position":{
        "x":-5.54045,
        "y":5.94742
      },
      "BitCount":1,
      "Colour":0,
      "ValueDisplayMode":0
    },
    {
      "Name":"---x",
      "ID":1535840894,
      "Position":{
        "x":-5.54045,
        "y":5.28298
      },
      "BitCount":1,
      "Colour":0,
      "ValueDisplayMode":0
    },
    {
      "Name":"Zero",
      "ID":545431401,
      "Position":{
        "x":-6.03071,
        "y":-3.02791
      },
      "BitCount":1,
      "Colour":0,
      "ValueDisplayMode":0
    },
    {
      "Name":"Carry",
      "ID":1999507930,
      "Position":{
        "x":-6.01103,
        "y":-3.70704
      },
      "BitCount":1,
      "Colour":0,
      "ValueDisplayMode":0
    },
    {
      "Name":"Negative",
      "ID":1725711741,
      "Position":{
        "x":-6.06024,
        "y":-4.44523
      },
      "BitCount":1,
      "Colour":0,
      "ValueDisplayMode":0
    },
    {
      "Name":"Overflow",
      "ID":1743583038,
      "Position":{
        "x":-6.0504,
        "y":-5.11452
      },
      "BitCount":1,
      "Colour":0,
      "ValueDisplayMode":0
    }
  ],
  "OutputPins":[
    {
      "Name":"Branch taken?",
      "ID":999133088,
      "Position":{
        "x":18.48265,
        "y":6.60213
      },
      "BitCount":1,
      "Colour":0,
      "ValueDisplayMode":0
    }
  ],
  "SubChips":[
    {
      "Name":"DEMUX-16",
      "ID":966320757,
      "Label":"",
      "Position":{
        "x":-2.27359,
        "y":6.52881
      },
      "OutputPinColourInfo":[{"PinColour":0,"PinID":221599395},{"PinColour":0,"PinID":1151734468}],
      "InternalData":null
    },
    {
      "Name":"HI",
      "ID":761151920,
      "Label":"",
      "Position":{
        "x":-4.18387,
        "y":8.21761
      },
      "OutputPinColourInfo":[{"PinColour":0,"PinID":1575616495}],
      "InternalData":null
    },
    {
      "Name":"8-1BIT",
      "ID":571006312,
      "Label":"",
      "Position":{
        "x":-0.17162,
        "y":11.5388
      },
      "OutputPinColourInfo":[{"PinColour":0,"PinID":1},{"PinColour":0,"PinID":2},{"PinColour":0,"PinID":3},{"PinColour":0,"PinID":4},{"PinColour":0,"PinID":5},{"PinColour":0,"PinID":6},{"PinColour":0,"PinID":7},{"PinColour":0,"PinID":8}],
      "InternalData":null
    },
    {
      "Name":"8-1BIT",
      "ID":310416614,
      "Label":"",
      "Position":{
        "x":-0.18742,
        "y":2.01911
      },
      "OutputPinColourInfo":[{"PinColour":0,"PinID":1},{"PinColour":0,"PinID":2},{"PinColour":0,"PinID":3},{"PinColour":0,"PinID":4},{"PinColour":0,"PinID":5},{"PinColour":0,"PinID":6},{"PinColour":0,"PinID":7},{"PinColour":0,"PinID":8}],
      "InternalData":null
    },
    {
      "Name":"ANY-8",
      "ID":1651922024,
      "Label":"",
      "Position":{
        "x":13.12556,
        "y":8.29092
      },
      "OutputPinColourInfo":[{"PinColour":0,"PinID":151859881}],
      "InternalData":null
    },
    {
      "Name":"1-8BIT",
      "ID":1441830817,
      "Label":"",
      "Position":{
        "x":11.49815,
        "y":11.33128
      },
      "OutputPinColourInfo":[{"PinColour":0,"PinID":8}],
      "InternalData":null
    },
    {
      "Name":"1-8BIT",
      "ID":2085483714,
      "Label":"",
      "Position":{
        "x":10.9443,
        "y":1.89073
      },
      "OutputPinColourInfo":[{"PinColour":0,"PinID":8}],
      "InternalData":null
    },
    {
      "Name":"ANY-8",
      "ID":3462263,
      "Label":"",
      "Position":{
        "x":12.86255,
        "y":5.02407
      },
      "OutputPinColourInfo":[{"PinColour":0,"PinID":151859881}],
      "InternalData":null
    },
    {
      "Name":"OR",
      "ID":1373142501,
      "Label":"",
      "Position":{
        "x":15.07737,
        "y":6.67134
      },
      "OutputPinColourInfo":[{"PinColour":0,"PinID":1460349536}],
      "InternalData":null
    },
    {
      "Name":"AND",
      "ID":1084847795,
      "Label":"",
      "Position":{
        "x":2.3698,
        "y":14.72429
      },
      "OutputPinColourInfo":[{"PinColour":0,"PinID":406217789}],
      "InternalData":null
    },
    {
      "Name":"NULL",
      "ID":688759496,
      "Label":"",
      "Position":{
        "x":10.48222,
        "y":17.01528
      },
      "OutputPinColourInfo":[],
      "InternalData":null
    },
    {
      "Name":"NULL",
      "ID":1330484050,
      "Label":"",
      "Position":{
        "x":10.36553,
        "y":16.00395
      },
      "OutputPinColourInfo":[],
      "InternalData":null
    },
    {
      "Name":"NULL",
      "ID":232495011,
      "Label":"",
      "Position":{
        "x":10.44332,
        "y":16.43182
      },
      "OutputPinColourInfo":[],
      "InternalData":null
    },
    {
      "Name":"NULL",
      "ID":155232993,
      "Label":"",
      "Position":{
        "x":10.44332,
        "y":15.4205
      },
      "OutputPinColourInfo":[],
      "InternalData":null
    },
    {
      "Name":"AND",
      "ID":1833670964,
      "Label":"",
      "Position":{
        "x":3.11544,
        "y":13.95652
      },
      "OutputPinColourInfo":[{"PinColour":0,"PinID":406217789}],
      "InternalData":null
    },
    {
      "Name":"NOT",
      "ID":179780423,
      "Label":"",
      "Position":{
        "x":2.24307,
        "y":13.77383
      },
      "OutputPinColourInfo":[{"PinColour":0,"PinID":892159555}],
      "InternalData":null
    },
    {
      "Name":"AND",
      "ID":1338602975,
      "Label":"",
      "Position":{
        "x":4.44746,
        "y":13.19877
      },
      "OutputPinColourInfo":[{"PinColour":0,"PinID":406217789}],
      "InternalData":null
    },
    {
      "Name":"AND",
      "ID":880080414,
      "Label":"",
      "Position":{
        "x":5.17206,
        "y":12.5168
      },
      "OutputPinColourInfo":[{"PinColour":0,"PinID":406217789}],
      "InternalData":null
    },
    {
      "Name":"AND",
      "ID":1782570404,
      "Label":"",
      "Position":{
        "x":6.39748,
        "y":11.83483
      },
      "OutputPinColourInfo":[{"PinColour":0,"PinID":406217789}],
      "InternalData":null
    },
    {
      "Name":"AND",
      "ID":41157225,
      "Label":"",
      "Position":{
        "x":7.02617,
        "y":11.11023
      },
      "OutputPinColourInfo":[{"PinColour":0,"PinID":406217789}],
      "InternalData":null
    },
    {
      "Name":"AND",
      "ID":297932281,
      "Label":"",
      "Position":{
        "x":8.20897,
        "y":10.40865
      },
      "OutputPinColourInfo":[{"PinColour":0,"PinID":406217789}],
      "InternalData":null
    },
    {
      "Name":"AND",
      "ID":1828333905,
      "Label":"",
      "Position":{
        "x":9.05078,
        "y":9.68405
      },
      "OutputPinColourInfo":[{"PinColour":0,"PinID":406217789}],
      "InternalData":null
    },
    {
      "Name":"NOT",
      "ID":1748316549,
      "Label":"",
      "Position":{
        "x":4.22284,
        "y":12.40539
      },
      "OutputPinColourInfo":[{"PinColour":0,"PinID":892159555}],
      "InternalData":null
    },
    {
      "Name":"NOT",
      "ID":1446442534,
      "Label":"",
      "Position":{
        "x":6.21462,
        "y":10.97571
      },
      "OutputPinColourInfo":[{"PinColour":0,"PinID":892159555}],
      "InternalData":null
    },
    {
      "Name":"NOT",
      "ID":23050824,
      "Label":"",
      "Position":{
        "x":8.18196,
        "y":9.5949
      },
      "OutputPinColourInfo":[{"PinColour":0,"PinID":892159555}],
      "InternalData":null
    }
  ],
  "Wires":[
    {
      "SourcePinAddress":{
        "PinID":0,
        "PinOwnerID":1766997783
      },
      "TargetPinAddress":{
        "PinID":1850576156,
        "PinOwnerID":966320757
      },
      "ConnectionType":0,
      "ConnectedWireIndex":-1,
      "ConnectedWireSegmentIndex":-1,
      "Points":[{"x":0.0,"y":0.0},{"x":0.0,"y":0.0}]
    },
    {
      "SourcePinAddress":{
        "PinID":0,
        "PinOwnerID":1288290155
      },
      "TargetPinAddress":{
        "PinID":1003913874,
        "PinOwnerID":966320757
      },
      "ConnectionType":0,
      "ConnectedWireIndex":-1,
      "ConnectedWireSegmentIndex":-1,
      "Points":[{"x":0.0,"y":0.0},{"x":0.0,"y":0.0}]
    },
    {
      "SourcePinAddress":{
        "PinID":0,
        "PinOwnerID":1554906743
      },
      "TargetPinAddress":{
        "PinID":598510147,
        "PinOwnerID":966320757
      },
      "ConnectionType":0,
      "ConnectedWireIndex":-1,
      "ConnectedWireSegmentIndex":-1,
      "Points":[{"x":0.0,"y":0.0},{"x":0.0,"y":0.0}]
    },
    {
      "SourcePinAddress":{
        "PinID":0,
        "PinOwnerID":1535840894
      },
      "TargetPinAddress":{
        "PinID":1846659394,
        "PinOwnerID":966320757
      },
      "ConnectionType":0,
      "ConnectedWireIndex":-1,
      "ConnectedWireSegmentIndex":-1,
      "Points":[{"x":0.0,"y":0.0},{"x":0.0,"y":0.0}]
    },
    {
      "SourcePinAddress":{
        "PinID":1575616495,
        "PinOwnerID":761151920
      },
      "TargetPinAddress":{
        "PinID":1196331531,
        "PinOwnerID":966320757
      },
      "ConnectionType":0,
      "ConnectedWireIndex":-1,
      "ConnectedWireSegmentIndex":-1,
      "Points":[{"x":0.0,"y":0.0},{"x":0.0,"y":0.0}]
    },
    {
      "SourcePinAddress":{
        "PinID":221599395,
        "PinOwnerID":966320757
      },
      "TargetPinAddress":{
        "PinID":0,
        "PinOwnerID":571006312
      },
      "ConnectionType":0,
      "ConnectedWireIndex":-1,
      "ConnectedWireSegmentIndex":-1,
      "Points":[{"x":0.0,"y":0.0},{"x":0.0,"y":0.0}]
    },
    {
      "SourcePinAddress":{
        "PinID":1151734468,
        "PinOwnerID":966320757
      },
      "TargetPinAddress":{
        "PinID":0,
        "PinOwnerID":310416614
      },
      "ConnectionType":0,
      "ConnectedWireIndex":-1,
      "ConnectedWireSegmentIndex":-1,
      "Points":[{"x":0.0,"y":0.0},{"x":0.0,"y":0.0}]
    },
    {
      "SourcePinAddress":{
        "PinID":8,
        "PinOwnerID":1441830817
      },
      "TargetPinAddress":{
        "PinID":1104547163,
        "PinOwnerID":1651922024
      },
      "ConnectionType":0,
      "ConnectedWireIndex":-1,
      "ConnectedWireSegmentIndex":-1,
      "Points":[{"x":0.0,"y":0.0},{"x":0.0,"y":0.0}]
    },
    {
      "SourcePinAddress":{
        "PinID":8,
        "PinOwnerID":2085483714
      },
      "TargetPinAddress":{
        "PinID":1104547163,
        "PinOwnerID":3462263
      },
      "ConnectionType":0,
      "ConnectedWireIndex":-1,
      "ConnectedWireSegmentIndex":-1,
      "Points":[{"x":0.0,"y":0.0},{"x":0.0,"y":0.0}]
    },
    {
      "SourcePinAddress":{
        "PinID":151859881,
        "PinOwnerID":1651922024
      },
      "TargetPinAddress":{
        "PinID":1595053635,
        "PinOwnerID":1373142501
      },
      "ConnectionType":0,
      "ConnectedWireIndex":-1,
      "ConnectedWireSegmentIndex":-1,
      "Points":[{"x":0.0,"y":0.0},{"x":0.0,"y":0.0}]
    },
    {
      "SourcePinAddress":{
        "PinID":151859881,
        "PinOwnerID":3462263
      },
      "TargetPinAddress":{
        "PinID":657869569,
        "PinOwnerID":1373142501
      },
      "ConnectionType":0,
      "ConnectedWireIndex":-1,
      "ConnectedWireSegmentIndex":-1,
      "Points":[{"x":0.0,"y":0.0},{"x":0.0,"y":0.0}]
    },
    {
      "SourcePinAddress":{
        "PinID":1460349536,
        "PinOwnerID":1373142501
      },
      "TargetPinAddress":{
        "PinID":0,
        "PinOwnerID":999133088
      },
      "ConnectionType":0,
      "ConnectedWireIndex":-1,
      "ConnectedWireSegmentIndex":-1,
      "Points":[{"x":0.0,"y":0.0},{"x":0.0,"y":0.0}]
    },
    {
      "SourcePinAddress":{
        "PinID":0,
        "PinOwnerID":545431401
      },
      "TargetPinAddress":{
        "PinID":477618195,
        "PinOwnerID":688759496
      },
      "ConnectionType":0,
      "ConnectedWireIndex":-1,
      "ConnectedWireSegmentIndex":-1,
      "Points":[{"x":0.0,"y":0.0},{"x":1.497,"y":-3.02791},{"x":1.497,"y":17.05417},{"x":0.0,"y":0.0}]
    },
    {
      "SourcePinAddress":{
        "PinID":0,
        "PinOwnerID":1743583038
      },
      "TargetPinAddress":{
        "PinID":477618195,
        "PinOwnerID":155232993
      },
      "ConnectionType":0,
      "ConnectedWireIndex":-1,
      "ConnectedWireSegmentIndex":-1,
      "Points":[{"x":0.0,"y":0.0},{"x":7.64274,"y":-5.11452},{"x":7.64274,"y":15.4594},{"x":0.0,"y":0.0}]
    },
    {
      "SourcePinAddress":{
        "PinID":0,
        "PinOwnerID":1725711741
      },
      "TargetPinAddress":{
        "PinID":477618195,
        "PinOwnerID":1330484050
      },
      "ConnectionType":0,
      "ConnectedWireIndex":-1,
      "ConnectedWireSegmentIndex":-1,
      "Points":[{"x":0.0,"y":0.0},{"x":5.77567,"y":-4.44523},{"x":5.77567,"y":15.88726},{"x":0.0,"y":0.0}]
    },
    {
      "SourcePinAddress":{
        "PinID":0,
        "PinOwnerID":1999507930
      },
      "TargetPinAddress":{
        "PinID":477618195,
        "PinOwnerID":232495011
      },
      "ConnectionType":0,
      "ConnectedWireIndex":-1,
      "ConnectedWireSegmentIndex":-1,
      "Points":[{"x":0.0,"y":0.0},{"x":3.67523,"y":-3.70704},{"x":3.67523,"y":16.54851},{"x":0.0,"y":0.0}]
    },
    {
      "SourcePinAddress":{
        "PinID":1,
        "PinOwnerID":571006312
      },
      "TargetPinAddress":{
        "PinID":1792892232,
        "PinOwnerID":1084847795
      },
      "ConnectionType":0,
      "ConnectedWireIndex":-1,
      "ConnectedWireSegmentIndex":-1,
      "Points":[{"x":0.0,"y":0.0},{"x":1.19149,"y":14.90391},{"x":0.0,"y":0.0}]
    },
    {
      "SourcePinAddress":{
        "PinID":0,
        "PinOwnerID":545431401
      },
      "TargetPinAddress":{
        "PinID":1351959728,
        "PinOwnerID":1084847795
      },
      "ConnectionType":1,
      "ConnectedWireIndex":12,
      "ConnectedWireSegmentIndex":1,
      "Points":[{"x":1.497,"y":14.5993},{"x":0.0,"y":0.0}]
    },
    {
      "SourcePinAddress":{
        "PinID":406217789,
        "PinOwnerID":1084847795
      },
      "TargetPinAddress":{
        "PinID":0,
        "PinOwnerID":1441830817
      },
      "ConnectionType":0,
      "ConnectedWireIndex":-1,
      "ConnectedWireSegmentIndex":-1,
      "Points":[{"x":0.0,"y":0.0},{"x":8.95617,"y":14.72429},{"x":0.0,"y":0.0}]
    },
    {
      "SourcePinAddress":{
        "PinID":892159555,
        "PinOwnerID":179780423
      },
      "TargetPinAddress":{
        "PinID":1351959728,
        "PinOwnerID":1833670964
      },
      "ConnectionType":0,
      "ConnectedWireIndex":-1,
      "ConnectedWireSegmentIndex":-1,
      "Points":[{"x":0.0,"y":0.0},{"x":0.0,"y":0.0}]
    },
    {
      "SourcePinAddress":{
        "PinID":0,
        "PinOwnerID":545431401
      },
      "TargetPinAddress":{
        "PinID":113608822,
        "PinOwnerID":179780423
      },
      "ConnectionType":1,
      "ConnectedWireIndex":12,
      "ConnectedWireSegmentIndex":1,
      "Points":[{"x":1.497,"y":13.77383},{"x":0.0,"y":0.0}]
    },
    {
      "SourcePinAddress":{
        "PinID":2,
        "PinOwnerID":571006312
      },
      "TargetPinAddress":{
        "PinID":1792892232,
        "PinOwnerID":1833670964
      },
      "ConnectionType":0,
      "ConnectedWireIndex":-1,
      "ConnectedWireSegmentIndex":-1,
      "Points":[{"x":0.0,"y":0.0},{"x":1.29587,"y":14.11907},{"x":0.0,"y":0.0}]
    },
    {
      "SourcePinAddress":{
        "PinID":406217789,
        "PinOwnerID":1833670964
      },
      "TargetPinAddress":{
        "PinID":1,
        "PinOwnerID":1441830817
      },
      "ConnectionType":0,
      "ConnectedWireIndex":-1,
      "ConnectedWireSegmentIndex":-1,
      "Points":[{"x":0.0,"y":0.0},{"x":8.91771,"y":13.95652},{"x":0.0,"y":0.0}]
    },
    {
      "SourcePinAddress":{
        "PinID":892159555,
        "PinOwnerID":1748316549
      },
      "TargetPinAddress":{
        "PinID":1351959728,
        "PinOwnerID":880080414
      },
      "ConnectionType":0,
      "ConnectedWireIndex":-1,
      "ConnectedWireSegmentIndex":-1,
      "Points":[{"x":0.0,"y":0.0},{"x":0.0,"y":0.0}]
    },
    {
      "SourcePinAddress":{
        "PinID":0,
        "PinOwnerID":1999507930
      },
      "TargetPinAddress":{
        "PinID":113608822,
        "PinOwnerID":1748316549
      },
      "ConnectionType":1,
      "ConnectedWireIndex":15,
      "ConnectedWireSegmentIndex":1,
      "Points":[{"x":3.67523,"y":12.40539},{"x":0.0,"y":0.0}]
    },
    {
      "SourcePinAddress":{
        "PinID":892159555,
        "PinOwnerID":1446442534
      },
      "TargetPinAddress":{
        "PinID":1351959728,
        "PinOwnerID":41157225
      },
      "ConnectionType":0,
      "ConnectedWireIndex":-1,
      "ConnectedWireSegmentIndex":-1,
      "Points":[{"x":0.0,"y":0.0},{"x":0.0,"y":0.0}]
    },
    {
      "SourcePinAddress":{
        "PinID":0,
        "PinOwnerID":1725711741
      },
      "TargetPinAddress":{
        "PinID":113608822,
        "PinOwnerID":1446442534
      },
      "ConnectionType":1,
      "ConnectedWireIndex":14,
      "ConnectedWireSegmentIndex":1,
      "Points":[{"x":5.77567,"y":10.97571},{"x":0.0,"y":0.0}]
    },
    {
      "SourcePinAddress":{
        "PinID":892159555,
        "PinOwnerID":23050824
      },
      "TargetPinAddress":{
        "PinID":1351959728,
        "PinOwnerID":1828333905
      },
      "ConnectionType":0,
      "ConnectedWireIndex":-1,
      "ConnectedWireSegmentIndex":-1,
      "Points":[{"x":0.0,"y":0.0},{"x":0.0,"y":0.0}]
    },
    {
      "SourcePinAddress":{
        "PinID":0,
        "PinOwnerID":1743583038
      },
      "TargetPinAddress":{
        "PinID":113608822,
        "PinOwnerID":23050824
      },
      "ConnectionType":1,
      "ConnectedWireIndex":13,
      "ConnectedWireSegmentIndex":1,
      "Points":[{"x":7.64274,"y":9.5949},{"x":0.0,"y":0.0}]
    },
    {
      "SourcePinAddress":{
        "PinID":4,
        "PinOwnerID":571006312
      },
      "TargetPinAddress":{
        "PinID":1792892232,
        "PinOwnerID":880080414
      },
      "ConnectionType":0,
      "ConnectedWireIndex":-1,
      "ConnectedWireSegmentIndex":-1,
      "Points":[{"x":0.0,"y":0.0},{"x":1.29016,"y":12.6418},{"x":0.0,"y":0.0}]
    },
    {
      "SourcePinAddress":{
        "PinID":0,
        "PinOwnerID":1725711741
      },
      "TargetPinAddress":{
        "PinID":1351959728,
        "PinOwnerID":1782570404
      },
      "ConnectionType":1,
      "ConnectedWireIndex":14,
      "ConnectedWireSegmentIndex":1,
      "Points":[{"x":5.77567,"y":11.70983},{"x":0.0,"y":0.0}]
    },
    {
      "SourcePinAddress":{
        "PinID":0,
        "PinOwnerID":1743583038
      },
      "TargetPinAddress":{
        "PinID":1351959728,
        "PinOwnerID":297932281
      },
      "ConnectionType":1,
      "ConnectedWireIndex":13,
      "ConnectedWireSegmentIndex":1,
      "Points":[{"x":7.64274,"y":10.28365},{"x":0.0,"y":0.0}]
    },
    {
      "SourcePinAddress":{
        "PinID":0,
        "PinOwnerID":1999507930
      },
      "TargetPinAddress":{
        "PinID":1351959728,
        "PinOwnerID":1338602975
      },
      "ConnectionType":1,
      "ConnectedWireIndex":15,
      "ConnectedWireSegmentIndex":1,
      "Points":[{"x":3.67523,"y":13.07378},{"x":0.0,"y":0.0}]
    },
    {
      "SourcePinAddress":{
        "PinID":3,
        "PinOwnerID":571006312
      },
      "TargetPinAddress":{
        "PinID":1792892232,
        "PinOwnerID":1338602975
      },
      "ConnectionType":0,
      "ConnectedWireIndex":-1,
      "ConnectedWireSegmentIndex":-1,
      "Points":[{"x":0.0,"y":0.0},{"x":1.30238,"y":13.32377},{"x":0.0,"y":0.0}]
    },
    {
      "SourcePinAddress":{
        "PinID":5,
        "PinOwnerID":571006312
      },
      "TargetPinAddress":{
        "PinID":1792892232,
        "PinOwnerID":1782570404
      },
      "ConnectionType":0,
      "ConnectedWireIndex":-1,
      "ConnectedWireSegmentIndex":-1,
      "Points":[{"x":0.0,"y":0.0},{"x":1.2535,"y":11.95983},{"x":0.0,"y":0.0}]
    },
    {
      "SourcePinAddress":{
        "PinID":6,
        "PinOwnerID":571006312
      },
      "TargetPinAddress":{
        "PinID":1792892232,
        "PinOwnerID":41157225
      },
      "ConnectionType":0,
      "ConnectedWireIndex":-1,
      "ConnectedWireSegmentIndex":-1,
      "Points":[{"x":0.0,"y":0.0},{"x":1.21685,"y":11.23523},{"x":0.0,"y":0.0}]
    },
    {
      "SourcePinAddress":{
        "PinID":7,
        "PinOwnerID":571006312
      },
      "TargetPinAddress":{
        "PinID":1792892232,
        "PinOwnerID":297932281
      },
      "ConnectionType":0,
      "ConnectedWireIndex":-1,
      "ConnectedWireSegmentIndex":-1,
      "Points":[{"x":0.0,"y":0.0},{"x":1.22906,"y":10.53365},{"x":0.0,"y":0.0}]
    },
    {
      "SourcePinAddress":{
        "PinID":8,
        "PinOwnerID":571006312
      },
      "TargetPinAddress":{
        "PinID":1792892232,
        "PinOwnerID":1828333905
      },
      "ConnectionType":0,
      "ConnectedWireIndex":-1,
      "ConnectedWireSegmentIndex":-1,
      "Points":[{"x":0.0,"y":0.0},{"x":1.24128,"y":9.80905},{"x":0.0,"y":0.0}]
    },
    {
      "SourcePinAddress":{
        "PinID":406217789,
        "PinOwnerID":1338602975
      },
      "TargetPinAddress":{
        "PinID":2,
        "PinOwnerID":1441830817
      },
      "ConnectionType":0,
      "ConnectedWireIndex":-1,
      "ConnectedWireSegmentIndex":-1,
      "Points":[{"x":0.0,"y":0.0},{"x":9.44155,"y":13.19877},{"x":0.0,"y":0.0}]
    },
    {
      "SourcePinAddress":{
        "PinID":406217789,
        "PinOwnerID":880080414
      },
      "TargetPinAddress":{
        "PinID":3,
        "PinOwnerID":1441830817
      },
      "ConnectionType":0,
      "ConnectedWireIndex":-1,
      "ConnectedWireSegmentIndex":-1,
      "Points":[{"x":0.0,"y":0.0},{"x":9.62051,"y":12.5168},{"x":0.0,"y":0.0}]
    },
    {
      "SourcePinAddress":{
        "PinID":406217789,
        "PinOwnerID":1782570404
      },
      "TargetPinAddress":{
        "PinID":4,
        "PinOwnerID":1441830817
      },
      "ConnectionType":0,
      "ConnectedWireIndex":-1,
      "ConnectedWireSegmentIndex":-1,
      "Points":[{"x":0.0,"y":0.0},{"x":9.63329,"y":11.83483},{"x":0.0,"y":0.0}]
    },
    {
      "SourcePinAddress":{
        "PinID":406217789,
        "PinOwnerID":41157225
      },
      "TargetPinAddress":{
        "PinID":5,
        "PinOwnerID":1441830817
      },
      "ConnectionType":0,
      "ConnectedWireIndex":-1,
      "ConnectedWireSegmentIndex":-1,
      "Points":[{"x":0.0,"y":0.0},{"x":9.60773,"y":11.11023},{"x":0.0,"y":0.0}]
    },
    {
      "SourcePinAddress":{
        "PinID":406217789,
        "PinOwnerID":297932281
      },
      "TargetPinAddress":{
        "PinID":6,
        "PinOwnerID":1441830817
      },
      "ConnectionType":0,
      "ConnectedWireIndex":-1,
      "ConnectedWireSegmentIndex":-1,
      "Points":[{"x":0.0,"y":0.0},{"x":9.65886,"y":10.40865},{"x":0.0,"y":0.0}]
    },
    {
      "SourcePinAddress":{
        "PinID":406217789,
        "PinOwnerID":1828333905
      },
      "TargetPinAddress":{
        "PinID":7,
        "PinOwnerID":1441830817
      },
      "ConnectionType":0,
      "ConnectedWireIndex":-1,
      "ConnectedWireSegmentIndex":-1,
      "Points":[{"x":0.0,"y":0.0},{"x":9.70999,"y":9.68405},{"x":0.0,"y":0.0}]
    }
  ],
  "Displays": null
}