{
  "DLSVersion": "2.1.6",
  "Name": "CANCELLABLE",
  "NameLocation": 0,
  "ChipType": 0,
  "Size": {
    "x": 1.775,
    "y": 0.5
  },
  "Colour": {
    "r": 0.485894084,
    "g": 0.7082028,
    "b": 0.541794837,
    "a": 1
  },
  "InputPins":[
    {
      "Name":"RESET",
      "ID":208935828,
      "Position":{
        "x":-3.75,
        "y":0.65945
      },
      "BitCount":1,
      "Colour":0,
      "ValueDisplayMode":0
    },
    {
      "Name":"IN",
      "ID":1019788708,
      "Position":{
        "x":-3.77953,
        "y":-0.98425
      },
      "BitCount":1,
      "Colour":0,
      "ValueDisplayMode":0
    }
  ],
  "OutputPins":[
    {
      "Name":"OUT",
      "ID":1747701384,
      "Position":{
        "x":3.00197,
        "y":0.34449
      },
      "BitCount":1,
      "Colour":0,
      "ValueDisplayMode":0
    }
  ],
  "SubChips":[
    {
      "Name":"NOR",
      "ID":1848261558,
      "Label":"",
      "Position":{
        "x":0.08858,
        "y":-0.40354
      },
      "OutputPinColourInfo":[{"PinColour":0,"PinID":1590190963}],
      "InternalData":null
    },
    {
      "Name":"NOR",
      "ID":2082883937,
      "Label":"",
      "Position":{
        "x":0.0689,
        "y":-1.43701
      },
      "OutputPinColourInfo":[{"PinColour":0,"PinID":1590190963}],
      "InternalData":null
    },
    {
      "Name":"AND",
      "ID":1406673744,
      "Label":"",
      "Position":{
        "x":-1.16142,
        "y":0.19685
      },
      "OutputPinColourInfo":[{"PinColour":0,"PinID":406217789}],
      "InternalData":null
    },
    {
      "Name":"NOT",
      "ID":355355997,
      "Label":"",
      "Position":{
        "x":-1.35827,
        "y":-1.51575
      },
      "OutputPinColourInfo":[{"PinColour":0,"PinID":892159555}],
      "InternalData":null
    },
    {
      "Name":"AND",
      "ID":1243254364,
      "Label":"",
      "Position":{
        "x":1.25,
        "y":0.24606
      },
      "OutputPinColourInfo":[{"PinColour":0,"PinID":406217789}],
      "InternalData":null
    }
  ],
  "Wires":[
    {
      "SourcePinAddress":{
        "PinID":1590190963,
        "PinOwnerID":2082883937
      },
      "TargetPinAddress":{
        "PinID":1868568665,
        "PinOwnerID":1848261558
      },
      "ConnectionType":0,
      "ConnectedWireIndex":-1,
      "ConnectedWireSegmentIndex":-1,
      "Points":[{"x":0.0,"y":0.0},{"x":0.59055,"y":-1.43701},{"x":0.59055,"y":-1.21063},{"x":-0.62008,"y":-0.75787},{"x":-0.62008,"y":-0.57087},{"x":0.0,"y":0.0}]
    },
    {
      "SourcePinAddress":{
        "PinID":1590190963,
        "PinOwnerID":1848261558
      },
      "TargetPinAddress":{
        "PinID":237445463,
        "PinOwnerID":2082883937
      },
      "ConnectionType":0,
      "ConnectedWireIndex":-1,
      "ConnectedWireSegmentIndex":-1,
      "Points":[{"x":0.0,"y":0.0},{"x":0.62992,"y":-0.40354},{"x":0.62992,"y":-0.67913},{"x":-0.59055,"y":-1.10236},{"x":-0.59055,"y":-1.30906},{"x":0.0,"y":0.0}]
    },
    {
      "SourcePinAddress":{
        "PinID":0,
        "PinOwnerID":1019788708
      },
      "TargetPinAddress":{
        "PinID":1351959728,
        "PinOwnerID":1406673744
      },
      "ConnectionType":0,
      "ConnectedWireIndex":-1,
      "ConnectedWireSegmentIndex":-1,
      "Points":[{"x":0.0,"y":0.0},{"x":0.0,"y":0.0}]
    },
    {
      "SourcePinAddress":{
        "PinID":0,
        "PinOwnerID":208935828
      },
      "TargetPinAddress":{
        "PinID":1792892232,
        "PinOwnerID":1406673744
      },
      "ConnectionType":0,
      "ConnectedWireIndex":-1,
      "ConnectedWireSegmentIndex":-1,
      "Points":[{"x":0.0,"y":0.0},{"x":0.0,"y":0.0}]
    },
    {
      "SourcePinAddress":{
        "PinID":406217789,
        "PinOwnerID":1406673744
      },
      "TargetPinAddress":{
        "PinID":237445463,
        "PinOwnerID":1848261558
      },
      "ConnectionType":0,
      "ConnectedWireIndex":-1,
      "ConnectedWireSegmentIndex":-1,
      "Points":[{"x":0.0,"y":0.0},{"x":0.0,"y":0.0}]
    },
    {
      "SourcePinAddress":{
        "PinID":892159555,
        "PinOwnerID":355355997
      },
      "TargetPinAddress":{
        "PinID":1868568665,
        "PinOwnerID":2082883937
      },
      "ConnectionType":0,
      "ConnectedWireIndex":-1,
      "ConnectedWireSegmentIndex":-1,
      "Points":[{"x":0.0,"y":0.0},{"x":0.0,"y":0.0}]
    },
    {
      "SourcePinAddress":{
        "PinID":0,
        "PinOwnerID":1019788708
      },
      "TargetPinAddress":{
        "PinID":113608822,
        "PinOwnerID":355355997
      },
      "ConnectionType":0,
      "ConnectedWireIndex":-1,
      "ConnectedWireSegmentIndex":-1,
      "Points":[{"x":0.0,"y":0.0},{"x":0.0,"y":0.0}]
    },
    {
      "SourcePinAddress":{
        "PinID":1590190963,
        "PinOwnerID":1848261558
      },
      "TargetPinAddress":{
        "PinID":1351959728,
        "PinOwnerID":1243254364
      },
      "ConnectionType":1,
      "ConnectedWireIndex":1,
      "ConnectedWireSegmentIndex":1,
      "Points":[{"x":0.62992,"y":-0.41339},{"x":0.0,"y":0.0}]
    },
    {
      "SourcePinAddress":{
        "PinID":0,
        "PinOwnerID":1019788708
      },
      "TargetPinAddress":{
        "PinID":1792892232,
        "PinOwnerID":1243254364
      },
      "ConnectionType":0,
      "ConnectedWireIndex":-1,
      "ConnectedWireSegmentIndex":-1,
      "Points":[{"x":0.0,"y":0.0},{"x":0.0,"y":0.0}]
    },
    {
      "SourcePinAddress":{
        "PinID":406217789,
        "PinOwnerID":1243254364
      },
      "TargetPinAddress":{
        "PinID":0,
        "PinOwnerID":1747701384
      },
      "ConnectionType":0,
      "ConnectedWireIndex":-1,
      "ConnectedWireSegmentIndex":-1,
      "Points":[{"x":0.0,"y":0.0},{"x":0.0,"y":0.0}]
    }
  ],
  "Displays": null
}