{
  "DLSVersion": "2.1.6",
  "Name": "CNOT-8",
  "NameLocation": 0,
  "ChipType": 0,
  "Size": {
    "x": 1.025,
    "y": 0.75
  },
  "Colour": {
    "r": 0.178699344,
    "g": 0.1327048,
    "b": 0.6218505,
    "a": 1
  },
  "InputPins":[
    {
      "Name":"IN",
      "ID":1942213446,
      "Position":{
        "x":-0.32577,
        "y":0.76787
      },
      "BitCount":8,
      "Colour":0,
      "ValueDisplayMode":0
    },
    {
      "Name":"IN",
      "ID":921021297,
      "Position":{
        "x":-0.03207,
        "y":-1.62349
      },
      "BitCount":1,
      "Colour":0,
      "ValueDisplayMode":0
    }
  ],
  "OutputPins":[
    {
      "Name":"OUT",
      "ID":1729368722,
      "Position":{
        "x":8.22014,
        "y":0.72943
      },
      "BitCount":8,
      "Colour":0,
      "ValueDisplayMode":0
    }
  ],
  "SubChips":[
    {
      "Name":"XOR",
      "ID":114374205,
      "Label":"",
      "Position":{
        "x":4.02479,
        "y":2.75287
      },
      "OutputPinColourInfo":[{"PinColour":0,"PinID":552641111}],
      "InternalData":null
    },
    {
      "Name":"XOR",
      "ID":1646825440,
      "Label":"",
      "Position":{
        "x":4.02479,
        "y":2.17515
      },
      "OutputPinColourInfo":[{"PinColour":0,"PinID":552641111}],
      "InternalData":null
    },
    {
      "Name":"XOR",
      "ID":1871456620,
      "Label":"",
      "Position":{
        "x":4.01483,
        "y":1.59743
      },
      "OutputPinColourInfo":[{"PinColour":0,"PinID":552641111}],
      "InternalData":null
    },
    {
      "Name":"XOR",
      "ID":1844394230,
      "Label":"",
      "Position":{
        "x":4.03476,
        "y":1.01971
      },
      "OutputPinColourInfo":[{"PinColour":0,"PinID":552641111}],
      "InternalData":null
    },
    {
      "Name":"XOR",
      "ID":720852281,
      "Label":"",
      "Position":{
        "x":4.03476,
        "y":0.45195
      },
      "OutputPinColourInfo":[{"PinColour":0,"PinID":552641111}],
      "InternalData":null
    },
    {
      "Name":"XOR",
      "ID":708485218,
      "Label":"",
      "Position":{
        "x":4.02479,
        "y":-0.10585
      },
      "OutputPinColourInfo":[{"PinColour":0,"PinID":552641111}],
      "InternalData":null
    },
    {
      "Name":"XOR",
      "ID":160873344,
      "Label":"",
      "Position":{
        "x":4.00487,
        "y":-0.68357
      },
      "OutputPinColourInfo":[{"PinColour":0,"PinID":552641111}],
      "InternalData":null
    },
    {
      "Name":"XOR",
      "ID":1936948821,
      "Label":"",
      "Position":{
        "x":3.99094,
        "y":-1.25923
      },
      "OutputPinColourInfo":[{"PinColour":0,"PinID":552641111}],
      "InternalData":null
    },
    {
      "Name":"1-8BIT",
      "ID":992774547,
      "Label":"",
      "Position":{
        "x":5.84701,
        "y":0.74268
      },
      "OutputPinColourInfo":[{"PinColour":0,"PinID":8}],
      "InternalData":null
    },
    {
      "Name":"8-1BIT",
      "ID":294474315,
      "Label":"",
      "Position":{
        "x":1.82861,
        "y":0.74136
      },
      "OutputPinColourInfo":[{"PinColour":0,"PinID":1},{"PinColour":0,"PinID":2},{"PinColour":0,"PinID":3},{"PinColour":0,"PinID":4},{"PinColour":0,"PinID":5},{"PinColour":0,"PinID":6},{"PinColour":0,"PinID":7},{"PinColour":0,"PinID":8}],
      "InternalData":null
    }
  ],
  "Wires":[
    {
      "SourcePinAddress":{
        "PinID":0,
        "PinOwnerID":1942213446
      },
      "TargetPinAddress":{
        "PinID":0,
        "PinOwnerID":294474315
      },
      "ConnectionType":0,
      "ConnectedWireIndex":-1,
      "ConnectedWireSegmentIndex":-1,
      "Points":[{"x":0.0,"y":0.0},{"x":0.0,"y":0.0}]
    },
    {
      "SourcePinAddress":{
        "PinID":8,
        "PinOwnerID":992774547
      },
      "TargetPinAddress":{
        "PinID":0,
        "PinOwnerID":1729368722
      },
      "ConnectionType":0,
      "ConnectedWireIndex":-1,
      "ConnectedWireSegmentIndex":-1,
      "Points":[{"x":0.0,"y":0.0},{"x":0.0,"y":0.0}]
    },
    {
      "SourcePinAddress":{
        "PinID":1,
        "PinOwnerID":294474315
      },
      "TargetPinAddress":{
        "PinID":1769033089,
        "PinOwnerID":114374205
      },
      "ConnectionType":0,
      "ConnectedWireIndex":-1,
      "ConnectedWireSegmentIndex":-1,
      "Points":[{"x":0.0,"y":0.0},{"x":0.0,"y":0.0}]
    },
    {
      "SourcePinAddress":{
        "PinID":2,
        "PinOwnerID":294474315
      },
      "TargetPinAddress":{
        "PinID":1769033089,
        "PinOwnerID":1646825440
      },
      "ConnectionType":0,
      "ConnectedWireIndex":-1,
      "ConnectedWireSegmentIndex":-1,
      "Points":[{"x":0.0,"y":0.0},{"x":0.0,"y":0.0}]
    },
    {
      "SourcePinAddress":{
        "PinID":3,
        "PinOwnerID":294474315
      },
      "TargetPinAddress":{
        "PinID":1769033089,
        "PinOwnerID":1871456620
      },
      "ConnectionType":0,
      "ConnectedWireIndex":-1,
      "ConnectedWireSegmentIndex":-1,
      "Points":[{"x":0.0,"y":0.0},{"x":0.0,"y":0.0}]
    },
    {
      "SourcePinAddress":{
        "PinID":4,
        "PinOwnerID":294474315
      },
      "TargetPinAddress":{
        "PinID":1769033089,
        "PinOwnerID":1844394230
      },
      "ConnectionType":0,
      "ConnectedWireIndex":-1,
      "ConnectedWireSegmentIndex":-1,
      "Points":[{"x":0.0,"y":0.0},{"x":0.0,"y":0.0}]
    },
    {
      "SourcePinAddress":{
        "PinID":5,
        "PinOwnerID":294474315
      },
      "TargetPinAddress":{
        "PinID":1769033089,
        "PinOwnerID":720852281
      },
      "ConnectionType":0,
      "ConnectedWireIndex":-1,
      "ConnectedWireSegmentIndex":-1,
      "Points":[{"x":0.0,"y":0.0},{"x":0.0,"y":0.0}]
    },
    {
      "SourcePinAddress":{
        "PinID":6,
        "PinOwnerID":294474315
      },
      "TargetPinAddress":{
        "PinID":1769033089,
        "PinOwnerID":708485218
      },
      "ConnectionType":0,
      "ConnectedWireIndex":-1,
      "ConnectedWireSegmentIndex":-1,
      "Points":[{"x":0.0,"y":0.0},{"x":0.0,"y":0.0}]
    },
    {
      "SourcePinAddress":{
        "PinID":7,
        "PinOwnerID":294474315
      },
      "TargetPinAddress":{
        "PinID":1769033089,
        "PinOwnerID":160873344
      },
      "ConnectionType":0,
      "ConnectedWireIndex":-1,
      "ConnectedWireSegmentIndex":-1,
      "Points":[{"x":0.0,"y":0.0},{"x":0.0,"y":0.0}]
    },
    {
      "SourcePinAddress":{
        "PinID":8,
        "PinOwnerID":294474315
      },
      "TargetPinAddress":{
        "PinID":1769033089,
        "PinOwnerID":1936948821
      },
      "ConnectionType":0,
      "ConnectedWireIndex":-1,
      "ConnectedWireSegmentIndex":-1,
      "Points":[{"x":0.0,"y":0.0},{"x":0.0,"y":0.0}]
    },
    {
      "SourcePinAddress":{
        "PinID":552641111,
        "PinOwnerID":114374205
      },
      "TargetPinAddress":{
        "PinID":0,
        "PinOwnerID":992774547
      },
      "ConnectionType":0,
      "ConnectedWireIndex":-1,
      "ConnectedWireSegmentIndex":-1,
      "Points":[{"x":0.0,"y":0.0},{"x":0.0,"y":0.0}]
    },
    {
      "SourcePinAddress":{
        "PinID":552641111,
        "PinOwnerID":1646825440
      },
      "TargetPinAddress":{
        "PinID":1,
        "PinOwnerID":992774547
      },
      "ConnectionType":0,
      "ConnectedWireIndex":-1,
      "ConnectedWireSegmentIndex":-1,
      "Points":[{"x":0.0,"y":0.0},{"x":0.0,"y":0.0}]
    },
    {
      "SourcePinAddress":{
        "PinID":552641111,
        "PinOwnerID":1871456620
      },
      "TargetPinAddress":{
        "PinID":2,
        "PinOwnerID":992774547
      },
      "ConnectionType":0,
      "ConnectedWireIndex":-1,
      "ConnectedWireSegmentIndex":-1,
      "Points":[{"x":0.0,"y":0.0},{"x":0.0,"y":0.0}]
    },
    {
      "SourcePinAddress":{
        "PinID":552641111,
        "PinOwnerID":1844394230
      },
      "TargetPinAddress":{
        "PinID":3,
        "PinOwnerID":992774547
      },
      "ConnectionType":0,
      "ConnectedWireIndex":-1,
      "ConnectedWireSegmentIndex":-1,
      "Points":[{"x":0.0,"y":0.0},{"x":0.0,"y":0.0}]
    },
    {
      "SourcePinAddress":{
        "PinID":552641111,
        "PinOwnerID":720852281
      },
      "TargetPinAddress":{
        "PinID":4,
        "PinOwnerID":992774547
      },
      "ConnectionType":0,
      "ConnectedWireIndex":-1,
      "ConnectedWireSegmentIndex":-1,
      "Points":[{"x":0.0,"y":0.0},{"x":0.0,"y":0.0}]
    },
    {
      "SourcePinAddress":{
        "PinID":552641111,
        "PinOwnerID":708485218
      },
      "TargetPinAddress":{
        "PinID":5,
        "PinOwnerID":992774547
      },
      "ConnectionType":0,
      "ConnectedWireIndex":-1,
      "ConnectedWireSegmentIndex":-1,
      "Points":[{"x":0.0,"y":0.0},{"x":0.0,"y":0.0}]
    },
    {
      "SourcePinAddress":{
        "PinID":552641111,
        "PinOwnerID":160873344
      },
      "TargetPinAddress":{
        "PinID":6,
        "PinOwnerID":992774547
      },
      "ConnectionType":0,
      "ConnectedWireIndex":-1,
      "ConnectedWireSegmentIndex":-1,
      "Points":[{"x":0.0,"y":0.0},{"x":0.0,"y":0.0}]
    },
    {
      "SourcePinAddress":{
        "PinID":552641111,
        "PinOwnerID":1936948821
      },
      "TargetPinAddress":{
        "PinID":7,
        "PinOwnerID":992774547
      },
      "ConnectionType":0,
      "ConnectedWireIndex":-1,
      "ConnectedWireSegmentIndex":-1,
      "Points":[{"x":0.0,"y":0.0},{"x":0.0,"y":0.0}]
    },
    {
      "SourcePinAddress":{
        "PinID":0,
        "PinOwnerID":921021297
      },
      "TargetPinAddress":{
        "PinID":342646409,
        "PinOwnerID":114374205
      },
      "ConnectionType":0,
      "ConnectedWireIndex":-1,
      "ConnectedWireSegmentIndex":-1,
      "Points":[{"x":0.0,"y":0.0},{"x":3.27601,"y":-1.62349},{"x":3.27601,"y":2.65267},{"x":0.0,"y":0.0}]
    },
    {
      "SourcePinAddress":{
        "PinID":0,
        "PinOwnerID":921021297
      },
      "TargetPinAddress":{
        "PinID":342646409,
        "PinOwnerID":1646825440
      },
      "ConnectionType":1,
      "ConnectedWireIndex":18,
      "ConnectedWireSegmentIndex":1,
      "Points":[{"x":3.27601,"y":2.05015},{"x":0.0,"y":0.0}]
    },
    {
      "SourcePinAddress":{
        "PinID":0,
        "PinOwnerID":921021297
      },
      "TargetPinAddress":{
        "PinID":342646409,
        "PinOwnerID":1871456620
      },
      "ConnectionType":1,
      "ConnectedWireIndex":18,
      "ConnectedWireSegmentIndex":1,
      "Points":[{"x":3.27601,"y":1.47243},{"x":0.0,"y":0.0}]
    },
    {
      "SourcePinAddress":{
        "PinID":0,
        "PinOwnerID":921021297
      },
      "TargetPinAddress":{
        "PinID":342646409,
        "PinOwnerID":1844394230
      },
      "ConnectionType":1,
      "ConnectedWireIndex":18,
      "ConnectedWireSegmentIndex":1,
      "Points":[{"x":3.27601,"y":0.89471},{"x":0.0,"y":0.0}]
    },
    {
      "SourcePinAddress":{
        "PinID":0,
        "PinOwnerID":921021297
      },
      "TargetPinAddress":{
        "PinID":342646409,
        "PinOwnerID":720852281
      },
      "ConnectionType":1,
      "ConnectedWireIndex":18,
      "ConnectedWireSegmentIndex":1,
      "Points":[{"x":3.27601,"y":0.32695},{"x":0.0,"y":0.0}]
    },
    {
      "SourcePinAddress":{
        "PinID":0,
        "PinOwnerID":921021297
      },
      "TargetPinAddress":{
        "PinID":342646409,
        "PinOwnerID":708485218
      },
      "ConnectionType":1,
      "ConnectedWireIndex":18,
      "ConnectedWireSegmentIndex":1,
      "Points":[{"x":3.27601,"y":-0.23085},{"x":0.0,"y":0.0}]
    },
    {
      "SourcePinAddress":{
        "PinID":0,
        "PinOwnerID":921021297
      },
      "TargetPinAddress":{
        "PinID":342646409,
        "PinOwnerID":160873344
      },
      "ConnectionType":1,
      "ConnectedWireIndex":18,
      "ConnectedWireSegmentIndex":1,
      "Points":[{"x":3.27601,"y":-0.80857},{"x":0.0,"y":0.0}]
    },
    {
      "SourcePinAddress":{
        "PinID":0,
        "PinOwnerID":921021297
      },
      "TargetPinAddress":{
        "PinID":342646409,
        "PinOwnerID":1936948821
      },
      "ConnectionType":1,
      "ConnectedWireIndex":18,
      "ConnectedWireSegmentIndex":1,
      "Points":[{"x":3.27601,"y":-1.38423},{"x":0.0,"y":0.0}]
    }
  ],
  "Displays": null
}