{
  "DLSVersion": "2.1.6",
  "Name": "Compare",
  "NameLocation": 0,
  "ChipType": 0,
  "Size": {
    "x": 1.175,
    "y": 1.0
  },
  "Colour": {
    "r": 0.1921684,
    "g": 0.245810151,
    "b": 0.145422891,
    "a": 1
  },
  "InputPins":[
    {
      "Name":"A",
      "ID":2003731618,
      "Position":{
        "x":-6.45374,
        "y":2.96368
      },
      "BitCount":8,
      "Colour":0,
      "ValueDisplayMode":1
    },
    {
      "Name":"B",
      "ID":45507422,
      "Position":{
        "x":-6.54646,
        "y":0.22086
      },
      "BitCount":8,
      "Colour":0,
      "ValueDisplayMode":1
    }
  ],
  "OutputPins":[
    {
      "Name":"A>B",
      "ID":22490111,
      "Position":{
        "x":15.2919,
        "y":2.96615
      },
      "BitCount":1,
      "Colour":0,
      "ValueDisplayMode":0
    },
    {
      "Name":"A=B",
      "ID":1771138291,
      "Position":{
        "x":15.25631,
        "y":-1.45567
      },
      "BitCount":1,
      "Colour":0,
      "ValueDisplayMode":0
    },
    {
      "Name":"A<B",
      "ID":993270314,
      "Position":{
        "x":15.29418,
        "y":-2.20798
      },
      "BitCount":1,
      "Colour":0,
      "ValueDisplayMode":0
    }
  ],
  "SubChips":[
    {
      "Name":"8-1BIT",
      "ID":640529236,
      "Label":"",
      "Position":{
        "x":-2.97244,
        "y":2.93307
      },
      "OutputPinColourInfo":[{"PinColour":0,"PinID":1},{"PinColour":0,"PinID":2},{"PinColour":0,"PinID":3},{"PinColour":0,"PinID":4},{"PinColour":0,"PinID":5},{"PinColour":0,"PinID":6},{"PinColour":0,"PinID":7},{"PinColour":0,"PinID":8}],
      "InternalData":null
    },
    {
      "Name":"8-1BIT",
      "ID":1734326656,
      "Label":"",
      "Position":{
        "x":-2.97244,
        "y":0.8563
      },
      "OutputPinColourInfo":[{"PinColour":0,"PinID":1},{"PinColour":0,"PinID":2},{"PinColour":0,"PinID":3},{"PinColour":0,"PinID":4},{"PinColour":0,"PinID":5},{"PinColour":0,"PinID":6},{"PinColour":0,"PinID":7},{"PinColour":0,"PinID":8}],
      "InternalData":null
    },
    {
      "Name":"XNOR",
      "ID":450895912,
      "Label":"",
      "Position":{
        "x":0.08992,
        "y":4.73008
      },
      "OutputPinColourInfo":[{"PinColour":0,"PinID":773384218}],
      "InternalData":null
    },
    {
      "Name":"XNOR",
      "ID":197156658,
      "Label":"",
      "Position":{
        "x":0.1076,
        "y":3.79293
      },
      "OutputPinColourInfo":[{"PinColour":0,"PinID":773384218}],
      "InternalData":null
    },
    {
      "Name":"XNOR",
      "ID":620480853,
      "Label":"",
      "Position":{
        "x":0.10827,
        "y":2.93901
      },
      "OutputPinColourInfo":[{"PinColour":0,"PinID":773384218}],
      "InternalData":null
    },
    {
      "Name":"XNOR",
      "ID":381198841,
      "Label":"",
      "Position":{
        "x":0.11811,
        "y":2.12045
      },
      "OutputPinColourInfo":[{"PinColour":0,"PinID":773384218}],
      "InternalData":null
    },
    {
      "Name":"XNOR",
      "ID":231970707,
      "Label":"",
      "Position":{
        "x":0.09842,
        "y":1.34842
      },
      "OutputPinColourInfo":[{"PinColour":0,"PinID":773384218}],
      "InternalData":null
    },
    {
      "Name":"XNOR",
      "ID":1246817090,
      "Label":"",
      "Position":{
        "x":0.1011,
        "y":0.43029
      },
      "OutputPinColourInfo":[{"PinColour":0,"PinID":773384218}],
      "InternalData":null
    },
    {
      "Name":"XNOR",
      "ID":530871130,
      "Label":"",
      "Position":{
        "x":0.10827,
        "y":-0.4695
      },
      "OutputPinColourInfo":[{"PinColour":0,"PinID":773384218}],
      "InternalData":null
    },
    {
      "Name":"XNOR",
      "ID":1046960386,
      "Label":"",
      "Position":{
        "x":0.13646,
        "y":-1.4702
      },
      "OutputPinColourInfo":[{"PinColour":0,"PinID":773384218}],
      "InternalData":null
    },
    {
      "Name":"AND",
      "ID":74780327,
      "Label":"",
      "Position":{
        "x":1.34292,
        "y":3.92079
      },
      "OutputPinColourInfo":[{"PinColour":0,"PinID":406217789}],
      "InternalData":null
    },
    {
      "Name":"AND",
      "ID":1624059977,
      "Label":"",
      "Position":{
        "x":2.27573,
        "y":3.16696
      },
      "OutputPinColourInfo":[{"PinColour":0,"PinID":406217789}],
      "InternalData":null
    },
    {
      "Name":"AND",
      "ID":1391783409,
      "Label":"",
      "Position":{
        "x":3.32996,
        "y":2.3148
      },
      "OutputPinColourInfo":[{"PinColour":0,"PinID":406217789}],
      "InternalData":null
    },
    {
      "Name":"AND",
      "ID":1227603445,
      "Label":"",
      "Position":{
        "x":4.33852,
        "y":1.55148
      },
      "OutputPinColourInfo":[{"PinColour":0,"PinID":406217789}],
      "InternalData":null
    },
    {
      "Name":"AND",
      "ID":428530316,
      "Label":"",
      "Position":{
        "x":5.44373,
        "y":0.67406
      },
      "OutputPinColourInfo":[{"PinColour":0,"PinID":406217789}],
      "InternalData":null
    },
    {
      "Name":"AND",
      "ID":559145896,
      "Label":"",
      "Position":{
        "x":6.46209,
        "y":-0.32102
      },
      "OutputPinColourInfo":[{"PinColour":0,"PinID":406217789}],
      "InternalData":null
    },
    {
      "Name":"AND",
      "ID":650022534,
      "Label":"",
      "Position":{
        "x":7.57017,
        "y":-1.39168
      },
      "OutputPinColourInfo":[{"PinColour":0,"PinID":406217789}],
      "InternalData":null
    },
    {
      "Name":"AND",
      "ID":1250930061,
      "Label":"",
      "Position":{
        "x":2.42451,
        "y":4.64185
      },
      "OutputPinColourInfo":[{"PinColour":0,"PinID":406217789}],
      "InternalData":null
    },
    {
      "Name":"NOT",
      "ID":1224326979,
      "Label":"",
      "Position":{
        "x":1.32107,
        "y":4.45613
      },
      "OutputPinColourInfo":[{"PinColour":0,"PinID":892159555}],
      "InternalData":null
    },
    {
      "Name":"NOT",
      "ID":1636538166,
      "Label":"",
      "Position":{
        "x":1.1572,
        "y":5.25366
      },
      "OutputPinColourInfo":[{"PinColour":0,"PinID":892159555}],
      "InternalData":null
    },
    {
      "Name":"AND",
      "ID":310629209,
      "Label":"",
      "Position":{
        "x":2.63485,
        "y":5.59884
      },
      "OutputPinColourInfo":[{"PinColour":0,"PinID":406217789}],
      "InternalData":null
    },
    {
      "Name":"AND",
      "ID":777867977,
      "Label":"",
      "Position":{
        "x":3.38921,
        "y":4.84523
      },
      "OutputPinColourInfo":[{"PinColour":0,"PinID":406217789}],
      "InternalData":null
    },
    {
      "Name":"NOT",
      "ID":1419606851,
      "Label":"",
      "Position":{
        "x":2.52371,
        "y":3.69844
      },
      "OutputPinColourInfo":[{"PinColour":0,"PinID":892159555}],
      "InternalData":null
    },
    {
      "Name":"AND",
      "ID":1069687729,
      "Label":"",
      "Position":{
        "x":3.62521,
        "y":3.95863
      },
      "OutputPinColourInfo":[{"PinColour":0,"PinID":406217789}],
      "InternalData":null
    },
    {
      "Name":"AND",
      "ID":1892396610,
      "Label":"",
      "Position":{
        "x":4.7614,
        "y":4.18414
      },
      "OutputPinColourInfo":[{"PinColour":0,"PinID":406217789}],
      "InternalData":null
    },
    {
      "Name":"NOT",
      "ID":2047850410,
      "Label":"",
      "Position":{
        "x":3.37368,
        "y":2.81377
      },
      "OutputPinColourInfo":[{"PinColour":0,"PinID":892159555}],
      "InternalData":null
    },
    {
      "Name":"AND",
      "ID":1546309792,
      "Label":"",
      "Position":{
        "x":4.48386,
        "y":3.02192
      },
      "OutputPinColourInfo":[{"PinColour":0,"PinID":406217789}],
      "InternalData":null
    },
    {
      "Name":"AND",
      "ID":768213284,
      "Label":"",
      "Position":{
        "x":5.68944,
        "y":3.21273
      },
      "OutputPinColourInfo":[{"PinColour":0,"PinID":406217789}],
      "InternalData":null
    },
    {
      "Name":"NOT",
      "ID":78751911,
      "Label":"",
      "Position":{
        "x":4.37744,
        "y":2.05501
      },
      "OutputPinColourInfo":[{"PinColour":0,"PinID":892159555}],
      "InternalData":null
    },
    {
      "Name":"NOT",
      "ID":1930433393,
      "Label":"",
      "Position":{
        "x":5.43096,
        "y":1.21979
      },
      "OutputPinColourInfo":[{"PinColour":0,"PinID":892159555}],
      "InternalData":null
    },
    {
      "Name":"NOT",
      "ID":144412421,
      "Label":"",
      "Position":{
        "x":6.50346,
        "y":0.18525
      },
      "OutputPinColourInfo":[{"PinColour":0,"PinID":892159555}],
      "InternalData":null
    },
    {
      "Name":"NOT",
      "ID":174508573,
      "Label":"",
      "Position":{
        "x":7.63291,
        "y":-0.82081
      },
      "OutputPinColourInfo":[{"PinColour":0,"PinID":892159555}],
      "InternalData":null
    },
    {
      "Name":"AND",
      "ID":1128688809,
      "Label":"",
      "Position":{
        "x":5.4974,
        "y":2.21636
      },
      "OutputPinColourInfo":[{"PinColour":0,"PinID":406217789}],
      "InternalData":null
    },
    {
      "Name":"AND",
      "ID":229638417,
      "Label":"",
      "Position":{
        "x":6.55092,
        "y":1.40961
      },
      "OutputPinColourInfo":[{"PinColour":0,"PinID":406217789}],
      "InternalData":null
    },
    {
      "Name":"AND",
      "ID":1450768672,
      "Label":"",
      "Position":{
        "x":7.62342,
        "y":0.3466
      },
      "OutputPinColourInfo":[{"PinColour":0,"PinID":406217789}],
      "InternalData":null
    },
    {
      "Name":"AND",
      "ID":146931629,
      "Label":"",
      "Position":{
        "x":8.61999,
        "y":-0.62149
      },
      "OutputPinColourInfo":[{"PinColour":0,"PinID":406217789}],
      "InternalData":null
    },
    {
      "Name":"AND",
      "ID":1865517384,
      "Label":"",
      "Position":{
        "x":6.71227,
        "y":2.46313
      },
      "OutputPinColourInfo":[{"PinColour":0,"PinID":406217789}],
      "InternalData":null
    },
    {
      "Name":"AND",
      "ID":2002296704,
      "Label":"",
      "Position":{
        "x":7.83222,
        "y":1.62791
      },
      "OutputPinColourInfo":[{"PinColour":0,"PinID":406217789}],
      "InternalData":null
    },
    {
      "Name":"AND",
      "ID":497204014,
      "Label":"",
      "Position":{
        "x":9.02811,
        "y":0.50795
      },
      "OutputPinColourInfo":[{"PinColour":0,"PinID":406217789}],
      "InternalData":null
    },
    {
      "Name":"AND",
      "ID":1676628315,
      "Label":"",
      "Position":{
        "x":9.79689,
        "y":-0.36523
      },
      "OutputPinColourInfo":[{"PinColour":0,"PinID":406217789}],
      "InternalData":null
    },
    {
      "Name":"OR",
      "ID":196146840,
      "Label":"",
      "Position":{
        "x":4.48185,
        "y":5.41488
      },
      "OutputPinColourInfo":[{"PinColour":0,"PinID":1460349536}],
      "InternalData":null
    },
    {
      "Name":"OR",
      "ID":206454120,
      "Label":"",
      "Position":{
        "x":6.44652,
        "y":3.97222
      },
      "OutputPinColourInfo":[{"PinColour":0,"PinID":1460349536}],
      "InternalData":null
    },
    {
      "Name":"OR",
      "ID":1370776114,
      "Label":"",
      "Position":{
        "x":8.7149,
        "y":2.29229
      },
      "OutputPinColourInfo":[{"PinColour":0,"PinID":1460349536}],
      "InternalData":null
    },
    {
      "Name":"OR",
      "ID":1916109989,
      "Label":"",
      "Position":{
        "x":10.67008,
        "y":0.451
      },
      "OutputPinColourInfo":[{"PinColour":0,"PinID":1460349536}],
      "InternalData":null
    },
    {
      "Name":"OR",
      "ID":61334957,
      "Label":"",
      "Position":{
        "x":7.50003,
        "y":4.81693
      },
      "OutputPinColourInfo":[{"PinColour":0,"PinID":1460349536}],
      "InternalData":null
    },
    {
      "Name":"OR",
      "ID":1878659954,
      "Label":"",
      "Position":{
        "x":11.70461,
        "y":1.64689
      },
      "OutputPinColourInfo":[{"PinColour":0,"PinID":1460349536}],
      "InternalData":null
    },
    {
      "Name":"OR",
      "ID":1128524293,
      "Label":"",
      "Position":{
        "x":12.51374,
        "y":2.99144
      },
      "OutputPinColourInfo":[{"PinColour":0,"PinID":1460349536}],
      "InternalData":null
    },
    {
      "Name":"NOR",
      "ID":144749537,
      "Label":"",
      "Position":{
        "x":13.62938,
        "y":-2.24566
      },
      "OutputPinColourInfo":[{"PinColour":0,"PinID":1590190963}],
      "InternalData":null
    }
  ],
  "Wires":[
    {
      "SourcePinAddress":{
        "PinID":1,
        "PinOwnerID":1734326656
      },
      "TargetPinAddress":{
        "PinID":14916198,
        "PinOwnerID":450895912
      },
      "ConnectionType":0,
      "ConnectedWireIndex":-1,
      "ConnectedWireSegmentIndex":-1,
      "Points":[{"x":0.0,"y":0.0},{"x":0.0,"y":0.0}]
    },
    {
      "SourcePinAddress":{
        "PinID":1,
        "PinOwnerID":640529236
      },
      "TargetPinAddress":{
        "PinID":834826067,
        "PinOwnerID":450895912
      },
      "ConnectionType":0,
      "ConnectedWireIndex":-1,
      "ConnectedWireSegmentIndex":-1,
      "Points":[{"x":0.0,"y":0.0},{"x":0.0,"y":0.0}]
    },
    {
      "SourcePinAddress":{
        "PinID":2,
        "PinOwnerID":640529236
      },
      "TargetPinAddress":{
        "PinID":834826067,
        "PinOwnerID":197156658
      },
      "ConnectionType":0,
      "ConnectedWireIndex":-1,
      "ConnectedWireSegmentIndex":-1,
      "Points":[{"x":0.0,"y":0.0},{"x":0.0,"y":0.0}]
    },
    {
      "SourcePinAddress":{
        "PinID":2,
        "PinOwnerID":1734326656
      },
      "TargetPinAddress":{
        "PinID":14916198,
        "PinOwnerID":197156658
      },
      "ConnectionType":0,
      "ConnectedWireIndex":-1,
      "ConnectedWireSegmentIndex":-1,
      "Points":[{"x":0.0,"y":0.0},{"x":0.0,"y":0.0}]
    },
    {
      "SourcePinAddress":{
        "PinID":3,
        "PinOwnerID":640529236
      },
      "TargetPinAddress":{
        "PinID":834826067,
        "PinOwnerID":620480853
      },
      "ConnectionType":0,
      "ConnectedWireIndex":-1,
      "ConnectedWireSegmentIndex":-1,
      "Points":[{"x":0.0,"y":0.0},{"x":0.0,"y":0.0}]
    },
    {
      "SourcePinAddress":{
        "PinID":3,
        "PinOwnerID":1734326656
      },
      "TargetPinAddress":{
        "PinID":14916198,
        "PinOwnerID":620480853
      },
      "ConnectionType":0,
      "ConnectedWireIndex":-1,
      "ConnectedWireSegmentIndex":-1,
      "Points":[{"x":0.0,"y":0.0},{"x":0.0,"y":0.0}]
    },
    {
      "SourcePinAddress":{
        "PinID":4,
        "PinOwnerID":640529236
      },
      "TargetPinAddress":{
        "PinID":834826067,
        "PinOwnerID":381198841
      },
      "ConnectionType":0,
      "ConnectedWireIndex":-1,
      "ConnectedWireSegmentIndex":-1,
      "Points":[{"x":0.0,"y":0.0},{"x":0.0,"y":0.0}]
    },
    {
      "SourcePinAddress":{
        "PinID":4,
        "PinOwnerID":1734326656
      },
      "TargetPinAddress":{
        "PinID":14916198,
        "PinOwnerID":381198841
      },
      "ConnectionType":0,
      "ConnectedWireIndex":-1,
      "ConnectedWireSegmentIndex":-1,
      "Points":[{"x":0.0,"y":0.0},{"x":0.0,"y":0.0}]
    },
    {
      "SourcePinAddress":{
        "PinID":5,
        "PinOwnerID":640529236
      },
      "TargetPinAddress":{
        "PinID":834826067,
        "PinOwnerID":231970707
      },
      "ConnectionType":0,
      "ConnectedWireIndex":-1,
      "ConnectedWireSegmentIndex":-1,
      "Points":[{"x":0.0,"y":0.0},{"x":0.0,"y":0.0}]
    },
    {
      "SourcePinAddress":{
        "PinID":5,
        "PinOwnerID":1734326656
      },
      "TargetPinAddress":{
        "PinID":14916198,
        "PinOwnerID":231970707
      },
      "ConnectionType":0,
      "ConnectedWireIndex":-1,
      "ConnectedWireSegmentIndex":-1,
      "Points":[{"x":0.0,"y":0.0},{"x":0.0,"y":0.0}]
    },
    {
      "SourcePinAddress":{
        "PinID":6,
        "PinOwnerID":640529236
      },
      "TargetPinAddress":{
        "PinID":834826067,
        "PinOwnerID":1246817090
      },
      "ConnectionType":0,
      "ConnectedWireIndex":-1,
      "ConnectedWireSegmentIndex":-1,
      "Points":[{"x":0.0,"y":0.0},{"x":0.0,"y":0.0}]
    },
    {
      "SourcePinAddress":{
        "PinID":6,
        "PinOwnerID":1734326656
      },
      "TargetPinAddress":{
        "PinID":14916198,
        "PinOwnerID":1246817090
      },
      "ConnectionType":0,
      "ConnectedWireIndex":-1,
      "ConnectedWireSegmentIndex":-1,
      "Points":[{"x":0.0,"y":0.0},{"x":0.0,"y":0.0}]
    },
    {
      "SourcePinAddress":{
        "PinID":7,
        "PinOwnerID":640529236
      },
      "TargetPinAddress":{
        "PinID":834826067,
        "PinOwnerID":530871130
      },
      "ConnectionType":0,
      "ConnectedWireIndex":-1,
      "ConnectedWireSegmentIndex":-1,
      "Points":[{"x":0.0,"y":0.0},{"x":0.0,"y":0.0}]
    },
    {
      "SourcePinAddress":{
        "PinID":7,
        "PinOwnerID":1734326656
      },
      "TargetPinAddress":{
        "PinID":14916198,
        "PinOwnerID":530871130
      },
      "ConnectionType":0,
      "ConnectedWireIndex":-1,
      "ConnectedWireSegmentIndex":-1,
      "Points":[{"x":0.0,"y":0.0},{"x":0.0,"y":0.0}]
    },
    {
      "SourcePinAddress":{
        "PinID":8,
        "PinOwnerID":640529236
      },
      "TargetPinAddress":{
        "PinID":834826067,
        "PinOwnerID":1046960386
      },
      "ConnectionType":0,
      "ConnectedWireIndex":-1,
      "ConnectedWireSegmentIndex":-1,
      "Points":[{"x":0.0,"y":0.0},{"x":0.0,"y":0.0}]
    },
    {
      "SourcePinAddress":{
        "PinID":8,
        "PinOwnerID":1734326656
      },
      "TargetPinAddress":{
        "PinID":14916198,
        "PinOwnerID":1046960386
      },
      "ConnectionType":0,
      "ConnectedWireIndex":-1,
      "ConnectedWireSegmentIndex":-1,
      "Points":[{"x":0.0,"y":0.0},{"x":0.0,"y":0.0}]
    },
    {
      "SourcePinAddress":{
        "PinID":773384218,
        "PinOwnerID":450895912
      },
      "TargetPinAddress":{
        "PinID":1792892232,
        "PinOwnerID":74780327
      },
      "ConnectionType":0,
      "ConnectedWireIndex":-1,
      "ConnectedWireSegmentIndex":-1,
      "Points":[{"x":0.0,"y":0.0},{"x":0.0,"y":0.0}]
    },
    {
      "SourcePinAddress":{
        "PinID":773384218,
        "PinOwnerID":197156658
      },
      "TargetPinAddress":{
        "PinID":1351959728,
        "PinOwnerID":74780327
      },
      "ConnectionType":0,
      "ConnectedWireIndex":-1,
      "ConnectedWireSegmentIndex":-1,
      "Points":[{"x":0.0,"y":0.0},{"x":0.0,"y":0.0}]
    },
    {
      "SourcePinAddress":{
        "PinID":406217789,
        "PinOwnerID":74780327
      },
      "TargetPinAddress":{
        "PinID":1792892232,
        "PinOwnerID":1624059977
      },
      "ConnectionType":0,
      "ConnectedWireIndex":-1,
      "ConnectedWireSegmentIndex":-1,
      "Points":[{"x":0.0,"y":0.0},{"x":0.0,"y":0.0}]
    },
    {
      "SourcePinAddress":{
        "PinID":773384218,
        "PinOwnerID":620480853
      },
      "TargetPinAddress":{
        "PinID":1351959728,
        "PinOwnerID":1624059977
      },
      "ConnectionType":0,
      "ConnectedWireIndex":-1,
      "ConnectedWireSegmentIndex":-1,
      "Points":[{"x":0.0,"y":0.0},{"x":0.0,"y":0.0}]
    },
    {
      "SourcePinAddress":{
        "PinID":773384218,
        "PinOwnerID":381198841
      },
      "TargetPinAddress":{
        "PinID":1351959728,
        "PinOwnerID":1391783409
      },
      "ConnectionType":0,
      "ConnectedWireIndex":-1,
      "ConnectedWireSegmentIndex":-1,
      "Points":[{"x":0.0,"y":0.0},{"x":0.0,"y":0.0}]
    },
    {
      "SourcePinAddress":{
        "PinID":406217789,
        "PinOwnerID":1624059977
      },
      "TargetPinAddress":{
        "PinID":1792892232,
        "PinOwnerID":1391783409
      },
      "ConnectionType":0,
      "ConnectedWireIndex":-1,
      "ConnectedWireSegmentIndex":-1,
      "Points":[{"x":0.0,"y":0.0},{"x":0.0,"y":0.0}]
    },
    {
      "SourcePinAddress":{
        "PinID":406217789,
        "PinOwnerID":1391783409
      },
      "TargetPinAddress":{
        "PinID":1792892232,
        "PinOwnerID":1227603445
      },
      "ConnectionType":0,
      "ConnectedWireIndex":-1,
      "ConnectedWireSegmentIndex":-1,
      "Points":[{"x":0.0,"y":0.0},{"x":0.0,"y":0.0}]
    },
    {
      "SourcePinAddress":{
        "PinID":773384218,
        "PinOwnerID":231970707
      },
      "TargetPinAddress":{
        "PinID":1351959728,
        "PinOwnerID":1227603445
      },
      "ConnectionType":0,
      "ConnectedWireIndex":-1,
      "ConnectedWireSegmentIndex":-1,
      "Points":[{"x":0.0,"y":0.0},{"x":0.0,"y":0.0}]
    },
    {
      "SourcePinAddress":{
        "PinID":773384218,
        "PinOwnerID":1246817090
      },
      "TargetPinAddress":{
        "PinID":1351959728,
        "PinOwnerID":428530316
      },
      "ConnectionType":0,
      "ConnectedWireIndex":-1,
      "ConnectedWireSegmentIndex":-1,
      "Points":[{"x":0.0,"y":0.0},{"x":0.0,"y":0.0}]
    },
    {
      "SourcePinAddress":{
        "PinID":406217789,
        "PinOwnerID":1227603445
      },
      "TargetPinAddress":{
        "PinID":1792892232,
        "PinOwnerID":428530316
      },
      "ConnectionType":0,
      "ConnectedWireIndex":-1,
      "ConnectedWireSegmentIndex":-1,
      "Points":[{"x":0.0,"y":0.0},{"x":0.0,"y":0.0}]
    },
    {
      "SourcePinAddress":{
        "PinID":406217789,
        "PinOwnerID":428530316
      },
      "TargetPinAddress":{
        "PinID":1792892232,
        "PinOwnerID":559145896
      },
      "ConnectionType":0,
      "ConnectedWireIndex":-1,
      "ConnectedWireSegmentIndex":-1,
      "Points":[{"x":0.0,"y":0.0},{"x":0.0,"y":0.0}]
    },
    {
      "SourcePinAddress":{
        "PinID":773384218,
        "PinOwnerID":530871130
      },
      "TargetPinAddress":{
        "PinID":1351959728,
        "PinOwnerID":559145896
      },
      "ConnectionType":0,
      "ConnectedWireIndex":-1,
      "ConnectedWireSegmentIndex":-1,
      "Points":[{"x":0.0,"y":0.0},{"x":0.0,"y":0.0}]
    },
    {
      "SourcePinAddress":{
        "PinID":406217789,
        "PinOwnerID":559145896
      },
      "TargetPinAddress":{
        "PinID":1792892232,
        "PinOwnerID":650022534
      },
      "ConnectionType":0,
      "ConnectedWireIndex":-1,
      "ConnectedWireSegmentIndex":-1,
      "Points":[{"x":0.0,"y":0.0},{"x":0.0,"y":0.0}]
    },
    {
      "SourcePinAddress":{
        "PinID":773384218,
        "PinOwnerID":1046960386
      },
      "TargetPinAddress":{
        "PinID":1351959728,
        "PinOwnerID":650022534
      },
      "ConnectionType":0,
      "ConnectedWireIndex":-1,
      "ConnectedWireSegmentIndex":-1,
      "Points":[{"x":0.0,"y":0.0},{"x":0.0,"y":0.0}]
    },
    {
      "SourcePinAddress":{
        "PinID":406217789,
        "PinOwnerID":650022534
      },
      "TargetPinAddress":{
        "PinID":0,
        "PinOwnerID":1771138291
      },
      "ConnectionType":0,
      "ConnectedWireIndex":-1,
      "ConnectedWireSegmentIndex":-1,
      "Points":[{"x":0.0,"y":0.0},{"x":0.0,"y":0.0}]
    },
    {
      "SourcePinAddress":{
        "PinID":773384218,
        "PinOwnerID":450895912
      },
      "TargetPinAddress":{
        "PinID":1792892232,
        "PinOwnerID":1250930061
      },
      "ConnectionType":0,
      "ConnectedWireIndex":-1,
      "ConnectedWireSegmentIndex":-1,
      "Points":[{"x":0.0,"y":0.0},{"x":0.0,"y":0.0}]
    },
    {
      "SourcePinAddress":{
        "PinID":892159555,
        "PinOwnerID":1224326979
      },
      "TargetPinAddress":{
        "PinID":1351959728,
        "PinOwnerID":1250930061
      },
      "ConnectionType":0,
      "ConnectedWireIndex":-1,
      "ConnectedWireSegmentIndex":-1,
      "Points":[{"x":0.0,"y":0.0},{"x":0.0,"y":0.0}]
    },
    {
      "SourcePinAddress":{
        "PinID":773384218,
        "PinOwnerID":197156658
      },
      "TargetPinAddress":{
        "PinID":113608822,
        "PinOwnerID":1224326979
      },
      "ConnectionType":0,
      "ConnectedWireIndex":-1,
      "ConnectedWireSegmentIndex":-1,
      "Points":[{"x":0.0,"y":0.0},{"x":0.0,"y":0.0}]
    },
    {
      "SourcePinAddress":{
        "PinID":773384218,
        "PinOwnerID":450895912
      },
      "TargetPinAddress":{
        "PinID":113608822,
        "PinOwnerID":1636538166
      },
      "ConnectionType":0,
      "ConnectedWireIndex":-1,
      "ConnectedWireSegmentIndex":-1,
      "Points":[{"x":0.0,"y":0.0},{"x":0.0,"y":0.0}]
    },
    {
      "SourcePinAddress":{
        "PinID":892159555,
        "PinOwnerID":1636538166
      },
      "TargetPinAddress":{
        "PinID":1351959728,
        "PinOwnerID":310629209
      },
      "ConnectionType":0,
      "ConnectedWireIndex":-1,
      "ConnectedWireSegmentIndex":-1,
      "Points":[{"x":0.0,"y":0.0},{"x":0.0,"y":0.0}]
    },
    {
      "SourcePinAddress":{
        "PinID":1,
        "PinOwnerID":640529236
      },
      "TargetPinAddress":{
        "PinID":1792892232,
        "PinOwnerID":310629209
      },
      "ConnectionType":1,
      "ConnectedWireIndex":1,
      "ConnectedWireSegmentIndex":0,
      "Points":[{"x":-0.58138,"y":4.70733},{"x":-0.58138,"y":5.79158},{"x":0.0,"y":0.0}]
    },
    {
      "SourcePinAddress":{
        "PinID":406217789,
        "PinOwnerID":1250930061
      },
      "TargetPinAddress":{
        "PinID":1351959728,
        "PinOwnerID":777867977
      },
      "ConnectionType":0,
      "ConnectedWireIndex":-1,
      "ConnectedWireSegmentIndex":-1,
      "Points":[{"x":0.0,"y":0.0},{"x":0.0,"y":0.0}]
    },
    {
      "SourcePinAddress":{
        "PinID":2,
        "PinOwnerID":640529236
      },
      "TargetPinAddress":{
        "PinID":1792892232,
        "PinOwnerID":777867977
      },
      "ConnectionType":1,
      "ConnectedWireIndex":2,
      "ConnectedWireSegmentIndex":0,
      "Points":[{"x":-0.4197,"y":3.89184},{"x":-0.41684,"y":4.23896},{"x":0.35411,"y":4.23896},{"x":1.0287,"y":4.95289},{"x":0.0,"y":0.0}]
    },
    {
      "SourcePinAddress":{
        "PinID":406217789,
        "PinOwnerID":74780327
      },
      "TargetPinAddress":{
        "PinID":1792892232,
        "PinOwnerID":1069687729
      },
      "ConnectionType":0,
      "ConnectedWireIndex":-1,
      "ConnectedWireSegmentIndex":-1,
      "Points":[{"x":0.0,"y":0.0},{"x":0.0,"y":0.0}]
    },
    {
      "SourcePinAddress":{
        "PinID":892159555,
        "PinOwnerID":1419606851
      },
      "TargetPinAddress":{
        "PinID":1351959728,
        "PinOwnerID":1069687729
      },
      "ConnectionType":0,
      "ConnectedWireIndex":-1,
      "ConnectedWireSegmentIndex":-1,
      "Points":[{"x":0.0,"y":0.0},{"x":0.0,"y":0.0}]
    },
    {
      "SourcePinAddress":{
        "PinID":406217789,
        "PinOwnerID":1069687729
      },
      "TargetPinAddress":{
        "PinID":1351959728,
        "PinOwnerID":1892396610
      },
      "ConnectionType":0,
      "ConnectedWireIndex":-1,
      "ConnectedWireSegmentIndex":-1,
      "Points":[{"x":0.0,"y":0.0},{"x":0.0,"y":0.0}]
    },
    {
      "SourcePinAddress":{
        "PinID":3,
        "PinOwnerID":640529236
      },
      "TargetPinAddress":{
        "PinID":1792892232,
        "PinOwnerID":1892396610
      },
      "ConnectionType":1,
      "ConnectedWireIndex":4,
      "ConnectedWireSegmentIndex":0,
      "Points":[{"x":-0.36725,"y":3.07578},{"x":-0.36448,"y":3.3862},{"x":1.09262,"y":3.3862},{"x":2.32422,"y":4.19281},{"x":0.0,"y":0.0}]
    },
    {
      "SourcePinAddress":{
        "PinID":773384218,
        "PinOwnerID":381198841
      },
      "TargetPinAddress":{
        "PinID":113608822,
        "PinOwnerID":2047850410
      },
      "ConnectionType":1,
      "ConnectedWireIndex":20,
      "ConnectedWireSegmentIndex":0,
      "Points":[{"x":2.68874,"y":2.18043},{"x":2.68874,"y":2.82244},{"x":0.0,"y":0.0}]
    },
    {
      "SourcePinAddress":{
        "PinID":773384218,
        "PinOwnerID":620480853
      },
      "TargetPinAddress":{
        "PinID":113608822,
        "PinOwnerID":1419606851
      },
      "ConnectionType":1,
      "ConnectedWireIndex":19,
      "ConnectedWireSegmentIndex":0,
      "Points":[{"x":1.77797,"y":3.02819},{"x":1.77797,"y":3.6464},{"x":0.0,"y":0.0}]
    },
    {
      "SourcePinAddress":{
        "PinID":406217789,
        "PinOwnerID":1624059977
      },
      "TargetPinAddress":{
        "PinID":1792892232,
        "PinOwnerID":1546309792
      },
      "ConnectionType":0,
      "ConnectedWireIndex":-1,
      "ConnectedWireSegmentIndex":-1,
      "Points":[{"x":0.0,"y":0.0},{"x":0.0,"y":0.0}]
    },
    {
      "SourcePinAddress":{
        "PinID":892159555,
        "PinOwnerID":2047850410
      },
      "TargetPinAddress":{
        "PinID":1351959728,
        "PinOwnerID":1546309792
      },
      "ConnectionType":0,
      "ConnectedWireIndex":-1,
      "ConnectedWireSegmentIndex":-1,
      "Points":[{"x":0.0,"y":0.0},{"x":0.0,"y":0.0}]
    },
    {
      "SourcePinAddress":{
        "PinID":406217789,
        "PinOwnerID":1546309792
      },
      "TargetPinAddress":{
        "PinID":1351959728,
        "PinOwnerID":768213284
      },
      "ConnectionType":0,
      "ConnectedWireIndex":-1,
      "ConnectedWireSegmentIndex":-1,
      "Points":[{"x":0.0,"y":0.0},{"x":0.0,"y":0.0}]
    },
    {
      "SourcePinAddress":{
        "PinID":4,
        "PinOwnerID":640529236
      },
      "TargetPinAddress":{
        "PinID":1792892232,
        "PinOwnerID":768213284
      },
      "ConnectionType":1,
      "ConnectedWireIndex":6,
      "ConnectedWireSegmentIndex":0,
      "Points":[{"x":-0.45963,"y":2.32318},{"x":-0.45122,"y":2.5449},{"x":1.90791,"y":2.5449},{"x":3.16553,"y":3.33773},{"x":0.0,"y":0.0}]
    },
    {
      "SourcePinAddress":{
        "PinID":892159555,
        "PinOwnerID":174508573
      },
      "TargetPinAddress":{
        "PinID":1351959728,
        "PinOwnerID":146931629
      },
      "ConnectionType":0,
      "ConnectedWireIndex":-1,
      "ConnectedWireSegmentIndex":-1,
      "Points":[{"x":0.0,"y":0.0},{"x":0.0,"y":0.0}]
    },
    {
      "SourcePinAddress":{
        "PinID":406217789,
        "PinOwnerID":559145896
      },
      "TargetPinAddress":{
        "PinID":1792892232,
        "PinOwnerID":146931629
      },
      "ConnectionType":0,
      "ConnectedWireIndex":-1,
      "ConnectedWireSegmentIndex":-1,
      "Points":[{"x":0.0,"y":0.0},{"x":0.0,"y":0.0}]
    },
    {
      "SourcePinAddress":{
        "PinID":892159555,
        "PinOwnerID":144412421
      },
      "TargetPinAddress":{
        "PinID":1351959728,
        "PinOwnerID":1450768672
      },
      "ConnectionType":0,
      "ConnectedWireIndex":-1,
      "ConnectedWireSegmentIndex":-1,
      "Points":[{"x":0.0,"y":0.0},{"x":0.0,"y":0.0}]
    },
    {
      "SourcePinAddress":{
        "PinID":406217789,
        "PinOwnerID":428530316
      },
      "TargetPinAddress":{
        "PinID":1792892232,
        "PinOwnerID":1450768672
      },
      "ConnectionType":0,
      "ConnectedWireIndex":-1,
      "ConnectedWireSegmentIndex":-1,
      "Points":[{"x":0.0,"y":0.0},{"x":0.0,"y":0.0}]
    },
    {
      "SourcePinAddress":{
        "PinID":892159555,
        "PinOwnerID":1930433393
      },
      "TargetPinAddress":{
        "PinID":1351959728,
        "PinOwnerID":229638417
      },
      "ConnectionType":0,
      "ConnectedWireIndex":-1,
      "ConnectedWireSegmentIndex":-1,
      "Points":[{"x":0.0,"y":0.0},{"x":0.0,"y":0.0}]
    },
    {
      "SourcePinAddress":{
        "PinID":406217789,
        "PinOwnerID":1227603445
      },
      "TargetPinAddress":{
        "PinID":1792892232,
        "PinOwnerID":229638417
      },
      "ConnectionType":0,
      "ConnectedWireIndex":-1,
      "ConnectedWireSegmentIndex":-1,
      "Points":[{"x":0.0,"y":0.0},{"x":0.0,"y":0.0}]
    },
    {
      "SourcePinAddress":{
        "PinID":892159555,
        "PinOwnerID":78751911
      },
      "TargetPinAddress":{
        "PinID":1351959728,
        "PinOwnerID":1128688809
      },
      "ConnectionType":0,
      "ConnectedWireIndex":-1,
      "ConnectedWireSegmentIndex":-1,
      "Points":[{"x":0.0,"y":0.0},{"x":0.0,"y":0.0}]
    },
    {
      "SourcePinAddress":{
        "PinID":406217789,
        "PinOwnerID":1391783409
      },
      "TargetPinAddress":{
        "PinID":1792892232,
        "PinOwnerID":1128688809
      },
      "ConnectionType":0,
      "ConnectedWireIndex":-1,
      "ConnectedWireSegmentIndex":-1,
      "Points":[{"x":0.0,"y":0.0},{"x":0.0,"y":0.0}]
    },
    {
      "SourcePinAddress":{
        "PinID":406217789,
        "PinOwnerID":146931629
      },
      "TargetPinAddress":{
        "PinID":1351959728,
        "PinOwnerID":1676628315
      },
      "ConnectionType":0,
      "ConnectedWireIndex":-1,
      "ConnectedWireSegmentIndex":-1,
      "Points":[{"x":0.0,"y":0.0},{"x":0.0,"y":0.0}]
    },
    {
      "SourcePinAddress":{
        "PinID":406217789,
        "PinOwnerID":1450768672
      },
      "TargetPinAddress":{
        "PinID":1351959728,
        "PinOwnerID":497204014
      },
      "ConnectionType":0,
      "ConnectedWireIndex":-1,
      "ConnectedWireSegmentIndex":-1,
      "Points":[{"x":0.0,"y":0.0},{"x":0.0,"y":0.0}]
    },
    {
      "SourcePinAddress":{
        "PinID":406217789,
        "PinOwnerID":229638417
      },
      "TargetPinAddress":{
        "PinID":1351959728,
        "PinOwnerID":2002296704
      },
      "ConnectionType":0,
      "ConnectedWireIndex":-1,
      "ConnectedWireSegmentIndex":-1,
      "Points":[{"x":0.0,"y":0.0},{"x":0.0,"y":0.0}]
    },
    {
      "SourcePinAddress":{
        "PinID":406217789,
        "PinOwnerID":1128688809
      },
      "TargetPinAddress":{
        "PinID":1351959728,
        "PinOwnerID":1865517384
      },
      "ConnectionType":0,
      "ConnectedWireIndex":-1,
      "ConnectedWireSegmentIndex":-1,
      "Points":[{"x":0.0,"y":0.0},{"x":0.0,"y":0.0}]
    },
    {
      "SourcePinAddress":{
        "PinID":773384218,
        "PinOwnerID":231970707
      },
      "TargetPinAddress":{
        "PinID":113608822,
        "PinOwnerID":78751911
      },
      "ConnectionType":1,
      "ConnectedWireIndex":23,
      "ConnectedWireSegmentIndex":0,
      "Points":[{"x":3.91207,"y":1.42366},{"x":3.91238,"y":2.05501},{"x":0.0,"y":0.0}]
    },
    {
      "SourcePinAddress":{
        "PinID":773384218,
        "PinOwnerID":1246817090
      },
      "TargetPinAddress":{
        "PinID":113608822,
        "PinOwnerID":1930433393
      },
      "ConnectionType":1,
      "ConnectedWireIndex":24,
      "ConnectedWireSegmentIndex":0,
      "Points":[{"x":4.95621,"y":0.54423},{"x":4.9564,"y":1.21979},{"x":0.0,"y":0.0}]
    },
    {
      "SourcePinAddress":{
        "PinID":773384218,
        "PinOwnerID":530871130
      },
      "TargetPinAddress":{
        "PinID":113608822,
        "PinOwnerID":144412421
      },
      "ConnectionType":1,
      "ConnectedWireIndex":27,
      "ConnectedWireSegmentIndex":0,
      "Points":[{"x":5.84848,"y":-0.44732},{"x":5.84857,"y":0.18525},{"x":0.0,"y":0.0}]
    },
    {
      "SourcePinAddress":{
        "PinID":773384218,
        "PinOwnerID":1046960386
      },
      "TargetPinAddress":{
        "PinID":113608822,
        "PinOwnerID":174508573
      },
      "ConnectionType":1,
      "ConnectedWireIndex":29,
      "ConnectedWireSegmentIndex":0,
      "Points":[{"x":6.86425,"y":-1.51387},{"x":6.86413,"y":-0.82081},{"x":0.0,"y":0.0}]
    },
    {
      "SourcePinAddress":{
        "PinID":5,
        "PinOwnerID":640529236
      },
      "TargetPinAddress":{
        "PinID":1792892232,
        "PinOwnerID":1865517384
      },
      "ConnectionType":1,
      "ConnectedWireIndex":8,
      "ConnectedWireSegmentIndex":0,
      "Points":[{"x":-0.44927,"y":1.58341},{"x":-0.46304,"y":1.75129},{"x":3.39986,"y":1.75129},{"x":4.18762,"y":2.58813},{"x":0.0,"y":0.0}]
    },
    {
      "SourcePinAddress":{
        "PinID":6,
        "PinOwnerID":640529236
      },
      "TargetPinAddress":{
        "PinID":1792892232,
        "PinOwnerID":2002296704
      },
      "ConnectionType":1,
      "ConnectedWireIndex":10,
      "ConnectedWireSegmentIndex":0,
      "Points":[{"x":-0.44327,"y":0.717},{"x":-0.43457,"y":0.92556},{"x":4.50083,"y":0.92556},{"x":5.1747,"y":1.75291},{"x":0.0,"y":0.0}]
    },
    {
      "SourcePinAddress":{
        "PinID":7,
        "PinOwnerID":640529236
      },
      "TargetPinAddress":{
        "PinID":1792892232,
        "PinOwnerID":497204014
      },
      "ConnectionType":1,
      "ConnectedWireIndex":12,
      "ConnectedWireSegmentIndex":0,
      "Points":[{"x":-0.38318,"y":-0.19677},{"x":-0.41559,"y":0.08085},{"x":5.25063,"y":0.08085},{"x":6.42753,"y":0.63295},{"x":0.0,"y":0.0}]
    },
    {
      "SourcePinAddress":{
        "PinID":8,
        "PinOwnerID":640529236
      },
      "TargetPinAddress":{
        "PinID":1792892232,
        "PinOwnerID":1676628315
      },
      "ConnectionType":1,
      "ConnectedWireIndex":14,
      "ConnectedWireSegmentIndex":0,
      "Points":[{"x":-0.47203,"y":-0.97405},{"x":6.37059,"y":-0.94419},{"x":7.50952,"y":-0.24023},{"x":0.0,"y":0.0}]
    },
    {
      "SourcePinAddress":{
        "PinID":406217789,
        "PinOwnerID":777867977
      },
      "TargetPinAddress":{
        "PinID":657869569,
        "PinOwnerID":196146840
      },
      "ConnectionType":0,
      "ConnectedWireIndex":-1,
      "ConnectedWireSegmentIndex":-1,
      "Points":[{"x":0.0,"y":0.0},{"x":0.0,"y":0.0}]
    },
    {
      "SourcePinAddress":{
        "PinID":406217789,
        "PinOwnerID":310629209
      },
      "TargetPinAddress":{
        "PinID":1595053635,
        "PinOwnerID":196146840
      },
      "ConnectionType":0,
      "ConnectedWireIndex":-1,
      "ConnectedWireSegmentIndex":-1,
      "Points":[{"x":0.0,"y":0.0},{"x":3.05817,"y":5.63317},{"x":0.0,"y":0.0}]
    },
    {
      "SourcePinAddress":{
        "PinID":406217789,
        "PinOwnerID":768213284
      },
      "TargetPinAddress":{
        "PinID":657869569,
        "PinOwnerID":206454120
      },
      "ConnectionType":0,
      "ConnectedWireIndex":-1,
      "ConnectedWireSegmentIndex":-1,
      "Points":[{"x":0.0,"y":0.0},{"x":0.0,"y":0.0}]
    },
    {
      "SourcePinAddress":{
        "PinID":406217789,
        "PinOwnerID":1892396610
      },
      "TargetPinAddress":{
        "PinID":1595053635,
        "PinOwnerID":206454120
      },
      "ConnectionType":0,
      "ConnectedWireIndex":-1,
      "ConnectedWireSegmentIndex":-1,
      "Points":[{"x":0.0,"y":0.0},{"x":0.0,"y":0.0}]
    },
    {
      "SourcePinAddress":{
        "PinID":406217789,
        "PinOwnerID":2002296704
      },
      "TargetPinAddress":{
        "PinID":657869569,
        "PinOwnerID":1370776114
      },
      "ConnectionType":0,
      "ConnectedWireIndex":-1,
      "ConnectedWireSegmentIndex":-1,
      "Points":[{"x":0.0,"y":0.0},{"x":0.0,"y":0.0}]
    },
    {
      "SourcePinAddress":{
        "PinID":406217789,
        "PinOwnerID":1865517384
      },
      "TargetPinAddress":{
        "PinID":1595053635,
        "PinOwnerID":1370776114
      },
      "ConnectionType":0,
      "ConnectedWireIndex":-1,
      "ConnectedWireSegmentIndex":-1,
      "Points":[{"x":0.0,"y":0.0},{"x":0.0,"y":0.0}]
    },
    {
      "SourcePinAddress":{
        "PinID":406217789,
        "PinOwnerID":1676628315
      },
      "TargetPinAddress":{
        "PinID":657869569,
        "PinOwnerID":1916109989
      },
      "ConnectionType":0,
      "ConnectedWireIndex":-1,
      "ConnectedWireSegmentIndex":-1,
      "Points":[{"x":0.0,"y":0.0},{"x":0.0,"y":0.0}]
    },
    {
      "SourcePinAddress":{
        "PinID":406217789,
        "PinOwnerID":497204014
      },
      "TargetPinAddress":{
        "PinID":1595053635,
        "PinOwnerID":1916109989
      },
      "ConnectionType":0,
      "ConnectedWireIndex":-1,
      "ConnectedWireSegmentIndex":-1,
      "Points":[{"x":0.0,"y":0.0},{"x":0.0,"y":0.0}]
    },
    {
      "SourcePinAddress":{
        "PinID":1460349536,
        "PinOwnerID":206454120
      },
      "TargetPinAddress":{
        "PinID":657869569,
        "PinOwnerID":61334957
      },
      "ConnectionType":0,
      "ConnectedWireIndex":-1,
      "ConnectedWireSegmentIndex":-1,
      "Points":[{"x":0.0,"y":0.0},{"x":0.0,"y":0.0}]
    },
    {
      "SourcePinAddress":{
        "PinID":1460349536,
        "PinOwnerID":196146840
      },
      "TargetPinAddress":{
        "PinID":1595053635,
        "PinOwnerID":61334957
      },
      "ConnectionType":0,
      "ConnectedWireIndex":-1,
      "ConnectedWireSegmentIndex":-1,
      "Points":[{"x":0.0,"y":0.0},{"x":0.0,"y":0.0}]
    },
    {
      "SourcePinAddress":{
        "PinID":1460349536,
        "PinOwnerID":1916109989
      },
      "TargetPinAddress":{
        "PinID":657869569,
        "PinOwnerID":1878659954
      },
      "ConnectionType":0,
      "ConnectedWireIndex":-1,
      "ConnectedWireSegmentIndex":-1,
      "Points":[{"x":0.0,"y":0.0},{"x":0.0,"y":0.0}]
    },
    {
      "SourcePinAddress":{
        "PinID":1460349536,
        "PinOwnerID":1370776114
      },
      "TargetPinAddress":{
        "PinID":1595053635,
        "PinOwnerID":1878659954
      },
      "ConnectionType":0,
      "ConnectedWireIndex":-1,
      "ConnectedWireSegmentIndex":-1,
      "Points":[{"x":0.0,"y":0.0},{"x":0.0,"y":0.0}]
    },
    {
      "SourcePinAddress":{
        "PinID":1460349536,
        "PinOwnerID":1878659954
      },
      "TargetPinAddress":{
        "PinID":657869569,
        "PinOwnerID":1128524293
      },
      "ConnectionType":0,
      "ConnectedWireIndex":-1,
      "ConnectedWireSegmentIndex":-1,
      "Points":[{"x":0.0,"y":0.0},{"x":0.0,"y":0.0}]
    },
    {
      "SourcePinAddress":{
        "PinID":1460349536,
        "PinOwnerID":61334957
      },
      "TargetPinAddress":{
        "PinID":1595053635,
        "PinOwnerID":1128524293
      },
      "ConnectionType":0,
      "ConnectedWireIndex":-1,
      "ConnectedWireSegmentIndex":-1,
      "Points":[{"x":0.0,"y":0.0},{"x":0.0,"y":0.0}]
    },
    {
      "SourcePinAddress":{
        "PinID":1460349536,
        "PinOwnerID":1128524293
      },
      "TargetPinAddress":{
        "PinID":0,
        "PinOwnerID":22490111
      },
      "ConnectionType":0,
      "ConnectedWireIndex":-1,
      "ConnectedWireSegmentIndex":-1,
      "Points":[{"x":0.0,"y":0.0},{"x":0.0,"y":0.0}]
    },
    {
      "SourcePinAddress":{
        "PinID":0,
        "PinOwnerID":45507422
      },
      "TargetPinAddress":{
        "PinID":0,
        "PinOwnerID":1734326656
      },
      "ConnectionType":0,
      "ConnectedWireIndex":-1,
      "ConnectedWireSegmentIndex":-1,
      "Points":[{"x":0.0,"y":0.0},{"x":0.0,"y":0.0}]
    },
    {
      "SourcePinAddress":{
        "PinID":0,
        "PinOwnerID":2003731618
      },
      "TargetPinAddress":{
        "PinID":0,
        "PinOwnerID":640529236
      },
      "ConnectionType":0,
      "ConnectedWireIndex":-1,
      "ConnectedWireSegmentIndex":-1,
      "Points":[{"x":0.0,"y":0.0},{"x":0.0,"y":0.0}]
    },
    {
      "SourcePinAddress":{
        "PinID":1460349536,
        "PinOwnerID":1128524293
      },
      "TargetPinAddress":{
        "PinID":237445463,
        "PinOwnerID":144749537
      },
      "ConnectionType":1,
      "ConnectedWireIndex":83,
      "ConnectedWireSegmentIndex":0,
      "Points":[{"x":13.00118,"y":2.98773},{"x":13.0012,"y":-2.07188},{"x":0.0,"y":0.0}]
    },
    {
      "SourcePinAddress":{
        "PinID":406217789,
        "PinOwnerID":650022534
      },
      "TargetPinAddress":{
        "PinID":1868568665,
        "PinOwnerID":144749537
      },
      "ConnectionType":1,
      "ConnectedWireIndex":30,
      "ConnectedWireSegmentIndex":0,
      "Points":[{"x":12.69372,"y":-1.4382},{"x":12.69374,"y":-2.36597},{"x":0.0,"y":0.0}]
    },
    {
      "SourcePinAddress":{
        "PinID":1590190963,
        "PinOwnerID":144749537
      },
      "TargetPinAddress":{
        "PinID":0,
        "PinOwnerID":993270314
      },
      "ConnectionType":0,
      "ConnectedWireIndex":-1,
      "ConnectedWireSegmentIndex":-1,
      "Points":[{"x":0.0,"y":0.0},{"x":0.0,"y":0.0}]
    }
  ],
  "Displays": null
}