{
  "DLSVersion": "2.1.6",
  "Name": "Controller",
  "NameLocation": 0,
  "ChipType": 0,
  "Size": {
    "x": 4.61712,
    "y": 5.625
  },
  "Colour": {
    "r": 0.8507844,
    "g": 0.798168,
    "b": 0.11123053,
    "a": 1
  },
  "InputPins":[
    {
      "Name":"Clock",
      "ID":1302485883,
      "Position":{
        "x":-18.54042,
        "y":8.39392
      },
      "BitCount":1,
      "Colour":0,
      "ValueDisplayMode":0
    },
    {
      "Name":"Reset",
      "ID":1700257055,
      "Position":{
        "x":-18.51609,
        "y":7.31699
      },
      "BitCount":1,
      "Colour":0,
      "ValueDisplayMode":0
    },
    {
      "Name":"Wake",
      "ID":1373910244,
      "Position":{
        "x":-18.59276,
        "y":5.9816
      },
      "BitCount":1,
      "Colour":0,
      "ValueDisplayMode":0
    },
    {
      "Name":"Take branch?",
      "ID":1670566918,
      "Position":{
        "x":-12.20586,
        "y":2.87024
      },
      "BitCount":1,
      "Colour":0,
      "ValueDisplayMode":0
    },
    {
      "Name":"Instruction",
      "ID":151097687,
      "Position":{
        "x":-12.34632,
        "y":1.80209
      },
      "BitCount":8,
      "Colour":0,
      "ValueDisplayMode":0
    }
  ],
  "OutputPins":[
    {
      "Name":"PC+1",
      "ID":2098398175,
      "Position":{
        "x":17.27693,
        "y":15.6235
      },
      "BitCount":1,
      "Colour":0,
      "ValueDisplayMode":0
    },
    {
      "Name":"PC",
      "ID":1616687719,
      "Position":{
        "x":17.30246,
        "y":15.03634
      },
      "BitCount":1,
      "Colour":0,
      "ValueDisplayMode":0
    },
    {
      "Name":"D0",
      "ID":466402635,
      "Position":{
        "x":17.2514,
        "y":14.42364
      },
      "BitCount":1,
      "Colour":0,
      "ValueDisplayMode":0
    },
    {
      "Name":"D1",
      "ID":150181922,
      "Position":{
        "x":17.30339,
        "y":13.81509
      },
      "BitCount":1,
      "Colour":0,
      "ValueDisplayMode":0
    },
    {
      "Name":"INST",
      "ID":1289769878,
      "Position":{
        "x":17.28268,
        "y":13.2215
      },
      "BitCount":1,
      "Colour":0,
      "ValueDisplayMode":0
    },
    {
      "Name":"ROM",
      "ID":30021035,
      "Position":{
        "x":17.26515,
        "y":12.59436
      },
      "BitCount":1,
      "Colour":0,
      "ValueDisplayMode":0
    },
    {
      "Name":"RAM",
      "ID":1271278263,
      "Position":{
        "x":17.3146,
        "y":12.00093
      },
      "BitCount":1,
      "Colour":0,
      "ValueDisplayMode":0
    },
    {
      "Name":"RAM enable",
      "ID":181646684,
      "Position":{
        "x":17.28112,
        "y":11.4453
      },
      "BitCount":1,
      "Colour":0,
      "ValueDisplayMode":0
    },
    {
      "Name":"ALU select",
      "ID":1117824771,
      "Position":{
        "x":17.3144,
        "y":10.85298
      },
      "BitCount":1,
      "Colour":0,
      "ValueDisplayMode":0
    },
    {
      "Name":"ALU out",
      "ID":1114110658,
      "Position":{
        "x":17.30669,
        "y":10.29006
      },
      "BitCount":1,
      "Colour":0,
      "ValueDisplayMode":0
    },
    {
      "Name":"INPUT",
      "ID":953812101,
      "Position":{
        "x":17.46414,
        "y":9.82722
      },
      "BitCount":1,
      "Colour":0,
      "ValueDisplayMode":0
    },
    {
      "Name":"MODE",
      "ID":2092907360,
      "Position":{
        "x":17.52413,
        "y":9.3416
      },
      "BitCount":4,
      "Colour":0,
      "ValueDisplayMode":0
    },
    {
      "Name":"IR",
      "ID":1035916614,
      "Position":{
        "x":17.48688,
        "y":8.71497
      },
      "BitCount":1,
      "Colour":0,
      "ValueDisplayMode":0
    },
    {
      "Name":"PC",
      "ID":1664959656,
      "Position":{
        "x":17.49857,
        "y":8.0485
      },
      "BitCount":1,
      "Colour":0,
      "ValueDisplayMode":0
    },
    {
      "Name":"D0",
      "ID":884217483,
      "Position":{
        "x":17.49393,
        "y":7.39469
      },
      "BitCount":1,
      "Colour":0,
      "ValueDisplayMode":0
    },
    {
      "Name":"D1",
      "ID":1737094516,
      "Position":{
        "x":17.5527,
        "y":6.65833
      },
      "BitCount":1,
      "Colour":0,
      "ValueDisplayMode":0
    },
    {
      "Name":"OUTPUT",
      "ID":342750601,
      "Position":{
        "x":17.53594,
        "y":6.12788
      },
      "BitCount":1,
      "Colour":0,
      "ValueDisplayMode":0
    },
    {
      "Name":"RESET ENTER",
      "ID":1782357253,
      "Position":{
        "x":17.53016,
        "y":5.51687
      },
      "BitCount":1,
      "Colour":0,
      "ValueDisplayMode":0
    },
    {
      "Name":"RAMA",
      "ID":1956272310,
      "Position":{
        "x":17.47192,
        "y":4.92997
      },
      "BitCount":1,
      "Colour":0,
      "ValueDisplayMode":0
    },
    {
      "Name":"RAM write",
      "ID":2108527163,
      "Position":{
        "x":17.45745,
        "y":4.45436
      },
      "BitCount":1,
      "Colour":0,
      "ValueDisplayMode":0
    },
    {
      "Name":"ALU",
      "ID":895281983,
      "Position":{
        "x":17.43678,
        "y":3.90896
      },
      "BitCount":1,
      "Colour":0,
      "ValueDisplayMode":0
    },
    {
      "Name":"ROMA",
      "ID":1401200618,
      "Position":{
        "x":17.55239,
        "y":3.40337
      },
      "BitCount":1,
      "Colour":0,
      "ValueDisplayMode":0
    }
  ],
  "SubChips":[
    {
      "Name":"ROM 256×16",
      "ID":2081364181,
      "Label":"",
      "Position":{
        "x":-0.75602,
        "y":7.86141
      },
      "OutputPinColourInfo":[{"PinColour":0,"PinID":1},{"PinColour":0,"PinID":2}],
      "InternalData":[0,14850,24832,27138,19203,19206,25089,14856,5897,19210,26625,14861,14862,6658,4865,14867,31234,14868,29441,5904,5906,10006,14858,14872,9994,15130,26395,6172,14849,14878,26399,6145,10015,35073,35107,37889,43521,23042,62977,45825,1281,0,0,0,0,0,0,0,0,0,0,0,0,0,0,0,0,0,0,0,0,0,0,0,0,0,0,0,0,0,0,0,0,0,0,0,0,0,0,0,0,0,0,0,0,0,0,0,0,0,0,0,0,0,0,0,0,0,0,0,0,0,0,0,0,0,0,0,0,0,0,0,0,0,0,0,0,0,0,0,0,0,0,0,0,0,0,0,0,0,0,0,0,0,0,0,0,0,0,0,0,0,0,0,0,0,0,0,0,0,0,0,0,0,0,0,0,0,0,0,0,0,0,0,0,0,0,0,0,0,0,0,0,0,0,0,0,0,0,0,0,0,0,0,0,0,0,0,0,0,0,0,0,0,0,0,0,0,0,0,0,0,0,0,0,0,0,0,0,0,0,0,0,0,0,0,0,0,0,0,0,0,0,0,0,0,0,0,0,0,0,0,0,0,0,0,0,0,0,0,0,0,0,0,0,0,0,0,0,0,0,0,0,0,0,2562]
    },
    {
      "Name":"SELECT-8",
      "ID":1988125943,
      "Label":"",
      "Position":{
        "x":3.20028,
        "y":2.15731
      },
      "OutputPinColourInfo":[{"PinColour":0,"PinID":131740421}],
      "InternalData":null
    },
    {
      "Name":"OR-8",
      "ID":279769819,
      "Label":"",
      "Position":{
        "x":1.17747,
        "y":3.28698
      },
      "OutputPinColourInfo":[{"PinColour":0,"PinID":510400247}],
      "InternalData":null
    },
    {
      "Name":"1-8BIT",
      "ID":274585672,
      "Label":"",
      "Position":{
        "x":-0.68519,
        "y":3.20064
      },
      "OutputPinColourInfo":[{"PinColour":0,"PinID":8}],
      "InternalData":null
    },
    {
      "Name":"OR-8",
      "ID":133217925,
      "Label":"",
      "Position":{
        "x":-8.71249,
        "y":7.3833
      },
      "OutputPinColourInfo":[{"PinColour":0,"PinID":510400247}],
      "InternalData":null
    },
    {
      "Name":"CNOT-8",
      "ID":570932017,
      "Label":"",
      "Position":{
        "x":-10.42939,
        "y":7.59912
      },
      "OutputPinColourInfo":[{"PinColour":0,"PinID":1729368722}],
      "InternalData":null
    },
    {
      "Name":"XOR-8",
      "ID":734669560,
      "Label":"",
      "Position":{
        "x":-4.52809,
        "y":3.48354
      },
      "OutputPinColourInfo":[{"PinColour":0,"PinID":1581280468}],
      "InternalData":null
    },
    {
      "Name":"NONE-8",
      "ID":134211869,
      "Label":"",
      "Position":{
        "x":-3.18454,
        "y":3.49646
      },
      "OutputPinColourInfo":[{"PinColour":0,"PinID":1564861363}],
      "InternalData":null
    },
    {
      "Name":"AND",
      "ID":1812629773,
      "Label":"",
      "Position":{
        "x":-2.08644,
        "y":2.87636
      },
      "OutputPinColourInfo":[{"PinColour":0,"PinID":406217789}],
      "InternalData":null
    },
    {
      "Name":"1-8BIT",
      "ID":1427111737,
      "Label":"",
      "Position":{
        "x":-7.23303,
        "y":4.13693
      },
      "OutputPinColourInfo":[{"PinColour":0,"PinID":8}],
      "InternalData":null
    },
    {
      "Name":"HI",
      "ID":1075898217,
      "Label":"",
      "Position":{
        "x":-8.50616,
        "y":4.16045
      },
      "OutputPinColourInfo":[{"PinColour":0,"PinID":1575616495}],
      "InternalData":null
    },
    {
      "Name":"1-8BIT",
      "ID":331140571,
      "Label":"",
      "Position":{
        "x":-3.64475,
        "y":5.08756
      },
      "OutputPinColourInfo":[{"PinColour":0,"PinID":8}],
      "InternalData":null
    },
    {
      "Name":"HI",
      "ID":1837451916,
      "Label":"",
      "Position":{
        "x":-4.8595,
        "y":4.46377
      },
      "OutputPinColourInfo":[{"PinColour":0,"PinID":1575616495}],
      "InternalData":null
    },
    {
      "Name":"XOR-8",
      "ID":1151914278,
      "Label":"",
      "Position":{
        "x":-1.92659,
        "y":5.33927
      },
      "OutputPinColourInfo":[{"PinColour":0,"PinID":1581280468}],
      "InternalData":null
    },
    {
      "Name":"NONE-8",
      "ID":1283083636,
      "Label":"",
      "Position":{
        "x":-0.61335,
        "y":5.33927
      },
      "OutputPinColourInfo":[{"PinColour":0,"PinID":1564861363}],
      "InternalData":null
    },
    {
      "Name":"8-4BIT",
      "ID":1859886648,
      "Label":"",
      "Position":{
        "x":1.42395,
        "y":8.13613
      },
      "OutputPinColourInfo":[{"PinColour":0,"PinID":1},{"PinColour":0,"PinID":2}],
      "InternalData":null
    },
    {
      "Name":"DEMUX-16 4-wide",
      "ID":1971216842,
      "Label":"",
      "Position":{
        "x":3.42383,
        "y":9.2192
      },
      "OutputPinColourInfo":[{"PinColour":0,"PinID":221599395},{"PinColour":0,"PinID":1151734468}],
      "InternalData":null
    },
    {
      "Name":"DEMUX-16 4-wide",
      "ID":425911313,
      "Label":"",
      "Position":{
        "x":3.30803,
        "y":7.25582
      },
      "OutputPinColourInfo":[{"PinColour":0,"PinID":221599395},{"PinColour":0,"PinID":1151734468}],
      "InternalData":null
    },
    {
      "Name":"8-1BIT",
      "ID":756156651,
      "Label":"",
      "Position":{
        "x":7.29002,
        "y":14.30184
      },
      "OutputPinColourInfo":[{"PinColour":0,"PinID":1},{"PinColour":0,"PinID":2},{"PinColour":0,"PinID":3},{"PinColour":0,"PinID":4},{"PinColour":0,"PinID":5},{"PinColour":0,"PinID":6},{"PinColour":0,"PinID":7},{"PinColour":0,"PinID":8}],
      "InternalData":null
    },
    {
      "Name":"8-1BIT",
      "ID":1799728159,
      "Label":"",
      "Position":{
        "x":7.24667,
        "y":12.19974
      },
      "OutputPinColourInfo":[{"PinColour":0,"PinID":1},{"PinColour":0,"PinID":2},{"PinColour":0,"PinID":3},{"PinColour":0,"PinID":4},{"PinColour":0,"PinID":5},{"PinColour":0,"PinID":6},{"PinColour":0,"PinID":7},{"PinColour":0,"PinID":8}],
      "InternalData":null
    },
    {
      "Name":"8-1BIT",
      "ID":1736874608,
      "Label":"",
      "Position":{
        "x":7.05742,
        "y":7.25848
      },
      "OutputPinColourInfo":[{"PinColour":0,"PinID":1},{"PinColour":0,"PinID":2},{"PinColour":0,"PinID":3},{"PinColour":0,"PinID":4},{"PinColour":0,"PinID":5},{"PinColour":0,"PinID":6},{"PinColour":0,"PinID":7},{"PinColour":0,"PinID":8}],
      "InternalData":null
    },
    {
      "Name":"8-1BIT",
      "ID":1571429890,
      "Label":"",
      "Position":{
        "x":7.05742,
        "y":5.17805
      },
      "OutputPinColourInfo":[{"PinColour":0,"PinID":1},{"PinColour":0,"PinID":2},{"PinColour":0,"PinID":3},{"PinColour":0,"PinID":4},{"PinColour":0,"PinID":5},{"PinColour":0,"PinID":6},{"PinColour":0,"PinID":7},{"PinColour":0,"PinID":8}],
      "InternalData":null
    },
    {
      "Name":"HI",
      "ID":1719416026,
      "Label":"",
      "Position":{
        "x":2.03894,
        "y":9.96449
      },
      "OutputPinColourInfo":[{"PinColour":0,"PinID":1575616495}],
      "InternalData":null
    },
    {
      "Name":"D-8",
      "ID":1270636873,
      "Label":"",
      "Position":{
        "x":-6.91464,
        "y":7.6124
      },
      "OutputPinColourInfo":[{"PinColour":0,"PinID":658458727},{"PinColour":0,"PinID":399529008}],
      "InternalData":null
    },
    {
      "Name":"GATE-16",
      "ID":182804200,
      "Label":"",
      "Position":{
        "x":5.30345,
        "y":7.25449
      },
      "OutputPinColourInfo":[{"PinColour":0,"PinID":2028739801},{"PinColour":0,"PinID":178341933},{"PinColour":0,"PinID":1573752798}],
      "InternalData":null
    },
    {
      "Name":"HI",
      "ID":1645577413,
      "Label":"",
      "Position":{
        "x":1.81336,
        "y":7.12388
      },
      "OutputPinColourInfo":[{"PinColour":0,"PinID":1575616495}],
      "InternalData":null
    },
    {
      "Name":"DEMUX-4",
      "ID":974244124,
      "Label":"",
      "Position":{
        "x":13.83067,
        "y":17.38495
      },
      "OutputPinColourInfo":[{"PinColour":0,"PinID":669206422},{"PinColour":0,"PinID":479004368},{"PinColour":0,"PinID":1209412332},{"PinColour":0,"PinID":1246139146}],
      "InternalData":null
    },
    {
      "Name":"OR",
      "ID":340372129,
      "Label":"",
      "Position":{
        "x":11.1958,
        "y":18.20435
      },
      "OutputPinColourInfo":[{"PinColour":0,"PinID":1460349536}],
      "InternalData":null
    },
    {
      "Name":"OR",
      "ID":796342767,
      "Label":"",
      "Position":{
        "x":15.97321,
        "y":15.21974
      },
      "OutputPinColourInfo":[{"PinColour":0,"PinID":1460349536}],
      "InternalData":null
    },
    {
      "Name":"SELECT-2",
      "ID":956485554,
      "Label":"",
      "Position":{
        "x":12.2286,
        "y":17.44639
      },
      "OutputPinColourInfo":[{"PinColour":0,"PinID":1891561407}],
      "InternalData":null
    },
    {
      "Name":"SELECT-2",
      "ID":850040994,
      "Label":"",
      "Position":{
        "x":12.2286,
        "y":16.63919
      },
      "OutputPinColourInfo":[{"PinColour":0,"PinID":1891561407}],
      "InternalData":null
    },
    {
      "Name":"8-1BIT",
      "ID":1630667997,
      "Label":"",
      "Position":{
        "x":6.95944,
        "y":-0.30918
      },
      "OutputPinColourInfo":[{"PinColour":0,"PinID":1},{"PinColour":0,"PinID":2},{"PinColour":0,"PinID":3},{"PinColour":0,"PinID":4},{"PinColour":0,"PinID":5},{"PinColour":0,"PinID":6},{"PinColour":0,"PinID":7},{"PinColour":0,"PinID":8}],
      "InternalData":null
    },
    {
      "Name":"OR",
      "ID":431728934,
      "Label":"",
      "Position":{
        "x":11.49289,
        "y":7.93827
      },
      "OutputPinColourInfo":[{"PinColour":0,"PinID":1460349536}],
      "InternalData":null
    },
    {
      "Name":"SELECT-2",
      "ID":633031667,
      "Label":"",
      "Position":{
        "x":11.58411,
        "y":7.04662
      },
      "OutputPinColourInfo":[{"PinColour":0,"PinID":1891561407}],
      "InternalData":null
    },
    {
      "Name":"SELECT-2",
      "ID":444011575,
      "Label":"",
      "Position":{
        "x":11.55653,
        "y":6.21901
      },
      "OutputPinColourInfo":[{"PinColour":0,"PinID":1891561407}],
      "InternalData":null
    },
    {
      "Name":"DEMUX-2",
      "ID":1773479759,
      "Label":"",
      "Position":{
        "x":11.5152,
        "y":5.38878
      },
      "OutputPinColourInfo":[{"PinColour":0,"PinID":487419911},{"PinColour":0,"PinID":1473415834}],
      "InternalData":null
    },
    {
      "Name":"DEMUX-4",
      "ID":248173121,
      "Label":"",
      "Position":{
        "x":13.60013,
        "y":7.38193
      },
      "OutputPinColourInfo":[{"PinColour":0,"PinID":669206422},{"PinColour":0,"PinID":479004368},{"PinColour":0,"PinID":1209412332},{"PinColour":0,"PinID":1246139146}],
      "InternalData":null
    },
    {
      "Name":"OR",
      "ID":176446036,
      "Label":"",
      "Position":{
        "x":15.51159,
        "y":7.55518
      },
      "OutputPinColourInfo":[{"PinColour":0,"PinID":1460349536}],
      "InternalData":null
    },
    {
      "Name":"OR",
      "ID":970403097,
      "Label":"",
      "Position":{
        "x":15.492,
        "y":6.89895
      },
      "OutputPinColourInfo":[{"PinColour":0,"PinID":1460349536}],
      "InternalData":null
    },
    {
      "Name":"OR",
      "ID":1347267578,
      "Label":"",
      "Position":{
        "x":15.61942,
        "y":8.31968
      },
      "OutputPinColourInfo":[{"PinColour":0,"PinID":1460349536}],
      "InternalData":null
    },
    {
      "Name":"OR",
      "ID":871445563,
      "Label":"",
      "Position":{
        "x":16.2345,
        "y":3.26176
      },
      "OutputPinColourInfo":[{"PinColour":0,"PinID":1460349536}],
      "InternalData":null
    },
    {
      "Name":"8-1BIT",
      "ID":267664949,
      "Label":"",
      "Position":{
        "x":7.22269,
        "y":9.57041
      },
      "OutputPinColourInfo":[{"PinColour":0,"PinID":1},{"PinColour":0,"PinID":2},{"PinColour":0,"PinID":3},{"PinColour":0,"PinID":4},{"PinColour":0,"PinID":5},{"PinColour":0,"PinID":6},{"PinColour":0,"PinID":7},{"PinColour":0,"PinID":8}],
      "InternalData":null
    },
    {
      "Name":"OR",
      "ID":59315970,
      "Label":"",
      "Position":{
        "x":15.85387,
        "y":11.62602
      },
      "OutputPinColourInfo":[{"PinColour":0,"PinID":1460349536}],
      "InternalData":null
    },
    {
      "Name":"AND",
      "ID":688560259,
      "Label":"",
      "Position":{
        "x":15.80749,
        "y":10.98865
      },
      "OutputPinColourInfo":[{"PinColour":0,"PinID":406217789}],
      "InternalData":null
    },
    {
      "Name":"OR",
      "ID":73838613,
      "Label":"",
      "Position":{
        "x":14.16637,
        "y":10.19247
      },
      "OutputPinColourInfo":[{"PinColour":0,"PinID":1460349536}],
      "InternalData":null
    },
    {
      "Name":"OR",
      "ID":1064773959,
      "Label":"",
      "Position":{
        "x":13.39848,
        "y":9.87675
      },
      "OutputPinColourInfo":[{"PinColour":0,"PinID":1460349536}],
      "InternalData":null
    },
    {
      "Name":"8-4BIT",
      "ID":1582784504,
      "Label":"",
      "Position":{
        "x":6.90641,
        "y":-1.87559
      },
      "OutputPinColourInfo":[{"PinColour":0,"PinID":1},{"PinColour":0,"PinID":2}],
      "InternalData":null
    },
    {
      "Name":"GATE-4",
      "ID":1100108531,
      "Label":"",
      "Position":{
        "x":15.30308,
        "y":9.60903
      },
      "OutputPinColourInfo":[{"PinColour":0,"PinID":1098149322}],
      "InternalData":null
    },
    {
      "Name":"OR",
      "ID":607621722,
      "Label":"",
      "Position":{
        "x":14.42535,
        "y":15.83975
      },
      "OutputPinColourInfo":[{"PinColour":0,"PinID":1460349536}],
      "InternalData":null
    },
    {
      "Name":"NOT",
      "ID":1685782086,
      "Label":"",
      "Position":{
        "x":-8.64959,
        "y":8.4288
      },
      "OutputPinColourInfo":[{"PinColour":0,"PinID":892159555}],
      "InternalData":null
    },
    {
      "Name":"OR",
      "ID":1792153696,
      "Label":"",
      "Position":{
        "x":15.81593,
        "y":12.73918
      },
      "OutputPinColourInfo":[{"PinColour":0,"PinID":1460349536}],
      "InternalData":null
    },
    {
      "Name":"ROM 256×16",
      "ID":1721011765,
      "Label":"",
      "Position":{
        "x":0.86545,
        "y":1.90297
      },
      "OutputPinColourInfo":[{"PinColour":0,"PinID":1},{"PinColour":0,"PinID":2}],
      "InternalData":[0,23,11,21,12,23,12,23,7,0,15,0,17,0,17,0,4,25,13,32,14,32,14,32,8,0,19,0,20,0,20,0,5,29,13,32,14,32,14,32,8,0,19,0,20,0,20,0,5,29,13,32,14,32,14,32,8,0,19,0,20,0,20,0,34,34,34,34,34,34,34,34,34,34,34,34,34,34,34,34,33,33,33,33,33,33,33,33,33,33,33,33,33,33,33,33,34,34,34,34,34,34,34,34,34,34,34,34,34,34,34,34,33,33,33,33,33,33,33,33,33,33,33,33,33,33,33,33,36,36,36,36,36,36,36,36,36,36,36,36,36,36,36,36,37,37,37,37,37,37,37,37,37,37,37,37,37,37,37,37,0,0,0,0,0,0,0,0,0,0,0,0,0,0,0,0,0,0,0,0,0,0,0,0,0,0,0,0,0,0,0,0,38,0,0,0,39,0,39,0,0,0,0,0,0,0,0,0,0,0,0,0,0,0,0,0,0,0,0,0,0,0,0,0,40,0,0,0,0,0,0,0,0,0,0,0,0,0,0,0,0,0,0,0,0,0,0,0,0,0,0,0,0,0,0,0]
    },
    {
      "Name":"OR",
      "ID":442547794,
      "Label":"",
      "Position":{
        "x":16.11185,
        "y":5.3013
      },
      "OutputPinColourInfo":[{"PinColour":0,"PinID":1460349536}],
      "InternalData":null
    },
    {
      "Name":"AND",
      "ID":171696475,
      "Label":"",
      "Position":{
        "x":-10.87554,
        "y":8.59029
      },
      "OutputPinColourInfo":[{"PinColour":0,"PinID":406217789}],
      "InternalData":null
    },
    {
      "Name":"CANCELLABLE",
      "ID":1626906797,
      "Label":"",
      "Position":{
        "x":-13.35824,
        "y":9.73844
      },
      "OutputPinColourInfo":[{"PinColour":0,"PinID":1747701384}],
      "InternalData":null
    },
    {
      "Name":"OR",
      "ID":1448818318,
      "Label":"",
      "Position":{
        "x":-16.40754,
        "y":10.11004
      },
      "OutputPinColourInfo":[{"PinColour":0,"PinID":1460349536}],
      "InternalData":null
    },
    {
      "Name":"NOT",
      "ID":1654133907,
      "Label":"",
      "Position":{
        "x":-11.71968,
        "y":9.37122
      },
      "OutputPinColourInfo":[{"PinColour":0,"PinID":892159555}],
      "InternalData":null
    },
    {
      "Name":"AND",
      "ID":1493949550,
      "Label":"",
      "Position":{
        "x":-14.95551,
        "y":9.99701
      },
      "OutputPinColourInfo":[{"PinColour":0,"PinID":406217789}],
      "InternalData":null
    },
    {
      "Name":"NOT",
      "ID":107333314,
      "Label":"",
      "Position":{
        "x":-16.05391,
        "y":8.9402
      },
      "OutputPinColourInfo":[{"PinColour":0,"PinID":892159555}],
      "InternalData":null
    }
  ],
  "Wires":[
    {
      "SourcePinAddress":{
        "PinID":8,
        "PinOwnerID":274585672
      },
      "TargetPinAddress":{
        "PinID":302456598,
        "PinOwnerID":279769819
      },
      "ConnectionType":0,
      "ConnectedWireIndex":-1,
      "ConnectedWireSegmentIndex":-1,
      "Points":[{"x":0.0,"y":0.0},{"x":0.0,"y":0.0}]
    },
    {
      "SourcePinAddress":{
        "PinID":510400247,
        "PinOwnerID":279769819
      },
      "TargetPinAddress":{
        "PinID":640716495,
        "PinOwnerID":1988125943
      },
      "ConnectionType":0,
      "ConnectedWireIndex":-1,
      "ConnectedWireSegmentIndex":-1,
      "Points":[{"x":0.0,"y":0.0},{"x":2.00079,"y":3.28698},{"x":2.00079,"y":2.26055},{"x":0.0,"y":0.0}]
    },
    {
      "SourcePinAddress":{
        "PinID":2,
        "PinOwnerID":2081364181
      },
      "TargetPinAddress":{
        "PinID":2046108047,
        "PinOwnerID":279769819
      },
      "ConnectionType":0,
      "ConnectedWireIndex":-1,
      "ConnectedWireSegmentIndex":-1,
      "Points":[{"x":0.0,"y":0.0},{"x":0.39286,"y":7.614},{"x":0.41636,"y":3.56549},{"x":0.0,"y":0.0}]
    },
    {
      "SourcePinAddress":{
        "PinID":0,
        "PinOwnerID":1700257055
      },
      "TargetPinAddress":{
        "PinID":921021297,
        "PinOwnerID":570932017
      },
      "ConnectionType":0,
      "ConnectedWireIndex":-1,
      "ConnectedWireSegmentIndex":-1,
      "Points":[{"x":0.0,"y":0.0},{"x":0.0,"y":0.0}]
    },
    {
      "SourcePinAddress":{
        "PinID":1729368722,
        "PinOwnerID":570932017
      },
      "TargetPinAddress":{
        "PinID":2046108047,
        "PinOwnerID":133217925
      },
      "ConnectionType":0,
      "ConnectedWireIndex":-1,
      "ConnectedWireSegmentIndex":-1,
      "Points":[{"x":0.0,"y":0.0},{"x":0.0,"y":0.0}]
    },
    {
      "SourcePinAddress":{
        "PinID":1581280468,
        "PinOwnerID":734669560
      },
      "TargetPinAddress":{
        "PinID":55791929,
        "PinOwnerID":134211869
      },
      "ConnectionType":0,
      "ConnectedWireIndex":-1,
      "ConnectedWireSegmentIndex":-1,
      "Points":[{"x":0.0,"y":0.0},{"x":0.0,"y":0.0}]
    },
    {
      "SourcePinAddress":{
        "PinID":406217789,
        "PinOwnerID":1812629773
      },
      "TargetPinAddress":{
        "PinID":6,
        "PinOwnerID":274585672
      },
      "ConnectionType":0,
      "ConnectedWireIndex":-1,
      "ConnectedWireSegmentIndex":-1,
      "Points":[{"x":0.0,"y":0.0},{"x":0.0,"y":0.0}]
    },
    {
      "SourcePinAddress":{
        "PinID":1564861363,
        "PinOwnerID":134211869
      },
      "TargetPinAddress":{
        "PinID":1792892232,
        "PinOwnerID":1812629773
      },
      "ConnectionType":0,
      "ConnectedWireIndex":-1,
      "ConnectedWireSegmentIndex":-1,
      "Points":[{"x":0.0,"y":0.0},{"x":0.0,"y":0.0}]
    },
    {
      "SourcePinAddress":{
        "PinID":0,
        "PinOwnerID":1670566918
      },
      "TargetPinAddress":{
        "PinID":1351959728,
        "PinOwnerID":1812629773
      },
      "ConnectionType":0,
      "ConnectedWireIndex":-1,
      "ConnectedWireSegmentIndex":-1,
      "Points":[{"x":0.0,"y":0.0},{"x":0.0,"y":0.0}]
    },
    {
      "SourcePinAddress":{
        "PinID":131740421,
        "PinOwnerID":1988125943
      },
      "TargetPinAddress":{
        "PinID":302456598,
        "PinOwnerID":133217925
      },
      "ConnectionType":0,
      "ConnectedWireIndex":-1,
      "ConnectedWireSegmentIndex":-1,
      "Points":[{"x":0.0,"y":0.0},{"x":4.337,"y":2.21502},{"x":4.337,"y":1.11472},{"x":-9.47945,"y":1.11472},{"x":-9.47945,"y":7.1333},{"x":0.0,"y":0.0}]
    },
    {
      "SourcePinAddress":{
        "PinID":8,
        "PinOwnerID":1427111737
      },
      "TargetPinAddress":{
        "PinID":1649626117,
        "PinOwnerID":734669560
      },
      "ConnectionType":0,
      "ConnectedWireIndex":-1,
      "ConnectedWireSegmentIndex":-1,
      "Points":[{"x":0.0,"y":0.0},{"x":-6.13871,"y":4.13693},{"x":-6.13871,"y":3.2344},{"x":0.0,"y":0.0}]
    },
    {
      "SourcePinAddress":{
        "PinID":1575616495,
        "PinOwnerID":1837451916
      },
      "TargetPinAddress":{
        "PinID":6,
        "PinOwnerID":331140571
      },
      "ConnectionType":0,
      "ConnectedWireIndex":-1,
      "ConnectedWireSegmentIndex":-1,
      "Points":[{"x":0.0,"y":0.0},{"x":0.0,"y":0.0}]
    },
    {
      "SourcePinAddress":{
        "PinID":8,
        "PinOwnerID":331140571
      },
      "TargetPinAddress":{
        "PinID":1649626117,
        "PinOwnerID":1151914278
      },
      "ConnectionType":0,
      "ConnectedWireIndex":-1,
      "ConnectedWireSegmentIndex":-1,
      "Points":[{"x":0.0,"y":0.0},{"x":0.0,"y":0.0}]
    },
    {
      "SourcePinAddress":{
        "PinID":1581280468,
        "PinOwnerID":1151914278
      },
      "TargetPinAddress":{
        "PinID":55791929,
        "PinOwnerID":1283083636
      },
      "ConnectionType":0,
      "ConnectedWireIndex":-1,
      "ConnectedWireSegmentIndex":-1,
      "Points":[{"x":0.0,"y":0.0},{"x":0.0,"y":0.0}]
    },
    {
      "SourcePinAddress":{
        "PinID":1564861363,
        "PinOwnerID":1283083636
      },
      "TargetPinAddress":{
        "PinID":521620496,
        "PinOwnerID":1988125943
      },
      "ConnectionType":0,
      "ConnectedWireIndex":-1,
      "ConnectedWireSegmentIndex":-1,
      "Points":[{"x":0.0,"y":0.0},{"x":2.29768,"y":5.33927},{"x":2.29768,"y":2.65806},{"x":0.0,"y":0.0}]
    },
    {
      "SourcePinAddress":{
        "PinID":1,
        "PinOwnerID":2081364181
      },
      "TargetPinAddress":{
        "PinID":0,
        "PinOwnerID":1859886648
      },
      "ConnectionType":0,
      "ConnectedWireIndex":-1,
      "ConnectedWireSegmentIndex":-1,
      "Points":[{"x":0.0,"y":0.0},{"x":0.0,"y":0.0}]
    },
    {
      "SourcePinAddress":{
        "PinID":1,
        "PinOwnerID":1859886648
      },
      "TargetPinAddress":{
        "PinID":1041615454,
        "PinOwnerID":1971216842
      },
      "ConnectionType":0,
      "ConnectedWireIndex":-1,
      "ConnectedWireSegmentIndex":-1,
      "Points":[{"x":0.0,"y":0.0},{"x":0.0,"y":0.0}]
    },
    {
      "SourcePinAddress":{
        "PinID":2,
        "PinOwnerID":1859886648
      },
      "TargetPinAddress":{
        "PinID":1041615454,
        "PinOwnerID":425911313
      },
      "ConnectionType":0,
      "ConnectedWireIndex":-1,
      "ConnectedWireSegmentIndex":-1,
      "Points":[{"x":0.0,"y":0.0},{"x":0.0,"y":0.0}]
    },
    {
      "SourcePinAddress":{
        "PinID":221599395,
        "PinOwnerID":1971216842
      },
      "TargetPinAddress":{
        "PinID":0,
        "PinOwnerID":756156651
      },
      "ConnectionType":0,
      "ConnectedWireIndex":-1,
      "ConnectedWireSegmentIndex":-1,
      "Points":[{"x":0.0,"y":0.0},{"x":0.0,"y":0.0}]
    },
    {
      "SourcePinAddress":{
        "PinID":1151734468,
        "PinOwnerID":1971216842
      },
      "TargetPinAddress":{
        "PinID":0,
        "PinOwnerID":1799728159
      },
      "ConnectionType":0,
      "ConnectedWireIndex":-1,
      "ConnectedWireSegmentIndex":-1,
      "Points":[{"x":0.0,"y":0.0},{"x":0.0,"y":0.0}]
    },
    {
      "SourcePinAddress":{
        "PinID":1575616495,
        "PinOwnerID":1719416026
      },
      "TargetPinAddress":{
        "PinID":1196331531,
        "PinOwnerID":1971216842
      },
      "ConnectionType":0,
      "ConnectedWireIndex":-1,
      "ConnectedWireSegmentIndex":-1,
      "Points":[{"x":0.0,"y":0.0},{"x":0.0,"y":0.0}]
    },
    {
      "SourcePinAddress":{
        "PinID":510400247,
        "PinOwnerID":133217925
      },
      "TargetPinAddress":{
        "PinID":428440087,
        "PinOwnerID":1270636873
      },
      "ConnectionType":0,
      "ConnectedWireIndex":-1,
      "ConnectedWireSegmentIndex":-1,
      "Points":[{"x":0.0,"y":0.0},{"x":0.0,"y":0.0}]
    },
    {
      "SourcePinAddress":{
        "PinID":658458727,
        "PinOwnerID":1270636873
      },
      "TargetPinAddress":{
        "PinID":0,
        "PinOwnerID":2081364181
      },
      "ConnectionType":0,
      "ConnectedWireIndex":-1,
      "ConnectedWireSegmentIndex":-1,
      "Points":[{"x":0.0,"y":0.0},{"x":0.0,"y":0.0}]
    },
    {
      "SourcePinAddress":{
        "PinID":658458727,
        "PinOwnerID":1270636873
      },
      "TargetPinAddress":{
        "PinID":1627374834,
        "PinOwnerID":734669560
      },
      "ConnectionType":1,
      "ConnectedWireIndex":22,
      "ConnectedWireSegmentIndex":0,
      "Points":[{"x":-5.51569,"y":7.86229},{"x":-5.51569,"y":3.77867},{"x":0.0,"y":0.0}]
    },
    {
      "SourcePinAddress":{
        "PinID":658458727,
        "PinOwnerID":1270636873
      },
      "TargetPinAddress":{
        "PinID":1627374834,
        "PinOwnerID":1151914278
      },
      "ConnectionType":1,
      "ConnectedWireIndex":22,
      "ConnectedWireSegmentIndex":0,
      "Points":[{"x":-2.72849,"y":7.86168},{"x":-2.72851,"y":5.58927},{"x":0.0,"y":0.0}]
    },
    {
      "SourcePinAddress":{
        "PinID":221599395,
        "PinOwnerID":425911313
      },
      "TargetPinAddress":{
        "PinID":1370653146,
        "PinOwnerID":182804200
      },
      "ConnectionType":0,
      "ConnectedWireIndex":-1,
      "ConnectedWireSegmentIndex":-1,
      "Points":[{"x":0.0,"y":0.0},{"x":0.0,"y":0.0}]
    },
    {
      "SourcePinAddress":{
        "PinID":1151734468,
        "PinOwnerID":425911313
      },
      "TargetPinAddress":{
        "PinID":1209275541,
        "PinOwnerID":182804200
      },
      "ConnectionType":0,
      "ConnectedWireIndex":-1,
      "ConnectedWireSegmentIndex":-1,
      "Points":[{"x":0.0,"y":0.0},{"x":0.0,"y":0.0}]
    },
    {
      "SourcePinAddress":{
        "PinID":178341933,
        "PinOwnerID":182804200
      },
      "TargetPinAddress":{
        "PinID":0,
        "PinOwnerID":1736874608
      },
      "ConnectionType":0,
      "ConnectedWireIndex":-1,
      "ConnectedWireSegmentIndex":-1,
      "Points":[{"x":0.0,"y":0.0},{"x":0.0,"y":0.0}]
    },
    {
      "SourcePinAddress":{
        "PinID":1573752798,
        "PinOwnerID":182804200
      },
      "TargetPinAddress":{
        "PinID":0,
        "PinOwnerID":1571429890
      },
      "ConnectionType":0,
      "ConnectedWireIndex":-1,
      "ConnectedWireSegmentIndex":-1,
      "Points":[{"x":0.0,"y":0.0},{"x":0.0,"y":0.0}]
    },
    {
      "SourcePinAddress":{
        "PinID":1575616495,
        "PinOwnerID":1645577413
      },
      "TargetPinAddress":{
        "PinID":1196331531,
        "PinOwnerID":425911313
      },
      "ConnectionType":0,
      "ConnectedWireIndex":-1,
      "ConnectedWireSegmentIndex":-1,
      "Points":[{"x":0.0,"y":0.0},{"x":0.0,"y":0.0}]
    },
    {
      "SourcePinAddress":{
        "PinID":2,
        "PinOwnerID":1799728159
      },
      "TargetPinAddress":{
        "PinID":0,
        "PinOwnerID":1114110658
      },
      "ConnectionType":0,
      "ConnectedWireIndex":-1,
      "ConnectedWireSegmentIndex":-1,
      "Points":[{"x":0.0,"y":0.0},{"x":0.0,"y":0.0}]
    },
    {
      "SourcePinAddress":{
        "PinID":1460349536,
        "PinOwnerID":340372129
      },
      "TargetPinAddress":{
        "PinID":1549280511,
        "PinOwnerID":974244124
      },
      "ConnectionType":0,
      "ConnectedWireIndex":-1,
      "ConnectedWireSegmentIndex":-1,
      "Points":[{"x":0.0,"y":0.0},{"x":0.0,"y":0.0}]
    },
    {
      "SourcePinAddress":{
        "PinID":479004368,
        "PinOwnerID":974244124
      },
      "TargetPinAddress":{
        "PinID":0,
        "PinOwnerID":1616687719
      },
      "ConnectionType":0,
      "ConnectedWireIndex":-1,
      "ConnectedWireSegmentIndex":-1,
      "Points":[{"x":0.0,"y":0.0},{"x":0.0,"y":0.0}]
    },
    {
      "SourcePinAddress":{
        "PinID":1460349536,
        "PinOwnerID":796342767
      },
      "TargetPinAddress":{
        "PinID":0,
        "PinOwnerID":466402635
      },
      "ConnectionType":0,
      "ConnectedWireIndex":-1,
      "ConnectedWireSegmentIndex":-1,
      "Points":[{"x":0.0,"y":0.0},{"x":0.0,"y":0.0}]
    },
    {
      "SourcePinAddress":{
        "PinID":1209412332,
        "PinOwnerID":974244124
      },
      "TargetPinAddress":{
        "PinID":1595053635,
        "PinOwnerID":796342767
      },
      "ConnectionType":0,
      "ConnectedWireIndex":-1,
      "ConnectedWireSegmentIndex":-1,
      "Points":[{"x":0.0,"y":0.0},{"x":0.0,"y":0.0}]
    },
    {
      "SourcePinAddress":{
        "PinID":1246139146,
        "PinOwnerID":974244124
      },
      "TargetPinAddress":{
        "PinID":0,
        "PinOwnerID":150181922
      },
      "ConnectionType":0,
      "ConnectedWireIndex":-1,
      "ConnectedWireSegmentIndex":-1,
      "Points":[{"x":0.0,"y":0.0},{"x":0.0,"y":0.0}]
    },
    {
      "SourcePinAddress":{
        "PinID":8,
        "PinOwnerID":756156651
      },
      "TargetPinAddress":{
        "PinID":0,
        "PinOwnerID":1271278263
      },
      "ConnectionType":0,
      "ConnectedWireIndex":-1,
      "ConnectedWireSegmentIndex":-1,
      "Points":[{"x":0.0,"y":0.0},{"x":0.0,"y":0.0}]
    },
    {
      "SourcePinAddress":{
        "PinID":6,
        "PinOwnerID":756156651
      },
      "TargetPinAddress":{
        "PinID":0,
        "PinOwnerID":1289769878
      },
      "ConnectionType":0,
      "ConnectedWireIndex":-1,
      "ConnectedWireSegmentIndex":-1,
      "Points":[{"x":0.0,"y":0.0},{"x":0.0,"y":0.0}]
    },
    {
      "SourcePinAddress":{
        "PinID":1891561407,
        "PinOwnerID":956485554
      },
      "TargetPinAddress":{
        "PinID":1463404891,
        "PinOwnerID":974244124
      },
      "ConnectionType":0,
      "ConnectedWireIndex":-1,
      "ConnectedWireSegmentIndex":-1,
      "Points":[{"x":0.0,"y":0.0},{"x":0.0,"y":0.0}]
    },
    {
      "SourcePinAddress":{
        "PinID":1891561407,
        "PinOwnerID":850040994
      },
      "TargetPinAddress":{
        "PinID":1690241237,
        "PinOwnerID":974244124
      },
      "ConnectionType":0,
      "ConnectedWireIndex":-1,
      "ConnectedWireSegmentIndex":-1,
      "Points":[{"x":0.0,"y":0.0},{"x":0.0,"y":0.0}]
    },
    {
      "SourcePinAddress":{
        "PinID":5,
        "PinOwnerID":756156651
      },
      "TargetPinAddress":{
        "PinID":657869569,
        "PinOwnerID":796342767
      },
      "ConnectionType":0,
      "ConnectedWireIndex":-1,
      "ConnectedWireSegmentIndex":-1,
      "Points":[{"x":0.0,"y":0.0},{"x":0.0,"y":0.0}]
    },
    {
      "SourcePinAddress":{
        "PinID":2,
        "PinOwnerID":756156651
      },
      "TargetPinAddress":{
        "PinID":1595053635,
        "PinOwnerID":340372129
      },
      "ConnectionType":0,
      "ConnectedWireIndex":-1,
      "ConnectedWireSegmentIndex":-1,
      "Points":[{"x":0.0,"y":0.0},{"x":8.11179,"y":14.92684},{"x":8.11179,"y":18.33304},{"x":0.0,"y":0.0}]
    },
    {
      "SourcePinAddress":{
        "PinID":3,
        "PinOwnerID":756156651
      },
      "TargetPinAddress":{
        "PinID":657869569,
        "PinOwnerID":340372129
      },
      "ConnectionType":0,
      "ConnectedWireIndex":-1,
      "ConnectedWireSegmentIndex":-1,
      "Points":[{"x":0.0,"y":0.0},{"x":8.23037,"y":14.67684},{"x":8.23037,"y":18.10285},{"x":0.0,"y":0.0}]
    },
    {
      "SourcePinAddress":{
        "PinID":3,
        "PinOwnerID":756156651
      },
      "TargetPinAddress":{
        "PinID":950059019,
        "PinOwnerID":956485554
      },
      "ConnectionType":1,
      "ConnectedWireIndex":42,
      "ConnectedWireSegmentIndex":1,
      "Points":[{"x":8.23037,"y":17.69639},{"x":0.0,"y":0.0}]
    },
    {
      "SourcePinAddress":{
        "PinID":3,
        "PinOwnerID":756156651
      },
      "TargetPinAddress":{
        "PinID":950059019,
        "PinOwnerID":850040994
      },
      "ConnectionType":1,
      "ConnectedWireIndex":42,
      "ConnectedWireSegmentIndex":1,
      "Points":[{"x":8.23037,"y":16.88919},{"x":0.0,"y":0.0}]
    },
    {
      "SourcePinAddress":{
        "PinID":0,
        "PinOwnerID":151097687
      },
      "TargetPinAddress":{
        "PinID":0,
        "PinOwnerID":1630667997
      },
      "ConnectionType":0,
      "ConnectedWireIndex":-1,
      "ConnectedWireSegmentIndex":-1,
      "Points":[{"x":0.0,"y":0.0},{"x":-1.0821,"y":1.81961},{"x":-1.08205,"y":-0.30918},{"x":0.0,"y":0.0}]
    },
    {
      "SourcePinAddress":{
        "PinID":3,
        "PinOwnerID":1630667997
      },
      "TargetPinAddress":{
        "PinID":1759055145,
        "PinOwnerID":956485554
      },
      "ConnectionType":0,
      "ConnectedWireIndex":-1,
      "ConnectedWireSegmentIndex":-1,
      "Points":[{"x":0.0,"y":0.0},{"x":8.99296,"y":0.06582},{"x":8.99296,"y":17.51267},{"x":0.0,"y":0.0}]
    },
    {
      "SourcePinAddress":{
        "PinID":4,
        "PinOwnerID":1630667997
      },
      "TargetPinAddress":{
        "PinID":1759055145,
        "PinOwnerID":850040994
      },
      "ConnectionType":0,
      "ConnectedWireIndex":-1,
      "ConnectedWireSegmentIndex":-1,
      "Points":[{"x":0.0,"y":0.0},{"x":9.20531,"y":-0.18418},{"x":9.20531,"y":16.6307},{"x":0.0,"y":0.0}]
    },
    {
      "SourcePinAddress":{
        "PinID":6,
        "PinOwnerID":1630667997
      },
      "TargetPinAddress":{
        "PinID":1646085438,
        "PinOwnerID":956485554
      },
      "ConnectionType":0,
      "ConnectedWireIndex":-1,
      "ConnectedWireSegmentIndex":-1,
      "Points":[{"x":0.0,"y":0.0},{"x":9.41765,"y":-0.68418},{"x":9.41765,"y":17.18508},{"x":0.0,"y":0.0}]
    },
    {
      "SourcePinAddress":{
        "PinID":7,
        "PinOwnerID":1630667997
      },
      "TargetPinAddress":{
        "PinID":1646085438,
        "PinOwnerID":850040994
      },
      "ConnectionType":0,
      "ConnectedWireIndex":-1,
      "ConnectedWireSegmentIndex":-1,
      "Points":[{"x":0.0,"y":0.0},{"x":9.58752,"y":-0.93418},{"x":9.58752,"y":16.4039},{"x":0.0,"y":0.0}]
    },
    {
      "SourcePinAddress":{
        "PinID":2,
        "PinOwnerID":1736874608
      },
      "TargetPinAddress":{
        "PinID":0,
        "PinOwnerID":1035916614
      },
      "ConnectionType":0,
      "ConnectedWireIndex":-1,
      "ConnectedWireSegmentIndex":-1,
      "Points":[{"x":0.0,"y":0.0},{"x":0.0,"y":0.0}]
    },
    {
      "SourcePinAddress":{
        "PinID":3,
        "PinOwnerID":1736874608
      },
      "TargetPinAddress":{
        "PinID":1595053635,
        "PinOwnerID":431728934
      },
      "ConnectionType":0,
      "ConnectedWireIndex":-1,
      "ConnectedWireSegmentIndex":-1,
      "Points":[{"x":0.0,"y":0.0},{"x":0.0,"y":0.0}]
    },
    {
      "SourcePinAddress":{
        "PinID":4,
        "PinOwnerID":1736874608
      },
      "TargetPinAddress":{
        "PinID":657869569,
        "PinOwnerID":431728934
      },
      "ConnectionType":0,
      "ConnectedWireIndex":-1,
      "ConnectedWireSegmentIndex":-1,
      "Points":[{"x":0.0,"y":0.0},{"x":0.0,"y":0.0}]
    },
    {
      "SourcePinAddress":{
        "PinID":4,
        "PinOwnerID":1736874608
      },
      "TargetPinAddress":{
        "PinID":950059019,
        "PinOwnerID":633031667
      },
      "ConnectionType":0,
      "ConnectedWireIndex":-1,
      "ConnectedWireSegmentIndex":-1,
      "Points":[{"x":0.0,"y":0.0},{"x":0.0,"y":0.0}]
    },
    {
      "SourcePinAddress":{
        "PinID":4,
        "PinOwnerID":1736874608
      },
      "TargetPinAddress":{
        "PinID":950059019,
        "PinOwnerID":444011575
      },
      "ConnectionType":0,
      "ConnectedWireIndex":-1,
      "ConnectedWireSegmentIndex":-1,
      "Points":[{"x":0.0,"y":0.0},{"x":0.0,"y":0.0}]
    },
    {
      "SourcePinAddress":{
        "PinID":3,
        "PinOwnerID":1630667997
      },
      "TargetPinAddress":{
        "PinID":1759055145,
        "PinOwnerID":633031667
      },
      "ConnectionType":1,
      "ConnectedWireIndex":46,
      "ConnectedWireSegmentIndex":1,
      "Points":[{"x":8.99296,"y":7.04662},{"x":0.0,"y":0.0}]
    },
    {
      "SourcePinAddress":{
        "PinID":6,
        "PinOwnerID":1630667997
      },
      "TargetPinAddress":{
        "PinID":1646085438,
        "PinOwnerID":633031667
      },
      "ConnectionType":1,
      "ConnectedWireIndex":48,
      "ConnectedWireSegmentIndex":1,
      "Points":[{"x":9.41765,"y":6.79662},{"x":0.0,"y":0.0}]
    },
    {
      "SourcePinAddress":{
        "PinID":4,
        "PinOwnerID":1630667997
      },
      "TargetPinAddress":{
        "PinID":1759055145,
        "PinOwnerID":444011575
      },
      "ConnectionType":1,
      "ConnectedWireIndex":47,
      "ConnectedWireSegmentIndex":1,
      "Points":[{"x":9.20531,"y":6.21901},{"x":0.0,"y":0.0}]
    },
    {
      "SourcePinAddress":{
        "PinID":7,
        "PinOwnerID":1630667997
      },
      "TargetPinAddress":{
        "PinID":1646085438,
        "PinOwnerID":444011575
      },
      "ConnectionType":1,
      "ConnectedWireIndex":49,
      "ConnectedWireSegmentIndex":1,
      "Points":[{"x":9.58752,"y":5.96901},{"x":0.0,"y":0.0}]
    },
    {
      "SourcePinAddress":{
        "PinID":5,
        "PinOwnerID":1736874608
      },
      "TargetPinAddress":{
        "PinID":1893924884,
        "PinOwnerID":1773479759
      },
      "ConnectionType":0,
      "ConnectedWireIndex":-1,
      "ConnectedWireSegmentIndex":-1,
      "Points":[{"x":0.0,"y":0.0},{"x":0.0,"y":0.0}]
    },
    {
      "SourcePinAddress":{
        "PinID":1891561407,
        "PinOwnerID":444011575
      },
      "TargetPinAddress":{
        "PinID":1690241237,
        "PinOwnerID":248173121
      },
      "ConnectionType":0,
      "ConnectedWireIndex":-1,
      "ConnectedWireSegmentIndex":-1,
      "Points":[{"x":0.0,"y":0.0},{"x":0.0,"y":0.0}]
    },
    {
      "SourcePinAddress":{
        "PinID":1891561407,
        "PinOwnerID":633031667
      },
      "TargetPinAddress":{
        "PinID":1463404891,
        "PinOwnerID":248173121
      },
      "ConnectionType":0,
      "ConnectedWireIndex":-1,
      "ConnectedWireSegmentIndex":-1,
      "Points":[{"x":0.0,"y":0.0},{"x":0.0,"y":0.0}]
    },
    {
      "SourcePinAddress":{
        "PinID":1460349536,
        "PinOwnerID":431728934
      },
      "TargetPinAddress":{
        "PinID":1549280511,
        "PinOwnerID":248173121
      },
      "ConnectionType":0,
      "ConnectedWireIndex":-1,
      "ConnectedWireSegmentIndex":-1,
      "Points":[{"x":0.0,"y":0.0},{"x":0.0,"y":0.0}]
    },
    {
      "SourcePinAddress":{
        "PinID":3,
        "PinOwnerID":1630667997
      },
      "TargetPinAddress":{
        "PinID":1906708467,
        "PinOwnerID":1773479759
      },
      "ConnectionType":1,
      "ConnectedWireIndex":46,
      "ConnectedWireSegmentIndex":1,
      "Points":[{"x":8.99296,"y":5.26378},{"x":0.0,"y":0.0}]
    },
    {
      "SourcePinAddress":{
        "PinID":1460349536,
        "PinOwnerID":176446036
      },
      "TargetPinAddress":{
        "PinID":0,
        "PinOwnerID":884217483
      },
      "ConnectionType":0,
      "ConnectedWireIndex":-1,
      "ConnectedWireSegmentIndex":-1,
      "Points":[{"x":0.0,"y":0.0},{"x":0.0,"y":0.0}]
    },
    {
      "SourcePinAddress":{
        "PinID":1460349536,
        "PinOwnerID":970403097
      },
      "TargetPinAddress":{
        "PinID":0,
        "PinOwnerID":1737094516
      },
      "ConnectionType":0,
      "ConnectedWireIndex":-1,
      "ConnectedWireSegmentIndex":-1,
      "Points":[{"x":0.0,"y":0.0},{"x":0.0,"y":0.0}]
    },
    {
      "SourcePinAddress":{
        "PinID":1209412332,
        "PinOwnerID":248173121
      },
      "TargetPinAddress":{
        "PinID":1595053635,
        "PinOwnerID":176446036
      },
      "ConnectionType":0,
      "ConnectedWireIndex":-1,
      "ConnectedWireSegmentIndex":-1,
      "Points":[{"x":0.0,"y":0.0},{"x":0.0,"y":0.0}]
    },
    {
      "SourcePinAddress":{
        "PinID":1246139146,
        "PinOwnerID":248173121
      },
      "TargetPinAddress":{
        "PinID":1595053635,
        "PinOwnerID":970403097
      },
      "ConnectionType":0,
      "ConnectedWireIndex":-1,
      "ConnectedWireSegmentIndex":-1,
      "Points":[{"x":0.0,"y":0.0},{"x":0.0,"y":0.0}]
    },
    {
      "SourcePinAddress":{
        "PinID":487419911,
        "PinOwnerID":1773479759
      },
      "TargetPinAddress":{
        "PinID":657869569,
        "PinOwnerID":176446036
      },
      "ConnectionType":0,
      "ConnectedWireIndex":-1,
      "ConnectedWireSegmentIndex":-1,
      "Points":[{"x":0.0,"y":0.0},{"x":0.0,"y":0.0}]
    },
    {
      "SourcePinAddress":{
        "PinID":1473415834,
        "PinOwnerID":1773479759
      },
      "TargetPinAddress":{
        "PinID":657869569,
        "PinOwnerID":970403097
      },
      "ConnectionType":0,
      "ConnectedWireIndex":-1,
      "ConnectedWireSegmentIndex":-1,
      "Points":[{"x":0.0,"y":0.0},{"x":0.0,"y":0.0}]
    },
    {
      "SourcePinAddress":{
        "PinID":479004368,
        "PinOwnerID":248173121
      },
      "TargetPinAddress":{
        "PinID":1595053635,
        "PinOwnerID":1347267578
      },
      "ConnectionType":0,
      "ConnectedWireIndex":-1,
      "ConnectedWireSegmentIndex":-1,
      "Points":[{"x":0.0,"y":0.0},{"x":0.0,"y":0.0}]
    },
    {
      "SourcePinAddress":{
        "PinID":1460349536,
        "PinOwnerID":1347267578
      },
      "TargetPinAddress":{
        "PinID":0,
        "PinOwnerID":1664959656
      },
      "ConnectionType":0,
      "ConnectedWireIndex":-1,
      "ConnectedWireSegmentIndex":-1,
      "Points":[{"x":0.0,"y":0.0},{"x":0.0,"y":0.0}]
    },
    {
      "SourcePinAddress":{
        "PinID":1460349536,
        "PinOwnerID":871445563
      },
      "TargetPinAddress":{
        "PinID":0,
        "PinOwnerID":1401200618
      },
      "ConnectionType":0,
      "ConnectedWireIndex":-1,
      "ConnectedWireSegmentIndex":-1,
      "Points":[{"x":0.0,"y":0.0},{"x":0.0,"y":0.0}]
    },
    {
      "SourcePinAddress":{
        "PinID":1460349536,
        "PinOwnerID":59315970
      },
      "TargetPinAddress":{
        "PinID":0,
        "PinOwnerID":181646684
      },
      "ConnectionType":0,
      "ConnectedWireIndex":-1,
      "ConnectedWireSegmentIndex":-1,
      "Points":[{"x":0.0,"y":0.0},{"x":0.0,"y":0.0}]
    },
    {
      "SourcePinAddress":{
        "PinID":8,
        "PinOwnerID":756156651
      },
      "TargetPinAddress":{
        "PinID":1595053635,
        "PinOwnerID":59315970
      },
      "ConnectionType":1,
      "ConnectedWireIndex":36,
      "ConnectedWireSegmentIndex":0,
      "Points":[{"x":15.09691,"y":12.24142},{"x":0.0,"y":0.0}]
    },
    {
      "SourcePinAddress":{
        "PinID":1,
        "PinOwnerID":1799728159
      },
      "TargetPinAddress":{
        "PinID":1792892232,
        "PinOwnerID":688560259
      },
      "ConnectionType":0,
      "ConnectedWireIndex":-1,
      "ConnectedWireSegmentIndex":-1,
      "Points":[{"x":0.0,"y":0.0},{"x":0.0,"y":0.0}]
    },
    {
      "SourcePinAddress":{
        "PinID":406217789,
        "PinOwnerID":688560259
      },
      "TargetPinAddress":{
        "PinID":0,
        "PinOwnerID":1117824771
      },
      "ConnectionType":0,
      "ConnectedWireIndex":-1,
      "ConnectedWireSegmentIndex":-1,
      "Points":[{"x":0.0,"y":0.0},{"x":0.0,"y":0.0}]
    },
    {
      "SourcePinAddress":{
        "PinID":3,
        "PinOwnerID":1630667997
      },
      "TargetPinAddress":{
        "PinID":1351959728,
        "PinOwnerID":688560259
      },
      "ConnectionType":1,
      "ConnectedWireIndex":46,
      "ConnectedWireSegmentIndex":1,
      "Points":[{"x":8.99296,"y":10.86365},{"x":0.0,"y":0.0}]
    },
    {
      "SourcePinAddress":{
        "PinID":1460349536,
        "PinOwnerID":1064773959
      },
      "TargetPinAddress":{
        "PinID":657869569,
        "PinOwnerID":73838613
      },
      "ConnectionType":0,
      "ConnectedWireIndex":-1,
      "ConnectedWireSegmentIndex":-1,
      "Points":[{"x":0.0,"y":0.0},{"x":0.0,"y":0.0}]
    },
    {
      "SourcePinAddress":{
        "PinID":6,
        "PinOwnerID":756156651
      },
      "TargetPinAddress":{
        "PinID":1595053635,
        "PinOwnerID":73838613
      },
      "ConnectionType":0,
      "ConnectedWireIndex":-1,
      "ConnectedWireSegmentIndex":-1,
      "Points":[{"x":0.0,"y":0.0},{"x":0.0,"y":0.0}]
    },
    {
      "SourcePinAddress":{
        "PinID":1,
        "PinOwnerID":1799728159
      },
      "TargetPinAddress":{
        "PinID":1595053635,
        "PinOwnerID":1064773959
      },
      "ConnectionType":0,
      "ConnectedWireIndex":-1,
      "ConnectedWireSegmentIndex":-1,
      "Points":[{"x":0.0,"y":0.0},{"x":0.0,"y":0.0}]
    },
    {
      "SourcePinAddress":{
        "PinID":3,
        "PinOwnerID":1799728159
      },
      "TargetPinAddress":{
        "PinID":657869569,
        "PinOwnerID":1064773959
      },
      "ConnectionType":0,
      "ConnectedWireIndex":-1,
      "ConnectedWireSegmentIndex":-1,
      "Points":[{"x":0.0,"y":0.0},{"x":0.0,"y":0.0}]
    },
    {
      "SourcePinAddress":{
        "PinID":1460349536,
        "PinOwnerID":73838613
      },
      "TargetPinAddress":{
        "PinID":507935886,
        "PinOwnerID":1100108531
      },
      "ConnectionType":0,
      "ConnectedWireIndex":-1,
      "ConnectedWireSegmentIndex":-1,
      "Points":[{"x":0.0,"y":0.0},{"x":0.0,"y":0.0}]
    },
    {
      "SourcePinAddress":{
        "PinID":2,
        "PinOwnerID":1582784504
      },
      "TargetPinAddress":{
        "PinID":1789470071,
        "PinOwnerID":1100108531
      },
      "ConnectionType":0,
      "ConnectedWireIndex":-1,
      "ConnectedWireSegmentIndex":-1,
      "Points":[{"x":0.0,"y":0.0},{"x":9.8842,"y":-2.00298},{"x":9.8842,"y":9.48403},{"x":0.0,"y":0.0}]
    },
    {
      "SourcePinAddress":{
        "PinID":1098149322,
        "PinOwnerID":1100108531
      },
      "TargetPinAddress":{
        "PinID":0,
        "PinOwnerID":2092907360
      },
      "ConnectionType":0,
      "ConnectedWireIndex":-1,
      "ConnectedWireSegmentIndex":-1,
      "Points":[{"x":0.0,"y":0.0},{"x":0.0,"y":0.0}]
    },
    {
      "SourcePinAddress":{
        "PinID":4,
        "PinOwnerID":756156651
      },
      "TargetPinAddress":{
        "PinID":1595053635,
        "PinOwnerID":607621722
      },
      "ConnectionType":0,
      "ConnectedWireIndex":-1,
      "ConnectedWireSegmentIndex":-1,
      "Points":[{"x":0.0,"y":0.0},{"x":0.0,"y":0.0}]
    },
    {
      "SourcePinAddress":{
        "PinID":3,
        "PinOwnerID":1799728159
      },
      "TargetPinAddress":{
        "PinID":657869569,
        "PinOwnerID":607621722
      },
      "ConnectionType":0,
      "ConnectedWireIndex":-1,
      "ConnectedWireSegmentIndex":-1,
      "Points":[{"x":0.0,"y":0.0},{"x":0.0,"y":0.0}]
    },
    {
      "SourcePinAddress":{
        "PinID":1575616495,
        "PinOwnerID":1075898217
      },
      "TargetPinAddress":{
        "PinID":2,
        "PinOwnerID":1427111737
      },
      "ConnectionType":0,
      "ConnectedWireIndex":-1,
      "ConnectedWireSegmentIndex":-1,
      "Points":[{"x":0.0,"y":0.0},{"x":0.0,"y":0.0}]
    },
    {
      "SourcePinAddress":{
        "PinID":892159555,
        "PinOwnerID":1685782086
      },
      "TargetPinAddress":{
        "PinID":1463359246,
        "PinOwnerID":1270636873
      },
      "ConnectionType":0,
      "ConnectedWireIndex":-1,
      "ConnectedWireSegmentIndex":-1,
      "Points":[{"x":0.0,"y":0.0},{"x":0.0,"y":0.0}]
    },
    {
      "SourcePinAddress":{
        "PinID":1460349536,
        "PinOwnerID":607621722
      },
      "TargetPinAddress":{
        "PinID":0,
        "PinOwnerID":2098398175
      },
      "ConnectionType":0,
      "ConnectedWireIndex":-1,
      "ConnectedWireSegmentIndex":-1,
      "Points":[{"x":0.0,"y":0.0},{"x":0.0,"y":0.0}]
    },
    {
      "SourcePinAddress":{
        "PinID":7,
        "PinOwnerID":756156651
      },
      "TargetPinAddress":{
        "PinID":657869569,
        "PinOwnerID":1792153696
      },
      "ConnectionType":0,
      "ConnectedWireIndex":-1,
      "ConnectedWireSegmentIndex":-1,
      "Points":[{"x":0.0,"y":0.0},{"x":0.0,"y":0.0}]
    },
    {
      "SourcePinAddress":{
        "PinID":1460349536,
        "PinOwnerID":1792153696
      },
      "TargetPinAddress":{
        "PinID":0,
        "PinOwnerID":30021035
      },
      "ConnectionType":0,
      "ConnectedWireIndex":-1,
      "ConnectedWireSegmentIndex":-1,
      "Points":[{"x":0.0,"y":0.0},{"x":0.0,"y":0.0}]
    },
    {
      "SourcePinAddress":{
        "PinID":669206422,
        "PinOwnerID":974244124
      },
      "TargetPinAddress":{
        "PinID":1595053635,
        "PinOwnerID":1792153696
      },
      "ConnectionType":0,
      "ConnectedWireIndex":-1,
      "ConnectedWireSegmentIndex":-1,
      "Points":[{"x":0.0,"y":0.0},{"x":14.91621,"y":17.75995},{"x":14.91621,"y":12.90627},{"x":0.0,"y":0.0}]
    },
    {
      "SourcePinAddress":{
        "PinID":1575616495,
        "PinOwnerID":1075898217
      },
      "TargetPinAddress":{
        "PinID":5,
        "PinOwnerID":1427111737
      },
      "ConnectionType":0,
      "ConnectedWireIndex":-1,
      "ConnectedWireSegmentIndex":-1,
      "Points":[{"x":0.0,"y":0.0},{"x":0.0,"y":0.0}]
    },
    {
      "SourcePinAddress":{
        "PinID":2,
        "PinOwnerID":1721011765
      },
      "TargetPinAddress":{
        "PinID":461953242,
        "PinOwnerID":1988125943
      },
      "ConnectionType":0,
      "ConnectedWireIndex":-1,
      "ConnectedWireSegmentIndex":-1,
      "Points":[{"x":0.0,"y":0.0},{"x":0.0,"y":0.0}]
    },
    {
      "SourcePinAddress":{
        "PinID":0,
        "PinOwnerID":151097687
      },
      "TargetPinAddress":{
        "PinID":0,
        "PinOwnerID":1721011765
      },
      "ConnectionType":1,
      "ConnectedWireIndex":45,
      "ConnectedWireSegmentIndex":0,
      "Points":[{"x":-1.12258,"y":1.81954},{"x":0.0,"y":0.0}]
    },
    {
      "SourcePinAddress":{
        "PinID":4,
        "PinOwnerID":1799728159
      },
      "TargetPinAddress":{
        "PinID":0,
        "PinOwnerID":953812101
      },
      "ConnectionType":0,
      "ConnectedWireIndex":-1,
      "ConnectedWireSegmentIndex":-1,
      "Points":[{"x":0.0,"y":0.0},{"x":12.63448,"y":9.19681},{"x":0.0,"y":0.0}]
    },
    {
      "SourcePinAddress":{
        "PinID":4,
        "PinOwnerID":1571429890
      },
      "TargetPinAddress":{
        "PinID":657869569,
        "PinOwnerID":871445563
      },
      "ConnectionType":0,
      "ConnectedWireIndex":-1,
      "ConnectedWireSegmentIndex":-1,
      "Points":[{"x":0.0,"y":0.0},{"x":11.59058,"y":2.74676},{"x":0.0,"y":0.0}]
    },
    {
      "SourcePinAddress":{
        "PinID":3,
        "PinOwnerID":1571429890
      },
      "TargetPinAddress":{
        "PinID":1595053635,
        "PinOwnerID":871445563
      },
      "ConnectionType":0,
      "ConnectedWireIndex":-1,
      "ConnectedWireSegmentIndex":-1,
      "Points":[{"x":0.0,"y":0.0},{"x":11.59058,"y":3.06086},{"x":0.0,"y":0.0}]
    },
    {
      "SourcePinAddress":{
        "PinID":3,
        "PinOwnerID":1571429890
      },
      "TargetPinAddress":{
        "PinID":657869569,
        "PinOwnerID":1347267578
      },
      "ConnectionType":1,
      "ConnectedWireIndex":98,
      "ConnectedWireSegmentIndex":1,
      "Points":[{"x":11.62038,"y":3.06306},{"x":0.0,"y":0.0}]
    },
    {
      "SourcePinAddress":{
        "PinID":2,
        "PinOwnerID":1571429890
      },
      "TargetPinAddress":{
        "PinID":0,
        "PinOwnerID":895281983
      },
      "ConnectionType":0,
      "ConnectedWireIndex":-1,
      "ConnectedWireSegmentIndex":-1,
      "Points":[{"x":0.0,"y":0.0},{"x":11.60962,"y":3.41304},{"x":0.0,"y":0.0}]
    },
    {
      "SourcePinAddress":{
        "PinID":1,
        "PinOwnerID":1571429890
      },
      "TargetPinAddress":{
        "PinID":0,
        "PinOwnerID":2108527163
      },
      "ConnectionType":0,
      "ConnectedWireIndex":-1,
      "ConnectedWireSegmentIndex":-1,
      "Points":[{"x":0.0,"y":0.0},{"x":11.6001,"y":3.7081},{"x":0.0,"y":0.0}]
    },
    {
      "SourcePinAddress":{
        "PinID":8,
        "PinOwnerID":1736874608
      },
      "TargetPinAddress":{
        "PinID":0,
        "PinOwnerID":1956272310
      },
      "ConnectionType":0,
      "ConnectedWireIndex":-1,
      "ConnectedWireSegmentIndex":-1,
      "Points":[{"x":0.0,"y":0.0},{"x":11.59058,"y":4.08883},{"x":0.0,"y":0.0}]
    },
    {
      "SourcePinAddress":{
        "PinID":6,
        "PinOwnerID":1736874608
      },
      "TargetPinAddress":{
        "PinID":0,
        "PinOwnerID":342750601
      },
      "ConnectionType":0,
      "ConnectedWireIndex":-1,
      "ConnectedWireSegmentIndex":-1,
      "Points":[{"x":0.0,"y":0.0},{"x":11.55251,"y":4.6504},{"x":0.0,"y":0.0}]
    },
    {
      "SourcePinAddress":{
        "PinID":1151734468,
        "PinOwnerID":425911313
      },
      "TargetPinAddress":{
        "PinID":0,
        "PinOwnerID":267664949
      },
      "ConnectionType":1,
      "ConnectedWireIndex":26,
      "ConnectedWireSegmentIndex":0,
      "Points":[{"x":4.36693,"y":6.88015},{"x":4.57709,"y":8.26373},{"x":0.0,"y":0.0}]
    },
    {
      "SourcePinAddress":{
        "PinID":1,
        "PinOwnerID":267664949
      },
      "TargetPinAddress":{
        "PinID":657869569,
        "PinOwnerID":59315970
      },
      "ConnectionType":0,
      "ConnectedWireIndex":-1,
      "ConnectedWireSegmentIndex":-1,
      "Points":[{"x":0.0,"y":0.0},{"x":0.0,"y":0.0}]
    },
    {
      "SourcePinAddress":{
        "PinID":1460349536,
        "PinOwnerID":442547794
      },
      "TargetPinAddress":{
        "PinID":0,
        "PinOwnerID":1782357253
      },
      "ConnectionType":0,
      "ConnectedWireIndex":-1,
      "ConnectedWireSegmentIndex":-1,
      "Points":[{"x":0.0,"y":0.0},{"x":0.0,"y":0.0}]
    },
    {
      "SourcePinAddress":{
        "PinID":7,
        "PinOwnerID":1736874608
      },
      "TargetPinAddress":{
        "PinID":1595053635,
        "PinOwnerID":442547794
      },
      "ConnectionType":0,
      "ConnectedWireIndex":-1,
      "ConnectedWireSegmentIndex":-1,
      "Points":[{"x":0.0,"y":0.0},{"x":11.52723,"y":4.37051},{"x":0.0,"y":0.0}]
    },
    {
      "SourcePinAddress":{
        "PinID":0,
        "PinOwnerID":1700257055
      },
      "TargetPinAddress":{
        "PinID":657869569,
        "PinOwnerID":442547794
      },
      "ConnectionType":1,
      "ConnectedWireIndex":3,
      "ConnectedWireSegmentIndex":0,
      "Points":[{"x":-11.19744,"y":7.34796},{"x":-11.19729,"y":6.93828},{"x":-10.00646,"y":6.93828},{"x":-10.00646,"y":0.43841},{"x":4.98435,"y":0.47714},{"x":0.0,"y":0.0}]
    },
    {
      "SourcePinAddress":{
        "PinID":406217789,
        "PinOwnerID":171696475
      },
      "TargetPinAddress":{
        "PinID":113608822,
        "PinOwnerID":1685782086
      },
      "ConnectionType":0,
      "ConnectedWireIndex":-1,
      "ConnectedWireSegmentIndex":-1,
      "Points":[{"x":0.0,"y":0.0},{"x":0.0,"y":0.0}]
    },
    {
      "SourcePinAddress":{
        "PinID":0,
        "PinOwnerID":1302485883
      },
      "TargetPinAddress":{
        "PinID":1351959728,
        "PinOwnerID":171696475
      },
      "ConnectionType":0,
      "ConnectedWireIndex":-1,
      "ConnectedWireSegmentIndex":-1,
      "Points":[{"x":0.0,"y":0.0},{"x":0.0,"y":0.0}]
    },
    {
      "SourcePinAddress":{
        "PinID":406217789,
        "PinOwnerID":171696475
      },
      "TargetPinAddress":{
        "PinID":2073225816,
        "PinOwnerID":182804200
      },
      "ConnectionType":1,
      "ConnectedWireIndex":109,
      "ConnectedWireSegmentIndex":0,
      "Points":[{"x":-9.69771,"y":8.50312},{"x":-9.7014,"y":9.04253},{"x":1.77922,"y":9.04253},{"x":0.0,"y":0.0}]
    },
    {
      "SourcePinAddress":{
        "PinID":8,
        "PinOwnerID":1799728159
      },
      "TargetPinAddress":{
        "PinID":1019788708,
        "PinOwnerID":1626906797
      },
      "ConnectionType":0,
      "ConnectedWireIndex":-1,
      "ConnectedWireSegmentIndex":-1,
      "Points":[{"x":0.0,"y":0.0},{"x":8.17162,"y":11.32474},{"x":8.17162,"y":10.94779},{"x":-15.69469,"y":10.94779},{"x":-15.81006,"y":9.60266},{"x":0.0,"y":0.0}]
    },
    {
      "SourcePinAddress":{
        "PinID":0,
        "PinOwnerID":1373910244
      },
      "TargetPinAddress":{
        "PinID":657869569,
        "PinOwnerID":1448818318
      },
      "ConnectionType":0,
      "ConnectedWireIndex":-1,
      "ConnectedWireSegmentIndex":-1,
      "Points":[{"x":0.0,"y":0.0},{"x":-16.83792,"y":5.94972},{"x":-16.83792,"y":9.98504},{"x":0.0,"y":0.0}]
    },
    {
      "SourcePinAddress":{
        "PinID":0,
        "PinOwnerID":1700257055
      },
      "TargetPinAddress":{
        "PinID":1595053635,
        "PinOwnerID":1448818318
      },
      "ConnectionType":1,
      "ConnectedWireIndex":3,
      "ConnectedWireSegmentIndex":0,
      "Points":[{"x":-17.09893,"y":7.32014},{"x":-17.09893,"y":10.26654},{"x":0.0,"y":0.0}]
    },
    {
      "SourcePinAddress":{
        "PinID":892159555,
        "PinOwnerID":1654133907
      },
      "TargetPinAddress":{
        "PinID":1792892232,
        "PinOwnerID":171696475
      },
      "ConnectionType":0,
      "ConnectedWireIndex":-1,
      "ConnectedWireSegmentIndex":-1,
      "Points":[{"x":0.0,"y":0.0},{"x":0.0,"y":0.0}]
    },
    {
      "SourcePinAddress":{
        "PinID":1747701384,
        "PinOwnerID":1626906797
      },
      "TargetPinAddress":{
        "PinID":113608822,
        "PinOwnerID":1654133907
      },
      "ConnectionType":0,
      "ConnectedWireIndex":-1,
      "ConnectedWireSegmentIndex":-1,
      "Points":[{"x":0.0,"y":0.0},{"x":0.0,"y":0.0}]
    },
    {
      "SourcePinAddress":{
        "PinID":1460349536,
        "PinOwnerID":1448818318
      },
      "TargetPinAddress":{
        "PinID":1792892232,
        "PinOwnerID":1493949550
      },
      "ConnectionType":0,
      "ConnectedWireIndex":-1,
      "ConnectedWireSegmentIndex":-1,
      "Points":[{"x":0.0,"y":0.0},{"x":0.0,"y":0.0}]
    },
    {
      "SourcePinAddress":{
        "PinID":406217789,
        "PinOwnerID":1493949550
      },
      "TargetPinAddress":{
        "PinID":208935828,
        "PinOwnerID":1626906797
      },
      "ConnectionType":0,
      "ConnectedWireIndex":-1,
      "ConnectedWireSegmentIndex":-1,
      "Points":[{"x":0.0,"y":0.0},{"x":0.0,"y":0.0}]
    },
    {
      "SourcePinAddress":{
        "PinID":892159555,
        "PinOwnerID":107333314
      },
      "TargetPinAddress":{
        "PinID":1351959728,
        "PinOwnerID":1493949550
      },
      "ConnectionType":0,
      "ConnectedWireIndex":-1,
      "ConnectedWireSegmentIndex":-1,
      "Points":[{"x":0.0,"y":0.0},{"x":0.0,"y":0.0}]
    },
    {
      "SourcePinAddress":{
        "PinID":0,
        "PinOwnerID":1302485883
      },
      "TargetPinAddress":{
        "PinID":113608822,
        "PinOwnerID":107333314
      },
      "ConnectionType":1,
      "ConnectedWireIndex":110,
      "ConnectedWireSegmentIndex":0,
      "Points":[{"x":-16.53802,"y":8.40743},{"x":-16.5383,"y":8.9402},{"x":0.0,"y":0.0}]
    },
    {
      "SourcePinAddress":{
        "PinID":0,
        "PinOwnerID":151097687
      },
      "TargetPinAddress":{
        "PinID":0,
        "PinOwnerID":1582784504
      },
      "ConnectionType":1,
      "ConnectedWireIndex":45,
      "ConnectedWireSegmentIndex":2,
      "Points":[{"x":5.048,"y":-0.30918},{"x":5.048,"y":-1.87559},{"x":0.0,"y":0.0}]
    }
  ],
  "Displays":[]
}