{
  "DLSVersion": "2.1.6",
  "Name": "CPU",
  "NameLocation": 0,
  "ChipType": 0,
  "Size": {
    "x": 0.575,
    "y": 5.0
  },
  "Colour": {
    "r": 0.01462489,
    "g": 0.592096865,
    "b": 0.353388578,
    "a": 1
  },
  "InputPins":[
    {
      "Name":"IN",
      "ID":54981056,
      "Position":{
        "x":-22.28471,
        "y":10.45259
      },
      "BitCount":1,
      "Colour":0,
      "ValueDisplayMode":0
    },
    {
      "Name":"IN",
      "ID":1119687499,
      "Position":{
        "x":-22.14547,
        "y":9.70963
      },
      "BitCount":1,
      "Colour":0,
      "ValueDisplayMode":0
    },
    {
      "Name":"IN",
      "ID":1609395939,
      "Position":{
        "x":-20.87263,
        "y":8.14499
      },
      "BitCount":1,
      "Colour":0,
      "ValueDisplayMode":0
    },
    {
      "Name":"IN",
      "ID":1116455236,
      "Position":{
        "x":3.25892,
        "y":-6.06135
      },
      "BitCount":1,
      "Colour":0,
      "ValueDisplayMode":0
    },
    {
      "Name":"IN",
      "ID":1374964798,
      "Position":{
        "x":3.24568,
        "y":-6.86897
      },
      "BitCount":1,
      "Colour":0,
      "ValueDisplayMode":0
    },
    {
      "Name":"IN",
      "ID":2107432457,
      "Position":{
        "x":3.2192,
        "y":-7.68984
      },
      "BitCount":1,
      "Colour":0,
      "ValueDisplayMode":0
    },
    {
      "Name":"IN",
      "ID":891808015,
      "Position":{
        "x":3.2192,
        "y":-8.41803
      },
      "BitCount":1,
      "Colour":0,
      "ValueDisplayMode":0
    },
    {
      "Name":"IN",
      "ID":508130236,
      "Position":{
        "x":3.16624,
        "y":-9.30509
      },
      "BitCount":1,
      "Colour":0,
      "ValueDisplayMode":0
    },
    {
      "Name":"IN",
      "ID":1114522812,
      "Position":{
        "x":3.19272,
        "y":-10.05976
      },
      "BitCount":1,
      "Colour":0,
      "ValueDisplayMode":0
    },
    {
      "Name":"IN",
      "ID":1707558105,
      "Position":{
        "x":3.153,
        "y":-10.82766
      },
      "BitCount":1,
      "Colour":0,
      "ValueDisplayMode":0
    },
    {
      "Name":"IN",
      "ID":1413437237,
      "Position":{
        "x":3.11328,
        "y":-11.60881
      },
      "BitCount":1,
      "Colour":0,
      "ValueDisplayMode":0
    },
    {
      "Name":"ENTER",
      "ID":1957444792,
      "Position":{
        "x":3.18028,
        "y":-13.02462
      },
      "BitCount":1,
      "Colour":0,
      "ValueDisplayMode":0
    }
  ],
  "OutputPins":[
    {
      "Name":"OUT",
      "ID":1433573774,
      "Position":{
        "x":-13.507,
        "y":-4.03905
      },
      "BitCount":8,
      "Colour":0,
      "ValueDisplayMode":1
    },
    {
      "Name":"OUT",
      "ID":1422109445,
      "Position":{
        "x":-13.52937,
        "y":-5.933
      },
      "BitCount":8,
      "Colour":0,
      "ValueDisplayMode":1
    },
    {
      "Name":"OUT",
      "ID":434100326,
      "Position":{
        "x":2.84849,
        "y":-6.07459
      },
      "BitCount":8,
      "Colour":0,
      "ValueDisplayMode":1
    },
    {
      "Name":"OUT",
      "ID":150394250,
      "Position":{
        "x":2.80877,
        "y":-6.85573
      },
      "BitCount":8,
      "Colour":0,
      "ValueDisplayMode":1
    },
    {
      "Name":"OUT",
      "ID":712506757,
      "Position":{
        "x":2.78229,
        "y":-7.66336
      },
      "BitCount":8,
      "Colour":0,
      "ValueDisplayMode":1
    },
    {
      "Name":"OUT",
      "ID":1838062768,
      "Position":{
        "x":2.78229,
        "y":-8.4445
      },
      "BitCount":8,
      "Colour":0,
      "ValueDisplayMode":1
    },
    {
      "Name":"OUT",
      "ID":1538538573,
      "Position":{
        "x":2.80877,
        "y":-9.26537
      },
      "BitCount":8,
      "Colour":0,
      "ValueDisplayMode":1
    },
    {
      "Name":"OUT",
      "ID":1123309112,
      "Position":{
        "x":2.74257,
        "y":-10.04652
      },
      "BitCount":8,
      "Colour":0,
      "ValueDisplayMode":1
    },
    {
      "Name":"OUT",
      "ID":1354234435,
      "Position":{
        "x":2.71609,
        "y":-10.81442
      },
      "BitCount":8,
      "Colour":0,
      "ValueDisplayMode":1
    },
    {
      "Name":"OUT",
      "ID":891487077,
      "Position":{
        "x":2.70285,
        "y":-11.58233
      },
      "BitCount":8,
      "Colour":0,
      "ValueDisplayMode":1
    }
  ],
  "SubChips":[
    {
      "Name":"ALU",
      "ID":1378185521,
      "Label":"",
      "Position":{
        "x":1.26861,
        "y":-3.06574
      },
      "OutputPinColourInfo":[{"PinColour":0,"PinID":987346956},{"PinColour":0,"PinID":1663081824},{"PinColour":0,"PinID":1713998994},{"PinColour":0,"PinID":269551058},{"PinColour":0,"PinID":1533936789}],
      "InternalData":null
    },
    {
      "Name":"EDGE-MSD-8",
      "ID":2060671652,
      "Label":"",
      "Position":{
        "x":-18.3859,
        "y":-0.15611
      },
      "OutputPinColourInfo":[{"PinColour":0,"PinID":1457863638},{"PinColour":0,"PinID":1999242044}],
      "InternalData":null
    },
    {
      "Name":"EDGE-MSD-8",
      "ID":549279039,
      "Label":"",
      "Position":{
        "x":-18.3857,
        "y":-3.35172
      },
      "OutputPinColourInfo":[{"PinColour":0,"PinID":1457863638},{"PinColour":0,"PinID":1999242044}],
      "InternalData":null
    },
    {
      "Name":"EDGE-MSD-8",
      "ID":747810226,
      "Label":"",
      "Position":{
        "x":-18.40245,
        "y":-5.28175
      },
      "OutputPinColourInfo":[{"PinColour":0,"PinID":1457863638},{"PinColour":0,"PinID":1999242044}],
      "InternalData":null
    },
    {
      "Name":"BUS-8",
      "ID":1487000275,
      "Label":"",
      "Position":{
        "x":-21.64552,
        "y":6.40802
      },
      "OutputPinColourInfo":null,
      "InternalData":[1059935514,0]
    },
    {
      "Name":"BUS-TERMINUS-8",
      "ID":1059935514,
      "Label":"",
      "Position":{
        "x":9.68415,
        "y":-8.16244
      },
      "OutputPinColourInfo":null,
      "InternalData":[1487000275,0]
    },
    {
      "Name":"3SB-8",
      "ID":1514612886,
      "Label":"",
      "Position":{
        "x":-9.05853,
        "y":-0.04303
      },
      "OutputPinColourInfo":[{"PinColour":0,"PinID":294276505}],
      "InternalData":null
    },
    {
      "Name":"3SB-8",
      "ID":449394095,
      "Label":"",
      "Position":{
        "x":-9.09322,
        "y":-3.23696
      },
      "OutputPinColourInfo":[{"PinColour":0,"PinID":294276505}],
      "InternalData":null
    },
    {
      "Name":"3SB-8",
      "ID":1207986374,
      "Label":"",
      "Position":{
        "x":-9.175,
        "y":-5.16064
      },
      "OutputPinColourInfo":[{"PinColour":0,"PinID":294276505}],
      "InternalData":null
    },
    {
      "Name":"EDGE-MSD-8",
      "ID":161894738,
      "Label":"",
      "Position":{
        "x":-2.78626,
        "y":-3.12172
      },
      "OutputPinColourInfo":[{"PinColour":0,"PinID":1457863638},{"PinColour":0,"PinID":1999242044}],
      "InternalData":null
    },
    {
      "Name":"EDGE-MSD-8",
      "ID":1565834155,
      "Label":"",
      "Position":{
        "x":-2.78737,
        "y":-4.27692
      },
      "OutputPinColourInfo":[{"PinColour":0,"PinID":1457863638},{"PinColour":0,"PinID":1999242044}],
      "InternalData":null
    },
    {
      "Name":"3SB-8",
      "ID":1177307528,
      "Label":"",
      "Position":{
        "x":7.10841,
        "y":-3.92425
      },
      "OutputPinColourInfo":[{"PinColour":0,"PinID":294276505}],
      "InternalData":null
    },
    {
      "Name":"EDGE-MSD-8",
      "ID":490238657,
      "Label":"",
      "Position":{
        "x":-4.78493,
        "y":-9.68863
      },
      "OutputPinColourInfo":[{"PinColour":0,"PinID":1457863638},{"PinColour":0,"PinID":1999242044}],
      "InternalData":null
    },
    {
      "Name":"3SB-8",
      "ID":499652331,
      "Label":"",
      "Position":{
        "x":7.02955,
        "y":-5.6609
      },
      "OutputPinColourInfo":[{"PinColour":0,"PinID":294276505}],
      "InternalData":null
    },
    {
      "Name":"Branch",
      "ID":996549198,
      "Label":"",
      "Position":{
        "x":3.70558,
        "y":-1.91386
      },
      "OutputPinColourInfo":[{"PinColour":0,"PinID":999133088}],
      "InternalData":null
    },
    {
      "Name":"EDGE-MSD-4",
      "ID":1421272811,
      "Label":"",
      "Position":{
        "x":-2.75249,
        "y":-2.1151
      },
      "OutputPinColourInfo":[{"PinColour":0,"PinID":946549638},{"PinColour":0,"PinID":500538410}],
      "InternalData":null
    },
    {
      "Name":"4-1BIT",
      "ID":86309756,
      "Label":"",
      "Position":{
        "x":-1.01359,
        "y":-1.98739
      },
      "OutputPinColourInfo":[{"PinColour":0,"PinID":1},{"PinColour":0,"PinID":2},{"PinColour":0,"PinID":3},{"PinColour":0,"PinID":4}],
      "InternalData":null
    },
    {
      "Name":"3SB-8",
      "ID":763172391,
      "Label":"",
      "Position":{
        "x":7.00909,
        "y":0.71406
      },
      "OutputPinColourInfo":[{"PinColour":0,"PinID":294276505}],
      "InternalData":null
    },
    {
      "Name":"4-1BIT",
      "ID":216303768,
      "Label":"",
      "Position":{
        "x":1.11778,
        "y":-1.07658
      },
      "OutputPinColourInfo":[{"PinColour":0,"PinID":1},{"PinColour":0,"PinID":2},{"PinColour":0,"PinID":3},{"PinColour":0,"PinID":4}],
      "InternalData":null
    },
    {
      "Name":"EDGE-MSD-8",
      "ID":1364046331,
      "Label":"",
      "Position":{
        "x":-4.30218,
        "y":0.91334
      },
      "OutputPinColourInfo":[{"PinColour":0,"PinID":1457863638},{"PinColour":0,"PinID":1999242044}],
      "InternalData":null
    },
    {
      "Name":"SWAP-8",
      "ID":1470348530,
      "Label":"",
      "Position":{
        "x":-5.0475,
        "y":-4.00429
      },
      "OutputPinColourInfo":[{"PinColour":0,"PinID":897869072},{"PinColour":0,"PinID":315349257}],
      "InternalData":null
    },
    {
      "Name":"SELECT-8",
      "ID":710483309,
      "Label":"",
      "Position":{
        "x":-12.2826,
        "y":-1.83241
      },
      "OutputPinColourInfo":[{"PinColour":0,"PinID":131740421}],
      "InternalData":null
    },
    {
      "Name":"ADD-8",
      "ID":341746242,
      "Label":"",
      "Position":{
        "x":-15.94664,
        "y":-1.29861
      },
      "OutputPinColourInfo":[{"PinColour":0,"PinID":1356732077},{"PinColour":0,"PinID":624498342}],
      "InternalData":null
    },
    {
      "Name":"HI",
      "ID":41021722,
      "Label":"",
      "Position":{
        "x":-17.39341,
        "y":-1.78885
      },
      "OutputPinColourInfo":[{"PinColour":0,"PinID":1575616495}],
      "InternalData":null
    },
    {
      "Name":"3SB-8",
      "ID":1465770307,
      "Label":"",
      "Position":{
        "x":-9.17235,
        "y":-1.95079
      },
      "OutputPinColourInfo":[{"PinColour":0,"PinID":294276505}],
      "InternalData":null
    },
    {
      "Name":"Controller",
      "ID":931866186,
      "Label":"",
      "Position":{
        "x":-15.36573,
        "y":7.15469
      },
      "OutputPinColourInfo":[{"PinColour":0,"PinID":2098398175},{"PinColour":0,"PinID":1616687719},{"PinColour":0,"PinID":466402635},{"PinColour":0,"PinID":150181922},{"PinColour":0,"PinID":1289769878},{"PinColour":0,"PinID":30021035},{"PinColour":0,"PinID":1271278263},{"PinColour":0,"PinID":181646684},{"PinColour":0,"PinID":1117824771},{"PinColour":0,"PinID":1114110658},{"PinColour":0,"PinID":953812101},{"PinColour":0,"PinID":2092907360},{"PinColour":0,"PinID":1035916614},{"PinColour":0,"PinID":1664959656},{"PinColour":0,"PinID":884217483},{"PinColour":0,"PinID":1737094516},{"PinColour":0,"PinID":342750601},{"PinColour":0,"PinID":1782357253},{"PinColour":0,"PinID":1956272310},{"PinColour":0,"PinID":2108527163},{"PinColour":0,"PinID":895281983},{"PinColour":0,"PinID":1401200618}],
      "InternalData":null
    },
    {
      "Name":"D-8",
      "ID":1839142087,
      "Label":"",
      "Position":{
        "x":-19.2239,
        "y":4.70457
      },
      "OutputPinColourInfo":[{"PinColour":0,"PinID":658458727},{"PinColour":0,"PinID":399529008}],
      "InternalData":null
    },
    {
      "Name":"AND",
      "ID":494908137,
      "Label":"",
      "Position":{
        "x":-13.56722,
        "y":-0.87334
      },
      "OutputPinColourInfo":[{"PinColour":0,"PinID":406217789}],
      "InternalData":null
    },
    {
      "Name":"SELECT-2",
      "ID":1584534058,
      "Label":"",
      "Position":{
        "x":-19.81166,
        "y":9.85224
      },
      "OutputPinColourInfo":[{"PinColour":0,"PinID":1891561407}],
      "InternalData":null
    },
    {
      "Name":"CLOCK",
      "ID":1535604884,
      "Label":"",
      "Position":{
        "x":-21.92767,
        "y":9.07542
      },
      "OutputPinColourInfo":[{"PinColour":0,"PinID":0}],
      "InternalData":null
    },
    {
      "Name":"RAM-256 DISPLAY-8",
      "ID":1007405948,
      "Label":"",
      "Position":{
        "x":-1.83293,
        "y":-7.5168
      },
      "OutputPinColourInfo":[{"PinColour":0,"PinID":589633701},{"PinColour":0,"PinID":1234558616},{"PinColour":0,"PinID":1461942337},{"PinColour":0,"PinID":924483957},{"PinColour":0,"PinID":116493901},{"PinColour":0,"PinID":1406580925},{"PinColour":0,"PinID":2021297756},{"PinColour":0,"PinID":519848084},{"PinColour":0,"PinID":290387401}],
      "InternalData":null
    },
    {
      "Name":"1-8BIT",
      "ID":839947056,
      "Label":"",
      "Position":{
        "x":5.2421,
        "y":-7.35093
      },
      "OutputPinColourInfo":[{"PinColour":0,"PinID":8}],
      "InternalData":null
    },
    {
      "Name":"3SB-8",
      "ID":364668106,
      "Label":"",
      "Position":{
        "x":6.97911,
        "y":-7.42504
      },
      "OutputPinColourInfo":[{"PinColour":0,"PinID":294276505}],
      "InternalData":null
    },
    {
      "Name":"D-64",
      "ID":405299995,
      "Label":"",
      "Position":{
        "x":0.47863,
        "y":-8.49755
      },
      "OutputPinColourInfo":[{"PinColour":0,"PinID":2105992739},{"PinColour":0,"PinID":1661689593},{"PinColour":0,"PinID":829046064},{"PinColour":0,"PinID":63441764},{"PinColour":0,"PinID":89586097},{"PinColour":0,"PinID":1475009759},{"PinColour":0,"PinID":2091167467},{"PinColour":0,"PinID":1363665078}],
      "InternalData":null
    },
    {
      "Name":"CANCELLABLE",
      "ID":657598662,
      "Label":"",
      "Position":{
        "x":5.59133,
        "y":-12.26902
      },
      "OutputPinColourInfo":[{"PinColour":0,"PinID":1747701384}],
      "InternalData":null
    },
    {
      "Name":"Fib to screen",
      "ID":472272469,
      "Label":"",
      "Position":{
        "x":1.24062,
        "y":0.88138
      },
      "OutputPinColourInfo":[{"PinColour":0,"PinID":316619475}],
      "InternalData":null
    }
  ],
  "Wires":[
    {
      "SourcePinAddress":{
        "PinID":1457863638,
        "PinOwnerID":747810226
      },
      "TargetPinAddress":{
        "PinID":1123514671,
        "PinOwnerID":1207986374
      },
      "ConnectionType":0,
      "ConnectedWireIndex":-1,
      "ConnectedWireSegmentIndex":-1,
      "Points":[{"x":0.0,"y":0.0},{"x":0.0,"y":0.0}]
    },
    {
      "SourcePinAddress":{
        "PinID":1457863638,
        "PinOwnerID":549279039
      },
      "TargetPinAddress":{
        "PinID":1123514671,
        "PinOwnerID":449394095
      },
      "ConnectionType":0,
      "ConnectedWireIndex":-1,
      "ConnectedWireSegmentIndex":-1,
      "Points":[{"x":0.0,"y":0.0},{"x":0.0,"y":0.0}]
    },
    {
      "SourcePinAddress":{
        "PinID":1457863638,
        "PinOwnerID":2060671652
      },
      "TargetPinAddress":{
        "PinID":1123514671,
        "PinOwnerID":1514612886
      },
      "ConnectionType":0,
      "ConnectedWireIndex":-1,
      "ConnectedWireSegmentIndex":-1,
      "Points":[{"x":0.0,"y":0.0},{"x":0.0,"y":0.0}]
    },
    {
      "SourcePinAddress":{
        "PinID":1,
        "PinOwnerID":1487000275
      },
      "TargetPinAddress":{
        "PinID":0,
        "PinOwnerID":1059935514
      },
      "ConnectionType":0,
      "ConnectedWireIndex":-1,
      "ConnectedWireSegmentIndex":-1,
      "Points":[{"x":0.0,"y":0.0},{"x":-21.67841,"y":-8.36959},{"x":-7.93369,"y":-8.36308},{"x":-7.75667,"y":2.79351},{"x":8.29112,"y":2.68808},{"x":8.34375,"y":-8.16076},{"x":0.0,"y":0.0}]
    },
    {
      "SourcePinAddress":{
        "PinID":1457863638,
        "PinOwnerID":1565834155
      },
      "TargetPinAddress":{
        "PinID":1437350521,
        "PinOwnerID":1378185521
      },
      "ConnectionType":0,
      "ConnectedWireIndex":-1,
      "ConnectedWireSegmentIndex":-1,
      "Points":[{"x":0.0,"y":0.0},{"x":0.0,"y":0.0}]
    },
    {
      "SourcePinAddress":{
        "PinID":1457863638,
        "PinOwnerID":161894738
      },
      "TargetPinAddress":{
        "PinID":263827591,
        "PinOwnerID":1378185521
      },
      "ConnectionType":0,
      "ConnectedWireIndex":-1,
      "ConnectedWireSegmentIndex":-1,
      "Points":[{"x":0.0,"y":0.0},{"x":0.0,"y":0.0}]
    },
    {
      "SourcePinAddress":{
        "PinID":1533936789,
        "PinOwnerID":1378185521
      },
      "TargetPinAddress":{
        "PinID":1123514671,
        "PinOwnerID":1177307528
      },
      "ConnectionType":0,
      "ConnectedWireIndex":-1,
      "ConnectedWireSegmentIndex":-1,
      "Points":[{"x":0.0,"y":0.0},{"x":0.0,"y":0.0}]
    },
    {
      "SourcePinAddress":{
        "PinID":294276505,
        "PinOwnerID":1177307528
      },
      "TargetPinAddress":{
        "PinID":0,
        "PinOwnerID":1487000275
      },
      "ConnectionType":2,
      "ConnectedWireIndex":3,
      "ConnectedWireSegmentIndex":4,
      "Points":[{"x":0.0,"y":0.0},{"x":8.32308,"y":-3.90091}]
    },
    {
      "SourcePinAddress":{
        "PinID":269551058,
        "PinOwnerID":1378185521
      },
      "TargetPinAddress":{
        "PinID":1743583038,
        "PinOwnerID":996549198
      },
      "ConnectionType":0,
      "ConnectedWireIndex":-1,
      "ConnectedWireSegmentIndex":-1,
      "Points":[{"x":0.0,"y":0.0},{"x":0.0,"y":0.0}]
    },
    {
      "SourcePinAddress":{
        "PinID":1713998994,
        "PinOwnerID":1378185521
      },
      "TargetPinAddress":{
        "PinID":1725711741,
        "PinOwnerID":996549198
      },
      "ConnectionType":0,
      "ConnectedWireIndex":-1,
      "ConnectedWireSegmentIndex":-1,
      "Points":[{"x":0.0,"y":0.0},{"x":0.0,"y":0.0}]
    },
    {
      "SourcePinAddress":{
        "PinID":1663081824,
        "PinOwnerID":1378185521
      },
      "TargetPinAddress":{
        "PinID":1999507930,
        "PinOwnerID":996549198
      },
      "ConnectionType":0,
      "ConnectedWireIndex":-1,
      "ConnectedWireSegmentIndex":-1,
      "Points":[{"x":0.0,"y":0.0},{"x":0.0,"y":0.0}]
    },
    {
      "SourcePinAddress":{
        "PinID":987346956,
        "PinOwnerID":1378185521
      },
      "TargetPinAddress":{
        "PinID":545431401,
        "PinOwnerID":996549198
      },
      "ConnectionType":0,
      "ConnectedWireIndex":-1,
      "ConnectedWireSegmentIndex":-1,
      "Points":[{"x":0.0,"y":0.0},{"x":0.0,"y":0.0}]
    },
    {
      "SourcePinAddress":{
        "PinID":946549638,
        "PinOwnerID":1421272811
      },
      "TargetPinAddress":{
        "PinID":0,
        "PinOwnerID":86309756
      },
      "ConnectionType":0,
      "ConnectedWireIndex":-1,
      "ConnectedWireSegmentIndex":-1,
      "Points":[{"x":0.0,"y":0.0},{"x":0.0,"y":0.0}]
    },
    {
      "SourcePinAddress":{
        "PinID":4,
        "PinOwnerID":86309756
      },
      "TargetPinAddress":{
        "PinID":746201852,
        "PinOwnerID":1378185521
      },
      "ConnectionType":0,
      "ConnectedWireIndex":-1,
      "ConnectedWireSegmentIndex":-1,
      "Points":[{"x":0.0,"y":0.0},{"x":0.0,"y":0.0}]
    },
    {
      "SourcePinAddress":{
        "PinID":3,
        "PinOwnerID":86309756
      },
      "TargetPinAddress":{
        "PinID":160819389,
        "PinOwnerID":1378185521
      },
      "ConnectionType":0,
      "ConnectedWireIndex":-1,
      "ConnectedWireSegmentIndex":-1,
      "Points":[{"x":0.0,"y":0.0},{"x":0.0,"y":0.0}]
    },
    {
      "SourcePinAddress":{
        "PinID":2,
        "PinOwnerID":86309756
      },
      "TargetPinAddress":{
        "PinID":1263458395,
        "PinOwnerID":1378185521
      },
      "ConnectionType":0,
      "ConnectedWireIndex":-1,
      "ConnectedWireSegmentIndex":-1,
      "Points":[{"x":0.0,"y":0.0},{"x":0.0,"y":0.0}]
    },
    {
      "SourcePinAddress":{
        "PinID":1,
        "PinOwnerID":86309756
      },
      "TargetPinAddress":{
        "PinID":497736692,
        "PinOwnerID":1378185521
      },
      "ConnectionType":0,
      "ConnectedWireIndex":-1,
      "ConnectedWireSegmentIndex":-1,
      "Points":[{"x":0.0,"y":0.0},{"x":0.0,"y":0.0}]
    },
    {
      "SourcePinAddress":{
        "PinID":1,
        "PinOwnerID":216303768
      },
      "TargetPinAddress":{
        "PinID":1766997783,
        "PinOwnerID":996549198
      },
      "ConnectionType":0,
      "ConnectedWireIndex":-1,
      "ConnectedWireSegmentIndex":-1,
      "Points":[{"x":0.0,"y":0.0},{"x":0.0,"y":0.0}]
    },
    {
      "SourcePinAddress":{
        "PinID":2,
        "PinOwnerID":216303768
      },
      "TargetPinAddress":{
        "PinID":1288290155,
        "PinOwnerID":996549198
      },
      "ConnectionType":0,
      "ConnectedWireIndex":-1,
      "ConnectedWireSegmentIndex":-1,
      "Points":[{"x":0.0,"y":0.0},{"x":0.0,"y":0.0}]
    },
    {
      "SourcePinAddress":{
        "PinID":3,
        "PinOwnerID":216303768
      },
      "TargetPinAddress":{
        "PinID":1554906743,
        "PinOwnerID":996549198
      },
      "ConnectionType":0,
      "ConnectedWireIndex":-1,
      "ConnectedWireSegmentIndex":-1,
      "Points":[{"x":0.0,"y":0.0},{"x":0.0,"y":0.0}]
    },
    {
      "SourcePinAddress":{
        "PinID":4,
        "PinOwnerID":216303768
      },
      "TargetPinAddress":{
        "PinID":1535840894,
        "PinOwnerID":996549198
      },
      "ConnectionType":0,
      "ConnectedWireIndex":-1,
      "ConnectedWireSegmentIndex":-1,
      "Points":[{"x":0.0,"y":0.0},{"x":0.0,"y":0.0}]
    },
    {
      "SourcePinAddress":{
        "PinID":897869072,
        "PinOwnerID":1470348530
      },
      "TargetPinAddress":{
        "PinID":510471440,
        "PinOwnerID":161894738
      },
      "ConnectionType":0,
      "ConnectedWireIndex":-1,
      "ConnectedWireSegmentIndex":-1,
      "Points":[{"x":0.0,"y":0.0},{"x":0.0,"y":0.0}]
    },
    {
      "SourcePinAddress":{
        "PinID":315349257,
        "PinOwnerID":1470348530
      },
      "TargetPinAddress":{
        "PinID":510471440,
        "PinOwnerID":1565834155
      },
      "ConnectionType":0,
      "ConnectedWireIndex":-1,
      "ConnectedWireSegmentIndex":-1,
      "Points":[{"x":0.0,"y":0.0},{"x":0.0,"y":0.0}]
    },
    {
      "SourcePinAddress":{
        "PinID":294276505,
        "PinOwnerID":449394095
      },
      "TargetPinAddress":{
        "PinID":0,
        "PinOwnerID":1487000275
      },
      "ConnectionType":2,
      "ConnectedWireIndex":3,
      "ConnectedWireSegmentIndex":2,
      "Points":[{"x":0.0,"y":0.0},{"x":-7.85236,"y":-3.23751}]
    },
    {
      "SourcePinAddress":{
        "PinID":294276505,
        "PinOwnerID":1207986374
      },
      "TargetPinAddress":{
        "PinID":0,
        "PinOwnerID":1487000275
      },
      "ConnectionType":2,
      "ConnectedWireIndex":3,
      "ConnectedWireSegmentIndex":2,
      "Points":[{"x":0.0,"y":0.0},{"x":-7.88289,"y":-5.16148}]
    },
    {
      "SourcePinAddress":{
        "PinID":1,
        "PinOwnerID":1487000275
      },
      "TargetPinAddress":{
        "PinID":510471440,
        "PinOwnerID":549279039
      },
      "ConnectionType":1,
      "ConnectedWireIndex":3,
      "ConnectedWireSegmentIndex":0,
      "Points":[{"x":-21.62414,"y":-3.5932},{"x":0.0,"y":0.0}]
    },
    {
      "SourcePinAddress":{
        "PinID":1,
        "PinOwnerID":1487000275
      },
      "TargetPinAddress":{
        "PinID":510471440,
        "PinOwnerID":747810226
      },
      "ConnectionType":1,
      "ConnectedWireIndex":3,
      "ConnectedWireSegmentIndex":0,
      "Points":[{"x":-21.64608,"y":-5.5239},{"x":0.0,"y":0.0}]
    },
    {
      "SourcePinAddress":{
        "PinID":1457863638,
        "PinOwnerID":2060671652
      },
      "TargetPinAddress":{
        "PinID":323717979,
        "PinOwnerID":341746242
      },
      "ConnectionType":1,
      "ConnectedWireIndex":2,
      "ConnectedWireSegmentIndex":0,
      "Points":[{"x":-16.98127,"y":0.09301},{"x":-16.98128,"y":-0.92827},{"x":0.0,"y":0.0}]
    },
    {
      "SourcePinAddress":{
        "PinID":1575616495,
        "PinOwnerID":41021722
      },
      "TargetPinAddress":{
        "PinID":1466516582,
        "PinOwnerID":341746242
      },
      "ConnectionType":0,
      "ConnectedWireIndex":-1,
      "ConnectedWireSegmentIndex":-1,
      "Points":[{"x":0.0,"y":0.0},{"x":0.0,"y":0.0}]
    },
    {
      "SourcePinAddress":{
        "PinID":1457863638,
        "PinOwnerID":549279039
      },
      "TargetPinAddress":{
        "PinID":461953242,
        "PinOwnerID":710483309
      },
      "ConnectionType":1,
      "ConnectedWireIndex":1,
      "ConnectedWireSegmentIndex":0,
      "Points":[{"x":-15.09883,"y":-3.10493},{"x":-15.09883,"y":-2.14486},{"x":0.0,"y":0.0}]
    },
    {
      "SourcePinAddress":{
        "PinID":1457863638,
        "PinOwnerID":549279039
      },
      "TargetPinAddress":{
        "PinID":1020645003,
        "PinOwnerID":1470348530
      },
      "ConnectionType":1,
      "ConnectedWireIndex":1,
      "ConnectedWireSegmentIndex":0,
      "Points":[{"x":-12.23586,"y":-3.10865},{"x":-12.23586,"y":-3.86739},{"x":0.0,"y":0.0}]
    },
    {
      "SourcePinAddress":{
        "PinID":1457863638,
        "PinOwnerID":747810226
      },
      "TargetPinAddress":{
        "PinID":2116008511,
        "PinOwnerID":1470348530
      },
      "ConnectionType":1,
      "ConnectedWireIndex":0,
      "ConnectedWireSegmentIndex":0,
      "Points":[{"x":-12.31143,"y":-5.03437},{"x":-12.31143,"y":-4.44086},{"x":0.0,"y":0.0}]
    },
    {
      "SourcePinAddress":{
        "PinID":131740421,
        "PinOwnerID":710483309
      },
      "TargetPinAddress":{
        "PinID":1123514671,
        "PinOwnerID":1465770307
      },
      "ConnectionType":0,
      "ConnectedWireIndex":-1,
      "ConnectedWireSegmentIndex":-1,
      "Points":[{"x":0.0,"y":0.0},{"x":0.0,"y":0.0}]
    },
    {
      "SourcePinAddress":{
        "PinID":294276505,
        "PinOwnerID":1465770307
      },
      "TargetPinAddress":{
        "PinID":0,
        "PinOwnerID":1487000275
      },
      "ConnectionType":2,
      "ConnectedWireIndex":3,
      "ConnectedWireSegmentIndex":2,
      "Points":[{"x":0.0,"y":0.0},{"x":-7.83197,"y":-1.95213}]
    },
    {
      "SourcePinAddress":{
        "PinID":624498342,
        "PinOwnerID":341746242
      },
      "TargetPinAddress":{
        "PinID":640716495,
        "PinOwnerID":710483309
      },
      "ConnectionType":0,
      "ConnectedWireIndex":-1,
      "ConnectedWireSegmentIndex":-1,
      "Points":[{"x":0.0,"y":0.0},{"x":0.0,"y":0.0}]
    },
    {
      "SourcePinAddress":{
        "PinID":1,
        "PinOwnerID":1487000275
      },
      "TargetPinAddress":{
        "PinID":510471440,
        "PinOwnerID":2060671652
      },
      "ConnectionType":1,
      "ConnectedWireIndex":3,
      "ConnectedWireSegmentIndex":0,
      "Points":[{"x":-21.58792,"y":-0.40452},{"x":0.0,"y":0.0}]
    },
    {
      "SourcePinAddress":{
        "PinID":294276505,
        "PinOwnerID":1514612886
      },
      "TargetPinAddress":{
        "PinID":0,
        "PinOwnerID":1487000275
      },
      "ConnectionType":2,
      "ConnectedWireIndex":3,
      "ConnectedWireSegmentIndex":2,
      "Points":[{"x":0.0,"y":0.0},{"x":-7.80165,"y":-0.04157}]
    },
    {
      "SourcePinAddress":{
        "PinID":294276505,
        "PinOwnerID":763172391
      },
      "TargetPinAddress":{
        "PinID":0,
        "PinOwnerID":1487000275
      },
      "ConnectionType":2,
      "ConnectedWireIndex":3,
      "ConnectedWireSegmentIndex":4,
      "Points":[{"x":0.0,"y":0.0},{"x":8.3007,"y":0.71367}]
    },
    {
      "SourcePinAddress":{
        "PinID":1,
        "PinOwnerID":1487000275
      },
      "TargetPinAddress":{
        "PinID":510471440,
        "PinOwnerID":1364046331
      },
      "ConnectionType":1,
      "ConnectedWireIndex":3,
      "ConnectedWireSegmentIndex":2,
      "Points":[{"x":-7.79044,"y":0.66513},{"x":0.0,"y":0.0}]
    },
    {
      "SourcePinAddress":{
        "PinID":658458727,
        "PinOwnerID":1839142087
      },
      "TargetPinAddress":{
        "PinID":151097687,
        "PinOwnerID":931866186
      },
      "ConnectionType":0,
      "ConnectedWireIndex":-1,
      "ConnectedWireSegmentIndex":-1,
      "Points":[{"x":0.0,"y":0.0},{"x":0.0,"y":0.0}]
    },
    {
      "SourcePinAddress":{
        "PinID":406217789,
        "PinOwnerID":494908137
      },
      "TargetPinAddress":{
        "PinID":521620496,
        "PinOwnerID":710483309
      },
      "ConnectionType":0,
      "ConnectedWireIndex":-1,
      "ConnectedWireSegmentIndex":-1,
      "Points":[{"x":0.0,"y":0.0},{"x":0.0,"y":0.0}]
    },
    {
      "SourcePinAddress":{
        "PinID":1,
        "PinOwnerID":1487000275
      },
      "TargetPinAddress":{
        "PinID":428440087,
        "PinOwnerID":1839142087
      },
      "ConnectionType":1,
      "ConnectedWireIndex":3,
      "ConnectedWireSegmentIndex":0,
      "Points":[{"x":-21.53272,"y":4.45422},{"x":0.0,"y":0.0}]
    },
    {
      "SourcePinAddress":{
        "PinID":1616687719,
        "PinOwnerID":931866186
      },
      "TargetPinAddress":{
        "PinID":138309568,
        "PinOwnerID":1514612886
      },
      "ConnectionType":0,
      "ConnectedWireIndex":-1,
      "ConnectedWireSegmentIndex":-1,
      "Points":[{"x":0.0,"y":0.0},{"x":-10.19699,"y":9.60678},{"x":-10.19699,"y":-0.29303},{"x":0.0,"y":0.0}]
    },
    {
      "SourcePinAddress":{
        "PinID":2098398175,
        "PinOwnerID":931866186
      },
      "TargetPinAddress":{
        "PinID":138309568,
        "PinOwnerID":1465770307
      },
      "ConnectionType":0,
      "ConnectedWireIndex":-1,
      "ConnectedWireSegmentIndex":-1,
      "Points":[{"x":0.0,"y":0.0},{"x":-10.05465,"y":9.7858},{"x":-10.05465,"y":-2.23695},{"x":0.0,"y":0.0}]
    },
    {
      "SourcePinAddress":{
        "PinID":466402635,
        "PinOwnerID":931866186
      },
      "TargetPinAddress":{
        "PinID":138309568,
        "PinOwnerID":449394095
      },
      "ConnectionType":0,
      "ConnectedWireIndex":-1,
      "ConnectedWireSegmentIndex":-1,
      "Points":[{"x":0.0,"y":0.0},{"x":-10.43421,"y":9.35957},{"x":-10.43421,"y":-3.49422},{"x":0.0,"y":0.0}]
    },
    {
      "SourcePinAddress":{
        "PinID":150181922,
        "PinOwnerID":931866186
      },
      "TargetPinAddress":{
        "PinID":138309568,
        "PinOwnerID":1207986374
      },
      "ConnectionType":0,
      "ConnectedWireIndex":-1,
      "ConnectedWireSegmentIndex":-1,
      "Points":[{"x":0.0,"y":0.0},{"x":-10.62398,"y":9.05268},{"x":-10.62398,"y":-5.43941},{"x":0.0,"y":0.0}]
    },
    {
      "SourcePinAddress":{
        "PinID":1289769878,
        "PinOwnerID":931866186
      },
      "TargetPinAddress":{
        "PinID":1792892232,
        "PinOwnerID":494908137
      },
      "ConnectionType":0,
      "ConnectedWireIndex":-1,
      "ConnectedWireSegmentIndex":-1,
      "Points":[{"x":0.0,"y":0.0},{"x":-10.83748,"y":8.79695},{"x":-10.83748,"y":-0.36292},{"x":-14.08806,"y":-0.40074},{"x":-14.10067,"y":-0.74112},{"x":0.0,"y":0.0}]
    },
    {
      "SourcePinAddress":{
        "PinID":30021035,
        "PinOwnerID":931866186
      },
      "TargetPinAddress":{
        "PinID":138309568,
        "PinOwnerID":763172391
      },
      "ConnectionType":0,
      "ConnectedWireIndex":-1,
      "ConnectedWireSegmentIndex":-1,
      "Points":[{"x":0.0,"y":0.0},{"x":6.11198,"y":8.21719},{"x":6.11198,"y":0.41733},{"x":0.0,"y":0.0}]
    },
    {
      "SourcePinAddress":{
        "PinID":1271278263,
        "PinOwnerID":931866186
      },
      "TargetPinAddress":{
        "PinID":138309568,
        "PinOwnerID":499652331
      },
      "ConnectionType":0,
      "ConnectedWireIndex":-1,
      "ConnectedWireSegmentIndex":-1,
      "Points":[{"x":0.0,"y":0.0},{"x":5.91098,"y":7.96719},{"x":5.91098,"y":-5.90524},{"x":0.0,"y":0.0}]
    },
    {
      "SourcePinAddress":{
        "PinID":1117824771,
        "PinOwnerID":931866186
      },
      "TargetPinAddress":{
        "PinID":1751950503,
        "PinOwnerID":1470348530
      },
      "ConnectionType":0,
      "ConnectedWireIndex":-1,
      "ConnectedWireSegmentIndex":-1,
      "Points":[{"x":0.0,"y":0.0},{"x":-5.92965,"y":7.76001},{"x":-5.97061,"y":-3.56716},{"x":0.0,"y":0.0}]
    },
    {
      "SourcePinAddress":{
        "PinID":1114110658,
        "PinOwnerID":931866186
      },
      "TargetPinAddress":{
        "PinID":138309568,
        "PinOwnerID":1177307528
      },
      "ConnectionType":0,
      "ConnectedWireIndex":-1,
      "ConnectedWireSegmentIndex":-1,
      "Points":[{"x":0.0,"y":0.0},{"x":5.38385,"y":7.21719},{"x":5.38385,"y":-4.26806},{"x":0.0,"y":0.0}]
    },
    {
      "SourcePinAddress":{
        "PinID":2092907360,
        "PinOwnerID":931866186
      },
      "TargetPinAddress":{
        "PinID":0,
        "PinOwnerID":216303768
      },
      "ConnectionType":0,
      "ConnectedWireIndex":-1,
      "ConnectedWireSegmentIndex":-1,
      "Points":[{"x":0.0,"y":0.0},{"x":-5.68815,"y":6.9009},{"x":-5.68815,"y":-1.07658},{"x":0.0,"y":0.0}]
    },
    {
      "SourcePinAddress":{
        "PinID":2092907360,
        "PinOwnerID":931866186
      },
      "TargetPinAddress":{
        "PinID":771252275,
        "PinOwnerID":1421272811
      },
      "ConnectionType":1,
      "ConnectedWireIndex":51,
      "ConnectedWireSegmentIndex":2,
      "Points":[{"x":-4.50675,"y":-1.07658},{"x":-4.50675,"y":-2.3026},{"x":0.0,"y":0.0}]
    },
    {
      "SourcePinAddress":{
        "PinID":895281983,
        "PinOwnerID":931866186
      },
      "TargetPinAddress":{
        "PinID":147504191,
        "PinOwnerID":1421272811
      },
      "ConnectionType":0,
      "ConnectedWireIndex":-1,
      "ConnectedWireSegmentIndex":-1,
      "Points":[{"x":0.0,"y":0.0},{"x":-6.66566,"y":4.67085},{"x":-6.66566,"y":-1.82553},{"x":0.0,"y":0.0}]
    },
    {
      "SourcePinAddress":{
        "PinID":895281983,
        "PinOwnerID":931866186
      },
      "TargetPinAddress":{
        "PinID":16909473,
        "PinOwnerID":1565834155
      },
      "ConnectionType":1,
      "ConnectedWireIndex":53,
      "ConnectedWireSegmentIndex":2,
      "Points":[{"x":-4.0733,"y":-1.85872},{"x":-4.07331,"y":-3.92215},{"x":0.0,"y":0.0}]
    },
    {
      "SourcePinAddress":{
        "PinID":895281983,
        "PinOwnerID":931866186
      },
      "TargetPinAddress":{
        "PinID":16909473,
        "PinOwnerID":161894738
      },
      "ConnectionType":1,
      "ConnectedWireIndex":54,
      "ConnectedWireSegmentIndex":0,
      "Points":[{"x":-4.0733,"y":-2.74672},{"x":0.0,"y":0.0}]
    },
    {
      "SourcePinAddress":{
        "PinID":1401200618,
        "PinOwnerID":931866186
      },
      "TargetPinAddress":{
        "PinID":16909473,
        "PinOwnerID":1364046331
      },
      "ConnectionType":0,
      "ConnectedWireIndex":-1,
      "ConnectedWireSegmentIndex":-1,
      "Points":[{"x":0.0,"y":0.0},{"x":-6.91359,"y":4.39303},{"x":-6.91359,"y":1.33321},{"x":0.0,"y":0.0}]
    },
    {
      "SourcePinAddress":{
        "PinID":1035916614,
        "PinOwnerID":931866186
      },
      "TargetPinAddress":{
        "PinID":1463359246,
        "PinOwnerID":1839142087
      },
      "ConnectionType":0,
      "ConnectedWireIndex":-1,
      "ConnectedWireSegmentIndex":-1,
      "Points":[{"x":0.0,"y":0.0},{"x":-10.97961,"y":6.70707},{"x":-10.97961,"y":2.99599},{"x":-20.66563,"y":2.99599},{"x":-20.66563,"y":5.11919},{"x":0.0,"y":0.0}]
    },
    {
      "SourcePinAddress":{
        "PinID":1664959656,
        "PinOwnerID":931866186
      },
      "TargetPinAddress":{
        "PinID":16909473,
        "PinOwnerID":2060671652
      },
      "ConnectionType":0,
      "ConnectedWireIndex":-1,
      "ConnectedWireSegmentIndex":-1,
      "Points":[{"x":0.0,"y":0.0},{"x":-11.22527,"y":6.47585},{"x":-11.22527,"y":3.25919},{"x":-19.38469,"y":3.25919},{"x":-19.38469,"y":0.20599},{"x":0.0,"y":0.0}]
    },
    {
      "SourcePinAddress":{
        "PinID":884217483,
        "PinOwnerID":931866186
      },
      "TargetPinAddress":{
        "PinID":16909473,
        "PinOwnerID":549279039
      },
      "ConnectionType":0,
      "ConnectedWireIndex":-1,
      "ConnectedWireSegmentIndex":-1,
      "Points":[{"x":0.0,"y":0.0},{"x":-11.48848,"y":6.18156},{"x":-11.48848,"y":3.53995},{"x":-19.57771,"y":3.53995},{"x":-19.57771,"y":-2.93495},{"x":0.0,"y":0.0}]
    },
    {
      "SourcePinAddress":{
        "PinID":1737094516,
        "PinOwnerID":931866186
      },
      "TargetPinAddress":{
        "PinID":16909473,
        "PinOwnerID":747810226
      },
      "ConnectionType":0,
      "ConnectedWireIndex":-1,
      "ConnectedWireSegmentIndex":-1,
      "Points":[{"x":0.0,"y":0.0},{"x":-11.76923,"y":5.95034},{"x":-11.76923,"y":3.78561},{"x":-19.71809,"y":3.78561},{"x":-19.71809,"y":-4.93532},{"x":0.0,"y":0.0}]
    },
    {
      "SourcePinAddress":{
        "PinID":999133088,
        "PinOwnerID":996549198
      },
      "TargetPinAddress":{
        "PinID":1351959728,
        "PinOwnerID":494908137
      },
      "ConnectionType":0,
      "ConnectedWireIndex":-1,
      "ConnectedWireSegmentIndex":-1,
      "Points":[{"x":0.0,"y":0.0},{"x":9.54723,"y":-1.91386},{"x":9.54723,"y":11.29237},{"x":-17.97786,"y":11.29237},{"x":-17.97786,"y":0.83622},{"x":-14.72797,"y":0.83622},{"x":-14.72797,"y":-1.02893},{"x":0.0,"y":0.0}]
    },
    {
      "SourcePinAddress":{
        "PinID":999133088,
        "PinOwnerID":996549198
      },
      "TargetPinAddress":{
        "PinID":1670566918,
        "PinOwnerID":931866186
      },
      "ConnectionType":1,
      "ConnectedWireIndex":61,
      "ConnectedWireSegmentIndex":3,
      "Points":[{"x":-17.97786,"y":6.01509},{"x":0.0,"y":0.0}]
    },
    {
      "SourcePinAddress":{
        "PinID":0,
        "PinOwnerID":1609395939
      },
      "TargetPinAddress":{
        "PinID":1700257055,
        "PinOwnerID":931866186
      },
      "ConnectionType":0,
      "ConnectedWireIndex":-1,
      "ConnectedWireSegmentIndex":-1,
      "Points":[{"x":0.0,"y":0.0},{"x":0.0,"y":0.0}]
    },
    {
      "SourcePinAddress":{
        "PinID":0,
        "PinOwnerID":1119687499
      },
      "TargetPinAddress":{
        "PinID":1759055145,
        "PinOwnerID":1584534058
      },
      "ConnectionType":0,
      "ConnectedWireIndex":-1,
      "ConnectedWireSegmentIndex":-1,
      "Points":[{"x":0.0,"y":0.0},{"x":0.0,"y":0.0}]
    },
    {
      "SourcePinAddress":{
        "PinID":0,
        "PinOwnerID":1535604884
      },
      "TargetPinAddress":{
        "PinID":1646085438,
        "PinOwnerID":1584534058
      },
      "ConnectionType":0,
      "ConnectedWireIndex":-1,
      "ConnectedWireSegmentIndex":-1,
      "Points":[{"x":0.0,"y":0.0},{"x":0.0,"y":0.0}]
    },
    {
      "SourcePinAddress":{
        "PinID":0,
        "PinOwnerID":54981056
      },
      "TargetPinAddress":{
        "PinID":950059019,
        "PinOwnerID":1584534058
      },
      "ConnectionType":0,
      "ConnectedWireIndex":-1,
      "ConnectedWireSegmentIndex":-1,
      "Points":[{"x":0.0,"y":0.0},{"x":0.0,"y":0.0}]
    },
    {
      "SourcePinAddress":{
        "PinID":1891561407,
        "PinOwnerID":1584534058
      },
      "TargetPinAddress":{
        "PinID":1302485883,
        "PinOwnerID":931866186
      },
      "ConnectionType":0,
      "ConnectedWireIndex":-1,
      "ConnectedWireSegmentIndex":-1,
      "Points":[{"x":0.0,"y":0.0},{"x":0.0,"y":0.0}]
    },
    {
      "SourcePinAddress":{
        "PinID":1457863638,
        "PinOwnerID":747810226
      },
      "TargetPinAddress":{
        "PinID":0,
        "PinOwnerID":1422109445
      },
      "ConnectionType":1,
      "ConnectedWireIndex":0,
      "ConnectedWireSegmentIndex":0,
      "Points":[{"x":-15.35848,"y":-5.03286},{"x":-15.3661,"y":-5.93641},{"x":0.0,"y":0.0}]
    },
    {
      "SourcePinAddress":{
        "PinID":1457863638,
        "PinOwnerID":549279039
      },
      "TargetPinAddress":{
        "PinID":0,
        "PinOwnerID":1433573774
      },
      "ConnectionType":1,
      "ConnectedWireIndex":1,
      "ConnectedWireSegmentIndex":0,
      "Points":[{"x":-15.38893,"y":-3.10455},{"x":-15.38905,"y":-4.03905},{"x":0.0,"y":0.0}]
    },
    {
      "SourcePinAddress":{
        "PinID":1457863638,
        "PinOwnerID":490238657
      },
      "TargetPinAddress":{
        "PinID":1834294471,
        "PinOwnerID":1007405948
      },
      "ConnectionType":0,
      "ConnectedWireIndex":-1,
      "ConnectedWireSegmentIndex":-1,
      "Points":[{"x":0.0,"y":0.0},{"x":0.0,"y":0.0}]
    },
    {
      "SourcePinAddress":{
        "PinID":1,
        "PinOwnerID":1487000275
      },
      "TargetPinAddress":{
        "PinID":510471440,
        "PinOwnerID":490238657
      },
      "ConnectionType":1,
      "ConnectedWireIndex":3,
      "ConnectedWireSegmentIndex":1,
      "Points":[{"x":-7.93369,"y":-8.36308},{"x":-7.93369,"y":-9.90293},{"x":0.0,"y":0.0}]
    },
    {
      "SourcePinAddress":{
        "PinID":2108527163,
        "PinOwnerID":931866186
      },
      "TargetPinAddress":{
        "PinID":1416378532,
        "PinOwnerID":1007405948
      },
      "ConnectionType":0,
      "ConnectedWireIndex":-1,
      "ConnectedWireSegmentIndex":-1,
      "Points":[{"x":0.0,"y":0.0},{"x":-6.52283,"y":4.96071},{"x":-6.52283,"y":-6.91043},{"x":0.0,"y":0.0}]
    },
    {
      "SourcePinAddress":{
        "PinID":1956272310,
        "PinOwnerID":931866186
      },
      "TargetPinAddress":{
        "PinID":16909473,
        "PinOwnerID":490238657
      },
      "ConnectionType":0,
      "ConnectedWireIndex":-1,
      "ConnectedWireSegmentIndex":-1,
      "Points":[{"x":0.0,"y":0.0},{"x":-6.31982,"y":5.20016},{"x":-6.31982,"y":-9.34059},{"x":0.0,"y":0.0}]
    },
    {
      "SourcePinAddress":{
        "PinID":181646684,
        "PinOwnerID":931866186
      },
      "TargetPinAddress":{
        "PinID":1585922942,
        "PinOwnerID":1007405948
      },
      "ConnectionType":0,
      "ConnectedWireIndex":-1,
      "ConnectedWireSegmentIndex":-1,
      "Points":[{"x":0.0,"y":0.0},{"x":5.56765,"y":7.71719},{"x":5.56765,"y":-5.12369},{"x":-3.36925,"y":-5.07186},{"x":-3.38652,"y":-8.18177},{"x":0.0,"y":0.0}]
    },
    {
      "SourcePinAddress":{
        "PinID":1,
        "PinOwnerID":1487000275
      },
      "TargetPinAddress":{
        "PinID":1229379721,
        "PinOwnerID":1007405948
      },
      "ConnectionType":1,
      "ConnectedWireIndex":3,
      "ConnectedWireSegmentIndex":2,
      "Points":[{"x":-7.8885,"y":-5.51524},{"x":0.0,"y":0.0}]
    },
    {
      "SourcePinAddress":{
        "PinID":589633701,
        "PinOwnerID":1007405948
      },
      "TargetPinAddress":{
        "PinID":1123514671,
        "PinOwnerID":499652331
      },
      "ConnectionType":0,
      "ConnectedWireIndex":-1,
      "ConnectedWireSegmentIndex":-1,
      "Points":[{"x":0.0,"y":0.0},{"x":0.0,"y":0.0}]
    },
    {
      "SourcePinAddress":{
        "PinID":294276505,
        "PinOwnerID":499652331
      },
      "TargetPinAddress":{
        "PinID":0,
        "PinOwnerID":1487000275
      },
      "ConnectionType":2,
      "ConnectedWireIndex":3,
      "ConnectedWireSegmentIndex":4,
      "Points":[{"x":0.0,"y":0.0},{"x":8.33162,"y":-5.66088}]
    },
    {
      "SourcePinAddress":{
        "PinID":0,
        "PinOwnerID":1116455236
      },
      "TargetPinAddress":{
        "PinID":0,
        "PinOwnerID":839947056
      },
      "ConnectionType":0,
      "ConnectedWireIndex":-1,
      "ConnectedWireSegmentIndex":-1,
      "Points":[{"x":0.0,"y":0.0},{"x":0.0,"y":0.0}]
    },
    {
      "SourcePinAddress":{
        "PinID":0,
        "PinOwnerID":1374964798
      },
      "TargetPinAddress":{
        "PinID":1,
        "PinOwnerID":839947056
      },
      "ConnectionType":0,
      "ConnectedWireIndex":-1,
      "ConnectedWireSegmentIndex":-1,
      "Points":[{"x":0.0,"y":0.0},{"x":0.0,"y":0.0}]
    },
    {
      "SourcePinAddress":{
        "PinID":0,
        "PinOwnerID":2107432457
      },
      "TargetPinAddress":{
        "PinID":2,
        "PinOwnerID":839947056
      },
      "ConnectionType":0,
      "ConnectedWireIndex":-1,
      "ConnectedWireSegmentIndex":-1,
      "Points":[{"x":0.0,"y":0.0},{"x":0.0,"y":0.0}]
    },
    {
      "SourcePinAddress":{
        "PinID":0,
        "PinOwnerID":891808015
      },
      "TargetPinAddress":{
        "PinID":3,
        "PinOwnerID":839947056
      },
      "ConnectionType":0,
      "ConnectedWireIndex":-1,
      "ConnectedWireSegmentIndex":-1,
      "Points":[{"x":0.0,"y":0.0},{"x":0.0,"y":0.0}]
    },
    {
      "SourcePinAddress":{
        "PinID":0,
        "PinOwnerID":508130236
      },
      "TargetPinAddress":{
        "PinID":4,
        "PinOwnerID":839947056
      },
      "ConnectionType":0,
      "ConnectedWireIndex":-1,
      "ConnectedWireSegmentIndex":-1,
      "Points":[{"x":0.0,"y":0.0},{"x":0.0,"y":0.0}]
    },
    {
      "SourcePinAddress":{
        "PinID":0,
        "PinOwnerID":1114522812
      },
      "TargetPinAddress":{
        "PinID":5,
        "PinOwnerID":839947056
      },
      "ConnectionType":0,
      "ConnectedWireIndex":-1,
      "ConnectedWireSegmentIndex":-1,
      "Points":[{"x":0.0,"y":0.0},{"x":0.0,"y":0.0}]
    },
    {
      "SourcePinAddress":{
        "PinID":0,
        "PinOwnerID":1707558105
      },
      "TargetPinAddress":{
        "PinID":6,
        "PinOwnerID":839947056
      },
      "ConnectionType":0,
      "ConnectedWireIndex":-1,
      "ConnectedWireSegmentIndex":-1,
      "Points":[{"x":0.0,"y":0.0},{"x":0.0,"y":0.0}]
    },
    {
      "SourcePinAddress":{
        "PinID":0,
        "PinOwnerID":1413437237
      },
      "TargetPinAddress":{
        "PinID":7,
        "PinOwnerID":839947056
      },
      "ConnectionType":0,
      "ConnectedWireIndex":-1,
      "ConnectedWireSegmentIndex":-1,
      "Points":[{"x":0.0,"y":0.0},{"x":0.0,"y":0.0}]
    },
    {
      "SourcePinAddress":{
        "PinID":294276505,
        "PinOwnerID":364668106
      },
      "TargetPinAddress":{
        "PinID":0,
        "PinOwnerID":1487000275
      },
      "ConnectionType":2,
      "ConnectedWireIndex":3,
      "ConnectedWireSegmentIndex":4,
      "Points":[{"x":0.0,"y":0.0},{"x":8.34018,"y":-7.42525}]
    },
    {
      "SourcePinAddress":{
        "PinID":8,
        "PinOwnerID":839947056
      },
      "TargetPinAddress":{
        "PinID":1123514671,
        "PinOwnerID":364668106
      },
      "ConnectionType":0,
      "ConnectedWireIndex":-1,
      "ConnectedWireSegmentIndex":-1,
      "Points":[{"x":0.0,"y":0.0},{"x":0.0,"y":0.0}]
    },
    {
      "SourcePinAddress":{
        "PinID":1234558616,
        "PinOwnerID":1007405948
      },
      "TargetPinAddress":{
        "PinID":1224546375,
        "PinOwnerID":405299995
      },
      "ConnectionType":0,
      "ConnectedWireIndex":-1,
      "ConnectedWireSegmentIndex":-1,
      "Points":[{"x":0.0,"y":0.0},{"x":0.0,"y":0.0}]
    },
    {
      "SourcePinAddress":{
        "PinID":1461942337,
        "PinOwnerID":1007405948
      },
      "TargetPinAddress":{
        "PinID":1330712534,
        "PinOwnerID":405299995
      },
      "ConnectionType":0,
      "ConnectedWireIndex":-1,
      "ConnectedWireSegmentIndex":-1,
      "Points":[{"x":0.0,"y":0.0},{"x":0.0,"y":0.0}]
    },
    {
      "SourcePinAddress":{
        "PinID":924483957,
        "PinOwnerID":1007405948
      },
      "TargetPinAddress":{
        "PinID":1747169014,
        "PinOwnerID":405299995
      },
      "ConnectionType":0,
      "ConnectedWireIndex":-1,
      "ConnectedWireSegmentIndex":-1,
      "Points":[{"x":0.0,"y":0.0},{"x":0.0,"y":0.0}]
    },
    {
      "SourcePinAddress":{
        "PinID":116493901,
        "PinOwnerID":1007405948
      },
      "TargetPinAddress":{
        "PinID":1341100091,
        "PinOwnerID":405299995
      },
      "ConnectionType":0,
      "ConnectedWireIndex":-1,
      "ConnectedWireSegmentIndex":-1,
      "Points":[{"x":0.0,"y":0.0},{"x":0.0,"y":0.0}]
    },
    {
      "SourcePinAddress":{
        "PinID":1406580925,
        "PinOwnerID":1007405948
      },
      "TargetPinAddress":{
        "PinID":1144525731,
        "PinOwnerID":405299995
      },
      "ConnectionType":0,
      "ConnectedWireIndex":-1,
      "ConnectedWireSegmentIndex":-1,
      "Points":[{"x":0.0,"y":0.0},{"x":0.0,"y":0.0}]
    },
    {
      "SourcePinAddress":{
        "PinID":2021297756,
        "PinOwnerID":1007405948
      },
      "TargetPinAddress":{
        "PinID":734768723,
        "PinOwnerID":405299995
      },
      "ConnectionType":0,
      "ConnectedWireIndex":-1,
      "ConnectedWireSegmentIndex":-1,
      "Points":[{"x":0.0,"y":0.0},{"x":0.0,"y":0.0}]
    },
    {
      "SourcePinAddress":{
        "PinID":519848084,
        "PinOwnerID":1007405948
      },
      "TargetPinAddress":{
        "PinID":442503487,
        "PinOwnerID":405299995
      },
      "ConnectionType":0,
      "ConnectedWireIndex":-1,
      "ConnectedWireSegmentIndex":-1,
      "Points":[{"x":0.0,"y":0.0},{"x":0.0,"y":0.0}]
    },
    {
      "SourcePinAddress":{
        "PinID":290387401,
        "PinOwnerID":1007405948
      },
      "TargetPinAddress":{
        "PinID":506636437,
        "PinOwnerID":405299995
      },
      "ConnectionType":0,
      "ConnectedWireIndex":-1,
      "ConnectedWireSegmentIndex":-1,
      "Points":[{"x":0.0,"y":0.0},{"x":0.0,"y":0.0}]
    },
    {
      "SourcePinAddress":{
        "PinID":2105992739,
        "PinOwnerID":405299995
      },
      "TargetPinAddress":{
        "PinID":0,
        "PinOwnerID":434100326
      },
      "ConnectionType":0,
      "ConnectedWireIndex":-1,
      "ConnectedWireSegmentIndex":-1,
      "Points":[{"x":0.0,"y":0.0},{"x":0.0,"y":0.0}]
    },
    {
      "SourcePinAddress":{
        "PinID":1661689593,
        "PinOwnerID":405299995
      },
      "TargetPinAddress":{
        "PinID":0,
        "PinOwnerID":150394250
      },
      "ConnectionType":0,
      "ConnectedWireIndex":-1,
      "ConnectedWireSegmentIndex":-1,
      "Points":[{"x":0.0,"y":0.0},{"x":0.0,"y":0.0}]
    },
    {
      "SourcePinAddress":{
        "PinID":829046064,
        "PinOwnerID":405299995
      },
      "TargetPinAddress":{
        "PinID":0,
        "PinOwnerID":712506757
      },
      "ConnectionType":0,
      "ConnectedWireIndex":-1,
      "ConnectedWireSegmentIndex":-1,
      "Points":[{"x":0.0,"y":0.0},{"x":0.0,"y":0.0}]
    },
    {
      "SourcePinAddress":{
        "PinID":63441764,
        "PinOwnerID":405299995
      },
      "TargetPinAddress":{
        "PinID":0,
        "PinOwnerID":1838062768
      },
      "ConnectionType":0,
      "ConnectedWireIndex":-1,
      "ConnectedWireSegmentIndex":-1,
      "Points":[{"x":0.0,"y":0.0},{"x":0.0,"y":0.0}]
    },
    {
      "SourcePinAddress":{
        "PinID":89586097,
        "PinOwnerID":405299995
      },
      "TargetPinAddress":{
        "PinID":0,
        "PinOwnerID":1538538573
      },
      "ConnectionType":0,
      "ConnectedWireIndex":-1,
      "ConnectedWireSegmentIndex":-1,
      "Points":[{"x":0.0,"y":0.0},{"x":0.0,"y":0.0}]
    },
    {
      "SourcePinAddress":{
        "PinID":1475009759,
        "PinOwnerID":405299995
      },
      "TargetPinAddress":{
        "PinID":0,
        "PinOwnerID":1123309112
      },
      "ConnectionType":0,
      "ConnectedWireIndex":-1,
      "ConnectedWireSegmentIndex":-1,
      "Points":[{"x":0.0,"y":0.0},{"x":0.0,"y":0.0}]
    },
    {
      "SourcePinAddress":{
        "PinID":2091167467,
        "PinOwnerID":405299995
      },
      "TargetPinAddress":{
        "PinID":0,
        "PinOwnerID":1354234435
      },
      "ConnectionType":0,
      "ConnectedWireIndex":-1,
      "ConnectedWireSegmentIndex":-1,
      "Points":[{"x":0.0,"y":0.0},{"x":0.0,"y":0.0}]
    },
    {
      "SourcePinAddress":{
        "PinID":1363665078,
        "PinOwnerID":405299995
      },
      "TargetPinAddress":{
        "PinID":0,
        "PinOwnerID":891487077
      },
      "ConnectionType":0,
      "ConnectedWireIndex":-1,
      "ConnectedWireSegmentIndex":-1,
      "Points":[{"x":0.0,"y":0.0},{"x":0.0,"y":0.0}]
    },
    {
      "SourcePinAddress":{
        "PinID":0,
        "PinOwnerID":1957444792
      },
      "TargetPinAddress":{
        "PinID":1019788708,
        "PinOwnerID":657598662
      },
      "ConnectionType":0,
      "ConnectedWireIndex":-1,
      "ConnectedWireSegmentIndex":-1,
      "Points":[{"x":0.0,"y":0.0},{"x":0.0,"y":0.0}]
    },
    {
      "SourcePinAddress":{
        "PinID":953812101,
        "PinOwnerID":931866186
      },
      "TargetPinAddress":{
        "PinID":138309568,
        "PinOwnerID":364668106
      },
      "ConnectionType":0,
      "ConnectedWireIndex":-1,
      "ConnectedWireSegmentIndex":-1,
      "Points":[{"x":0.0,"y":0.0},{"x":5.20265,"y":7.0052},{"x":5.20265,"y":-6.04684},{"x":6.0677,"y":-6.04684},{"x":6.0677,"y":-7.75149},{"x":0.0,"y":0.0}]
    },
    {
      "SourcePinAddress":{
        "PinID":342750601,
        "PinOwnerID":931866186
      },
      "TargetPinAddress":{
        "PinID":77468133,
        "PinOwnerID":405299995
      },
      "ConnectionType":0,
      "ConnectedWireIndex":-1,
      "ConnectedWireSegmentIndex":-1,
      "Points":[{"x":0.0,"y":0.0},{"x":-6.06528,"y":5.71719},{"x":-6.06528,"y":-4.90531},{"x":-0.15169,"y":-4.90531},{"x":0.0,"y":0.0}]
    },
    {
      "SourcePinAddress":{
        "PinID":1782357253,
        "PinOwnerID":931866186
      },
      "TargetPinAddress":{
        "PinID":208935828,
        "PinOwnerID":657598662
      },
      "ConnectionType":0,
      "ConnectedWireIndex":-1,
      "ConnectedWireSegmentIndex":-1,
      "Points":[{"x":0.0,"y":0.0},{"x":-6.21708,"y":5.46719},{"x":-6.21708,"y":-12.11729},{"x":0.0,"y":0.0}]
    },
    {
      "SourcePinAddress":{
        "PinID":1747701384,
        "PinOwnerID":657598662
      },
      "TargetPinAddress":{
        "PinID":1373910244,
        "PinOwnerID":931866186
      },
      "ConnectionType":0,
      "ConnectedWireIndex":-1,
      "ConnectedWireSegmentIndex":-1,
      "Points":[{"x":0.0,"y":0.0},{"x":9.70395,"y":-12.24571},{"x":9.70395,"y":11.44681},{"x":-18.23709,"y":11.44681},{"x":-18.23709,"y":7.27969},{"x":0.0,"y":0.0}]
    },
    {
      "SourcePinAddress":{
        "PinID":1457863638,
        "PinOwnerID":1364046331
      },
      "TargetPinAddress":{
        "PinID":1914381887,
        "PinOwnerID":472272469
      },
      "ConnectionType":0,
      "ConnectedWireIndex":-1,
      "ConnectedWireSegmentIndex":-1,
      "Points":[{"x":0.0,"y":0.0},{"x":0.0,"y":0.0}]
    },
    {
      "SourcePinAddress":{
        "PinID":316619475,
        "PinOwnerID":472272469
      },
      "TargetPinAddress":{
        "PinID":1123514671,
        "PinOwnerID":763172391
      },
      "ConnectionType":0,
      "ConnectedWireIndex":-1,
      "ConnectedWireSegmentIndex":-1,
      "Points":[{"x":0.0,"y":0.0},{"x":0.0,"y":0.0}]
    }
  ],
  "Displays": null
}