{
  "DLSVersion": "2.1.6",
  "Name": "D-64",
  "NameLocation": 0,
  "ChipType": 0,
  "Size": {
    "x": 0.725,
    "y": 4.25
  },
  "Colour": {
    "r": 0.9741378,
    "g": 0.939958155,
    "b": 0.4812822,
    "a": 1
  },
  "InputPins":[
    {
      "Name":"IN",
      "ID":77468133,
      "Position":{
        "x":-4.13386,
        "y":4.70472
      },
      "BitCount":1,
      "Colour":0,
      "ValueDisplayMode":0
    },
    {
      "Name":"IN",
      "ID":1224546375,
      "Position":{
        "x":-4.36024,
        "y":3.90748
      },
      "BitCount":8,
      "Colour":0,
      "ValueDisplayMode":0
    },
    {
      "Name":"IN",
      "ID":1330712534,
      "Position":{
        "x":-4.35039,
        "y":2.84449
      },
      "BitCount":8,
      "Colour":0,
      "ValueDisplayMode":0
    },
    {
      "Name":"IN",
      "ID":1747169014,
      "Position":{
        "x":-4.36024,
        "y":1.70276
      },
      "BitCount":8,
      "Colour":0,
      "ValueDisplayMode":0
    },
    {
      "Name":"IN",
      "ID":1341100091,
      "Position":{
        "x":-4.34055,
        "y":0.59055
      },
      "BitCount":8,
      "Colour":0,
      "ValueDisplayMode":0
    },
    {
      "Name":"IN",
      "ID":1144525731,
      "Position":{
        "x":-4.32087,
        "y":-0.51181
      },
      "BitCount":8,
      "Colour":0,
      "ValueDisplayMode":0
    },
    {
      "Name":"IN",
      "ID":734768723,
      "Position":{
        "x":-4.31102,
        "y":-1.56496
      },
      "BitCount":8,
      "Colour":0,
      "ValueDisplayMode":0
    },
    {
      "Name":"IN",
      "ID":442503487,
      "Position":{
        "x":-4.25197,
        "y":-2.62795
      },
      "BitCount":8,
      "Colour":0,
      "ValueDisplayMode":0
    },
    {
      "Name":"IN",
      "ID":506636437,
      "Position":{
        "x":-4.25197,
        "y":-3.75
      },
      "BitCount":8,
      "Colour":0,
      "ValueDisplayMode":0
    }
  ],
  "OutputPins":[
    {
      "Name":"OUT",
      "ID":2105992739,
      "Position":{
        "x":1.7815,
        "y":4.39961
      },
      "BitCount":8,
      "Colour":0,
      "ValueDisplayMode":0
    },
    {
      "Name":"OUT",
      "ID":1661689593,
      "Position":{
        "x":1.77165,
        "y":3.26772
      },
      "BitCount":8,
      "Colour":0,
      "ValueDisplayMode":0
    },
    {
      "Name":"OUT",
      "ID":829046064,
      "Position":{
        "x":1.7815,
        "y":2.21457
      },
      "BitCount":8,
      "Colour":0,
      "ValueDisplayMode":0
    },
    {
      "Name":"OUT",
      "ID":63441764,
      "Position":{
        "x":1.76181,
        "y":1.1122
      },
      "BitCount":8,
      "Colour":0,
      "ValueDisplayMode":0
    },
    {
      "Name":"OUT",
      "ID":89586097,
      "Position":{
        "x":1.73228,
        "y":0.00984
      },
      "BitCount":8,
      "Colour":0,
      "ValueDisplayMode":0
    },
    {
      "Name":"OUT",
      "ID":1475009759,
      "Position":{
        "x":1.75197,
        "y":-1.07283
      },
      "BitCount":8,
      "Colour":0,
      "ValueDisplayMode":0
    },
    {
      "Name":"OUT",
      "ID":2091167467,
      "Position":{
        "x":1.76181,
        "y":-2.21457
      },
      "BitCount":8,
      "Colour":0,
      "ValueDisplayMode":0
    },
    {
      "Name":"OUT",
      "ID":1363665078,
      "Position":{
        "x":1.70276,
        "y":-3.25787
      },
      "BitCount":8,
      "Colour":0,
      "ValueDisplayMode":0
    }
  ],
  "SubChips":[
    {
      "Name":"D-8",
      "ID":1939913381,
      "Label":"",
      "Position":{
        "x":-1.06299,
        "y":1.93898
      },
      "OutputPinColourInfo":[{"PinColour":0,"PinID":658458727},{"PinColour":0,"PinID":399529008}],
      "InternalData":null
    },
    {
      "Name":"D-8",
      "ID":1041141079,
      "Label":"",
      "Position":{
        "x":-1.08268,
        "y":0.8563
      },
      "OutputPinColourInfo":[{"PinColour":0,"PinID":658458727},{"PinColour":0,"PinID":399529008}],
      "InternalData":null
    },
    {
      "Name":"D-8",
      "ID":1918227205,
      "Label":"",
      "Position":{
        "x":-1.10236,
        "y":-0.24606
      },
      "OutputPinColourInfo":[{"PinColour":0,"PinID":658458727},{"PinColour":0,"PinID":399529008}],
      "InternalData":null
    },
    {
      "Name":"D-8",
      "ID":664490991,
      "Label":"",
      "Position":{
        "x":-1.08268,
        "y":3.0315
      },
      "OutputPinColourInfo":[{"PinColour":0,"PinID":658458727},{"PinColour":0,"PinID":399529008}],
      "InternalData":null
    },
    {
      "Name":"D-8",
      "ID":120044112,
      "Label":"",
      "Position":{
        "x":-1.08268,
        "y":4.1437
      },
      "OutputPinColourInfo":[{"PinColour":0,"PinID":658458727},{"PinColour":0,"PinID":399529008}],
      "InternalData":null
    },
    {
      "Name":"D-8",
      "ID":99937139,
      "Label":"",
      "Position":{
        "x":-1.10236,
        "y":-1.34842
      },
      "OutputPinColourInfo":[{"PinColour":0,"PinID":658458727},{"PinColour":0,"PinID":399529008}],
      "InternalData":null
    },
    {
      "Name":"D-8",
      "ID":1728492947,
      "Label":"",
      "Position":{
        "x":-1.12205,
        "y":-2.41142
      },
      "OutputPinColourInfo":[{"PinColour":0,"PinID":658458727},{"PinColour":0,"PinID":399529008}],
      "InternalData":null
    },
    {
      "Name":"D-8",
      "ID":967893139,
      "Label":"",
      "Position":{
        "x":-1.16142,
        "y":-3.48425
      },
      "OutputPinColourInfo":[{"PinColour":0,"PinID":658458727},{"PinColour":0,"PinID":399529008}],
      "InternalData":null
    }
  ],
  "Wires":[
    {
      "SourcePinAddress":{
        "PinID":0,
        "PinOwnerID":1224546375
      },
      "TargetPinAddress":{
        "PinID":428440087,
        "PinOwnerID":120044112
      },
      "ConnectionType":0,
      "ConnectedWireIndex":-1,
      "ConnectedWireSegmentIndex":-1,
      "Points":[{"x":0.0,"y":0.0},{"x":0.0,"y":0.0}]
    },
    {
      "SourcePinAddress":{
        "PinID":0,
        "PinOwnerID":1330712534
      },
      "TargetPinAddress":{
        "PinID":428440087,
        "PinOwnerID":664490991
      },
      "ConnectionType":0,
      "ConnectedWireIndex":-1,
      "ConnectedWireSegmentIndex":-1,
      "Points":[{"x":0.0,"y":0.0},{"x":0.0,"y":0.0}]
    },
    {
      "SourcePinAddress":{
        "PinID":0,
        "PinOwnerID":1747169014
      },
      "TargetPinAddress":{
        "PinID":428440087,
        "PinOwnerID":1939913381
      },
      "ConnectionType":0,
      "ConnectedWireIndex":-1,
      "ConnectedWireSegmentIndex":-1,
      "Points":[{"x":0.0,"y":0.0},{"x":0.0,"y":0.0}]
    },
    {
      "SourcePinAddress":{
        "PinID":0,
        "PinOwnerID":1341100091
      },
      "TargetPinAddress":{
        "PinID":428440087,
        "PinOwnerID":1041141079
      },
      "ConnectionType":0,
      "ConnectedWireIndex":-1,
      "ConnectedWireSegmentIndex":-1,
      "Points":[{"x":0.0,"y":0.0},{"x":0.0,"y":0.0}]
    },
    {
      "SourcePinAddress":{
        "PinID":0,
        "PinOwnerID":1144525731
      },
      "TargetPinAddress":{
        "PinID":428440087,
        "PinOwnerID":1918227205
      },
      "ConnectionType":0,
      "ConnectedWireIndex":-1,
      "ConnectedWireSegmentIndex":-1,
      "Points":[{"x":0.0,"y":0.0},{"x":0.0,"y":0.0}]
    },
    {
      "SourcePinAddress":{
        "PinID":0,
        "PinOwnerID":734768723
      },
      "TargetPinAddress":{
        "PinID":428440087,
        "PinOwnerID":99937139
      },
      "ConnectionType":0,
      "ConnectedWireIndex":-1,
      "ConnectedWireSegmentIndex":-1,
      "Points":[{"x":0.0,"y":0.0},{"x":0.0,"y":0.0}]
    },
    {
      "SourcePinAddress":{
        "PinID":0,
        "PinOwnerID":442503487
      },
      "TargetPinAddress":{
        "PinID":428440087,
        "PinOwnerID":1728492947
      },
      "ConnectionType":0,
      "ConnectedWireIndex":-1,
      "ConnectedWireSegmentIndex":-1,
      "Points":[{"x":0.0,"y":0.0},{"x":0.0,"y":0.0}]
    },
    {
      "SourcePinAddress":{
        "PinID":0,
        "PinOwnerID":506636437
      },
      "TargetPinAddress":{
        "PinID":428440087,
        "PinOwnerID":967893139
      },
      "ConnectionType":0,
      "ConnectedWireIndex":-1,
      "ConnectedWireSegmentIndex":-1,
      "Points":[{"x":0.0,"y":0.0},{"x":0.0,"y":0.0}]
    },
    {
      "SourcePinAddress":{
        "PinID":658458727,
        "PinOwnerID":120044112
      },
      "TargetPinAddress":{
        "PinID":0,
        "PinOwnerID":2105992739
      },
      "ConnectionType":0,
      "ConnectedWireIndex":-1,
      "ConnectedWireSegmentIndex":-1,
      "Points":[{"x":0.0,"y":0.0},{"x":0.0,"y":0.0}]
    },
    {
      "SourcePinAddress":{
        "PinID":658458727,
        "PinOwnerID":664490991
      },
      "TargetPinAddress":{
        "PinID":0,
        "PinOwnerID":1661689593
      },
      "ConnectionType":0,
      "ConnectedWireIndex":-1,
      "ConnectedWireSegmentIndex":-1,
      "Points":[{"x":0.0,"y":0.0},{"x":0.0,"y":0.0}]
    },
    {
      "SourcePinAddress":{
        "PinID":658458727,
        "PinOwnerID":1939913381
      },
      "TargetPinAddress":{
        "PinID":0,
        "PinOwnerID":829046064
      },
      "ConnectionType":0,
      "ConnectedWireIndex":-1,
      "ConnectedWireSegmentIndex":-1,
      "Points":[{"x":0.0,"y":0.0},{"x":0.0,"y":0.0}]
    },
    {
      "SourcePinAddress":{
        "PinID":658458727,
        "PinOwnerID":1041141079
      },
      "TargetPinAddress":{
        "PinID":0,
        "PinOwnerID":63441764
      },
      "ConnectionType":0,
      "ConnectedWireIndex":-1,
      "ConnectedWireSegmentIndex":-1,
      "Points":[{"x":0.0,"y":0.0},{"x":0.0,"y":0.0}]
    },
    {
      "SourcePinAddress":{
        "PinID":658458727,
        "PinOwnerID":1918227205
      },
      "TargetPinAddress":{
        "PinID":0,
        "PinOwnerID":89586097
      },
      "ConnectionType":0,
      "ConnectedWireIndex":-1,
      "ConnectedWireSegmentIndex":-1,
      "Points":[{"x":0.0,"y":0.0},{"x":0.0,"y":0.0}]
    },
    {
      "SourcePinAddress":{
        "PinID":658458727,
        "PinOwnerID":99937139
      },
      "TargetPinAddress":{
        "PinID":0,
        "PinOwnerID":1475009759
      },
      "ConnectionType":0,
      "ConnectedWireIndex":-1,
      "ConnectedWireSegmentIndex":-1,
      "Points":[{"x":0.0,"y":0.0},{"x":0.0,"y":0.0}]
    },
    {
      "SourcePinAddress":{
        "PinID":658458727,
        "PinOwnerID":1728492947
      },
      "TargetPinAddress":{
        "PinID":0,
        "PinOwnerID":2091167467
      },
      "ConnectionType":0,
      "ConnectedWireIndex":-1,
      "ConnectedWireSegmentIndex":-1,
      "Points":[{"x":0.0,"y":0.0},{"x":0.0,"y":0.0}]
    },
    {
      "SourcePinAddress":{
        "PinID":658458727,
        "PinOwnerID":967893139
      },
      "TargetPinAddress":{
        "PinID":0,
        "PinOwnerID":1363665078
      },
      "ConnectionType":0,
      "ConnectedWireIndex":-1,
      "ConnectedWireSegmentIndex":-1,
      "Points":[{"x":0.0,"y":0.0},{"x":0.0,"y":0.0}]
    },
    {
      "SourcePinAddress":{
        "PinID":0,
        "PinOwnerID":77468133
      },
      "TargetPinAddress":{
        "PinID":1463359246,
        "PinOwnerID":120044112
      },
      "ConnectionType":0,
      "ConnectedWireIndex":-1,
      "ConnectedWireSegmentIndex":-1,
      "Points":[{"x":0.0,"y":0.0},{"x":0.0,"y":0.0}]
    },
    {
      "SourcePinAddress":{
        "PinID":0,
        "PinOwnerID":77468133
      },
      "TargetPinAddress":{
        "PinID":1463359246,
        "PinOwnerID":967893139
      },
      "ConnectionType":1,
      "ConnectedWireIndex":16,
      "ConnectedWireSegmentIndex":0,
      "Points":[{"x":-2.65126,"y":4.60829},{"x":-2.64764,"y":-3.10925},{"x":0.0,"y":0.0}]
    },
    {
      "SourcePinAddress":{
        "PinID":0,
        "PinOwnerID":77468133
      },
      "TargetPinAddress":{
        "PinID":1463359246,
        "PinOwnerID":664490991
      },
      "ConnectionType":1,
      "ConnectedWireIndex":17,
      "ConnectedWireSegmentIndex":0,
      "Points":[{"x":-2.6507,"y":3.40651},{"x":0.0,"y":0.0}]
    },
    {
      "SourcePinAddress":{
        "PinID":0,
        "PinOwnerID":77468133
      },
      "TargetPinAddress":{
        "PinID":1463359246,
        "PinOwnerID":1939913381
      },
      "ConnectionType":1,
      "ConnectedWireIndex":17,
      "ConnectedWireSegmentIndex":0,
      "Points":[{"x":-2.65019,"y":2.31397},{"x":0.0,"y":0.0}]
    },
    {
      "SourcePinAddress":{
        "PinID":0,
        "PinOwnerID":77468133
      },
      "TargetPinAddress":{
        "PinID":1463359246,
        "PinOwnerID":1041141079
      },
      "ConnectionType":1,
      "ConnectedWireIndex":17,
      "ConnectedWireSegmentIndex":0,
      "Points":[{"x":-2.64968,"y":1.23129},{"x":0.0,"y":0.0}]
    },
    {
      "SourcePinAddress":{
        "PinID":0,
        "PinOwnerID":77468133
      },
      "TargetPinAddress":{
        "PinID":1463359246,
        "PinOwnerID":1918227205
      },
      "ConnectionType":1,
      "ConnectedWireIndex":17,
      "ConnectedWireSegmentIndex":0,
      "Points":[{"x":-2.64916,"y":0.12895},{"x":0.0,"y":0.0}]
    },
    {
      "SourcePinAddress":{
        "PinID":0,
        "PinOwnerID":77468133
      },
      "TargetPinAddress":{
        "PinID":1463359246,
        "PinOwnerID":99937139
      },
      "ConnectionType":1,
      "ConnectedWireIndex":17,
      "ConnectedWireSegmentIndex":0,
      "Points":[{"x":-2.64864,"y":-0.97344},{"x":0.0,"y":0.0}]
    },
    {
      "SourcePinAddress":{
        "PinID":0,
        "PinOwnerID":77468133
      },
      "TargetPinAddress":{
        "PinID":1463359246,
        "PinOwnerID":1728492947
      },
      "ConnectionType":1,
      "ConnectedWireIndex":17,
      "ConnectedWireSegmentIndex":0,
      "Points":[{"x":-2.64814,"y":-2.03642},{"x":0.0,"y":0.0}]
    }
  ],
  "Displays": null
}