{
  "DLSVersion": "2.1.6",
  "Name": "D-8",
  "NameLocation": 0,
  "ChipType": 0,
  "Size": {
    "x": 1.7561,
    "y": 1.0
  },
  "Colour": {
    "r": 0.440471441,
    "g": 0.6292637,
    "b": 0.511865258,
    "a": 1
  },
  "InputPins":[
    {
      "Name":"Clock",
      "ID":1463359246,
      "Position":{
        "x":-3.96654,
        "y":2.87402
      },
      "BitCount":1,
      "Colour":0,
      "ValueDisplayMode":0
    },
    {
      "Name":"IN",
      "ID":428440087,
      "Position":{
        "x":-6.98819,
        "y":0.51181
      },
      "BitCount":8,
      "Colour":0,
      "ValueDisplayMode":0
    }
  ],
  "OutputPins":[
    {
      "Name":"Q",
      "ID":658458727,
      "Position":{
        "x":3.69094,
        "y":2.1752
      },
      "BitCount":8,
      "Colour":0,
      "ValueDisplayMode":0
    },
    {
      "Name":"¬Q",
      "ID":399529008,
      "Position":{
        "x":3.78937,
        "y":-1.22047
      },
      "BitCount":8,
      "Colour":0,
      "ValueDisplayMode":0
    }
  ],
  "SubChips":[
    {
      "Name":"D",
      "ID":257765147,
      "Label":"",
      "Position":{
        "x":-1.77165,
        "y":2.37205
      },
      "OutputPinColourInfo":[{"PinColour":0,"PinID":1238886176},{"PinColour":0,"PinID":1829162958}],
      "InternalData":null
    },
    {
      "Name":"D",
      "ID":1764431188,
      "Label":"",
      "Position":{
        "x":-1.76181,
        "y":1.79134
      },
      "OutputPinColourInfo":[{"PinColour":0,"PinID":1238886176},{"PinColour":0,"PinID":1829162958}],
      "InternalData":null
    },
    {
      "Name":"D",
      "ID":558838785,
      "Label":"",
      "Position":{
        "x":-1.7815,
        "y":1.17126
      },
      "OutputPinColourInfo":[{"PinColour":0,"PinID":1238886176},{"PinColour":0,"PinID":1829162958}],
      "InternalData":null
    },
    {
      "Name":"D",
      "ID":1046211866,
      "Label":"",
      "Position":{
        "x":-1.79134,
        "y":0.60039
      },
      "OutputPinColourInfo":[{"PinColour":0,"PinID":1238886176},{"PinColour":0,"PinID":1829162958}],
      "InternalData":null
    },
    {
      "Name":"D",
      "ID":1692911485,
      "Label":"",
      "Position":{
        "x":-1.81102,
        "y":0.01969
      },
      "OutputPinColourInfo":[{"PinColour":0,"PinID":1238886176},{"PinColour":0,"PinID":1829162958}],
      "InternalData":null
    },
    {
      "Name":"D",
      "ID":145919316,
      "Label":"",
      "Position":{
        "x":-1.77165,
        "y":-0.56102
      },
      "OutputPinColourInfo":[{"PinColour":0,"PinID":1238886176},{"PinColour":0,"PinID":1829162958}],
      "InternalData":null
    },
    {
      "Name":"D",
      "ID":1795794913,
      "Label":"",
      "Position":{
        "x":-1.79134,
        "y":-1.16142
      },
      "OutputPinColourInfo":[{"PinColour":0,"PinID":1238886176},{"PinColour":0,"PinID":1829162958}],
      "InternalData":null
    },
    {
      "Name":"D",
      "ID":438329191,
      "Label":"",
      "Position":{
        "x":-1.72244,
        "y":-1.76181
      },
      "OutputPinColourInfo":[{"PinColour":0,"PinID":1238886176},{"PinColour":0,"PinID":1829162958}],
      "InternalData":null
    },
    {
      "Name":"8-1BIT",
      "ID":2054634876,
      "Label":"",
      "Position":{
        "x":-4.20276,
        "y":0.47244
      },
      "OutputPinColourInfo":[{"PinColour":0,"PinID":1},{"PinColour":0,"PinID":2},{"PinColour":0,"PinID":3},{"PinColour":0,"PinID":4},{"PinColour":0,"PinID":5},{"PinColour":0,"PinID":6},{"PinColour":0,"PinID":7},{"PinColour":0,"PinID":8}],
      "InternalData":null
    },
    {
      "Name":"1-8BIT",
      "ID":981340327,
      "Label":"",
      "Position":{
        "x":0.72835,
        "y":2.20472
      },
      "OutputPinColourInfo":[{"PinColour":0,"PinID":8}],
      "InternalData":null
    },
    {
      "Name":"1-8BIT",
      "ID":1039350656,
      "Label":"",
      "Position":{
        "x":0.62008,
        "y":-1.15157
      },
      "OutputPinColourInfo":[{"PinColour":0,"PinID":8}],
      "InternalData":null
    }
  ],
  "Wires":[
    {
      "SourcePinAddress":{
        "PinID":1,
        "PinOwnerID":2054634876
      },
      "TargetPinAddress":{
        "PinID":1138845758,
        "PinOwnerID":257765147
      },
      "ConnectionType":0,
      "ConnectedWireIndex":-1,
      "ConnectedWireSegmentIndex":-1,
      "Points":[{"x":0.0,"y":0.0},{"x":0.0,"y":0.0}]
    },
    {
      "SourcePinAddress":{
        "PinID":2,
        "PinOwnerID":2054634876
      },
      "TargetPinAddress":{
        "PinID":1138845758,
        "PinOwnerID":1764431188
      },
      "ConnectionType":0,
      "ConnectedWireIndex":-1,
      "ConnectedWireSegmentIndex":-1,
      "Points":[{"x":0.0,"y":0.0},{"x":0.0,"y":0.0}]
    },
    {
      "SourcePinAddress":{
        "PinID":3,
        "PinOwnerID":2054634876
      },
      "TargetPinAddress":{
        "PinID":1138845758,
        "PinOwnerID":558838785
      },
      "ConnectionType":0,
      "ConnectedWireIndex":-1,
      "ConnectedWireSegmentIndex":-1,
      "Points":[{"x":0.0,"y":0.0},{"x":0.0,"y":0.0}]
    },
    {
      "SourcePinAddress":{
        "PinID":4,
        "PinOwnerID":2054634876
      },
      "TargetPinAddress":{
        "PinID":1138845758,
        "PinOwnerID":1046211866
      },
      "ConnectionType":0,
      "ConnectedWireIndex":-1,
      "ConnectedWireSegmentIndex":-1,
      "Points":[{"x":0.0,"y":0.0},{"x":0.0,"y":0.0}]
    },
    {
      "SourcePinAddress":{
        "PinID":5,
        "PinOwnerID":2054634876
      },
      "TargetPinAddress":{
        "PinID":1138845758,
        "PinOwnerID":1692911485
      },
      "ConnectionType":0,
      "ConnectedWireIndex":-1,
      "ConnectedWireSegmentIndex":-1,
      "Points":[{"x":0.0,"y":0.0},{"x":0.0,"y":0.0}]
    },
    {
      "SourcePinAddress":{
        "PinID":6,
        "PinOwnerID":2054634876
      },
      "TargetPinAddress":{
        "PinID":1138845758,
        "PinOwnerID":145919316
      },
      "ConnectionType":0,
      "ConnectedWireIndex":-1,
      "ConnectedWireSegmentIndex":-1,
      "Points":[{"x":0.0,"y":0.0},{"x":0.0,"y":0.0}]
    },
    {
      "SourcePinAddress":{
        "PinID":7,
        "PinOwnerID":2054634876
      },
      "TargetPinAddress":{
        "PinID":1138845758,
        "PinOwnerID":1795794913
      },
      "ConnectionType":0,
      "ConnectedWireIndex":-1,
      "ConnectedWireSegmentIndex":-1,
      "Points":[{"x":0.0,"y":0.0},{"x":0.0,"y":0.0}]
    },
    {
      "SourcePinAddress":{
        "PinID":8,
        "PinOwnerID":2054634876
      },
      "TargetPinAddress":{
        "PinID":1138845758,
        "PinOwnerID":438329191
      },
      "ConnectionType":0,
      "ConnectedWireIndex":-1,
      "ConnectedWireSegmentIndex":-1,
      "Points":[{"x":0.0,"y":0.0},{"x":0.0,"y":0.0}]
    },
    {
      "SourcePinAddress":{
        "PinID":0,
        "PinOwnerID":428440087
      },
      "TargetPinAddress":{
        "PinID":0,
        "PinOwnerID":2054634876
      },
      "ConnectionType":0,
      "ConnectedWireIndex":-1,
      "ConnectedWireSegmentIndex":-1,
      "Points":[{"x":0.0,"y":0.0},{"x":0.0,"y":0.0}]
    },
    {
      "SourcePinAddress":{
        "PinID":0,
        "PinOwnerID":1463359246
      },
      "TargetPinAddress":{
        "PinID":439186278,
        "PinOwnerID":438329191
      },
      "ConnectionType":0,
      "ConnectedWireIndex":-1,
      "ConnectedWireSegmentIndex":-1,
      "Points":[{"x":0.0,"y":0.0},{"x":-2.4311,"y":2.87402},{"x":-2.4311,"y":-1.65354},{"x":0.0,"y":0.0}]
    },
    {
      "SourcePinAddress":{
        "PinID":0,
        "PinOwnerID":1463359246
      },
      "TargetPinAddress":{
        "PinID":439186278,
        "PinOwnerID":1795794913
      },
      "ConnectionType":1,
      "ConnectedWireIndex":9,
      "ConnectedWireSegmentIndex":1,
      "Points":[{"x":-2.4311,"y":-1.03642},{"x":0.0,"y":0.0}]
    },
    {
      "SourcePinAddress":{
        "PinID":0,
        "PinOwnerID":1463359246
      },
      "TargetPinAddress":{
        "PinID":439186278,
        "PinOwnerID":145919316
      },
      "ConnectionType":1,
      "ConnectedWireIndex":9,
      "ConnectedWireSegmentIndex":1,
      "Points":[{"x":-2.4311,"y":-0.43602},{"x":0.0,"y":0.0}]
    },
    {
      "SourcePinAddress":{
        "PinID":0,
        "PinOwnerID":1463359246
      },
      "TargetPinAddress":{
        "PinID":439186278,
        "PinOwnerID":1692911485
      },
      "ConnectionType":1,
      "ConnectedWireIndex":9,
      "ConnectedWireSegmentIndex":1,
      "Points":[{"x":-2.4311,"y":0.14469},{"x":0.0,"y":0.0}]
    },
    {
      "SourcePinAddress":{
        "PinID":0,
        "PinOwnerID":1463359246
      },
      "TargetPinAddress":{
        "PinID":439186278,
        "PinOwnerID":1046211866
      },
      "ConnectionType":1,
      "ConnectedWireIndex":9,
      "ConnectedWireSegmentIndex":1,
      "Points":[{"x":-2.4311,"y":0.72539},{"x":0.0,"y":0.0}]
    },
    {
      "SourcePinAddress":{
        "PinID":0,
        "PinOwnerID":1463359246
      },
      "TargetPinAddress":{
        "PinID":439186278,
        "PinOwnerID":558838785
      },
      "ConnectionType":1,
      "ConnectedWireIndex":9,
      "ConnectedWireSegmentIndex":1,
      "Points":[{"x":-2.4311,"y":1.29626},{"x":0.0,"y":0.0}]
    },
    {
      "SourcePinAddress":{
        "PinID":0,
        "PinOwnerID":1463359246
      },
      "TargetPinAddress":{
        "PinID":439186278,
        "PinOwnerID":1764431188
      },
      "ConnectionType":1,
      "ConnectedWireIndex":9,
      "ConnectedWireSegmentIndex":1,
      "Points":[{"x":-2.4311,"y":1.91634},{"x":0.0,"y":0.0}]
    },
    {
      "SourcePinAddress":{
        "PinID":0,
        "PinOwnerID":1463359246
      },
      "TargetPinAddress":{
        "PinID":439186278,
        "PinOwnerID":257765147
      },
      "ConnectionType":1,
      "ConnectedWireIndex":9,
      "ConnectedWireSegmentIndex":1,
      "Points":[{"x":-2.4311,"y":2.49705},{"x":0.0,"y":0.0}]
    },
    {
      "SourcePinAddress":{
        "PinID":1238886176,
        "PinOwnerID":257765147
      },
      "TargetPinAddress":{
        "PinID":0,
        "PinOwnerID":981340327
      },
      "ConnectionType":0,
      "ConnectedWireIndex":-1,
      "ConnectedWireSegmentIndex":-1,
      "Points":[{"x":0.0,"y":0.0},{"x":0.0,"y":0.0}]
    },
    {
      "SourcePinAddress":{
        "PinID":1238886176,
        "PinOwnerID":1764431188
      },
      "TargetPinAddress":{
        "PinID":1,
        "PinOwnerID":981340327
      },
      "ConnectionType":0,
      "ConnectedWireIndex":-1,
      "ConnectedWireSegmentIndex":-1,
      "Points":[{"x":0.0,"y":0.0},{"x":0.0,"y":0.0}]
    },
    {
      "SourcePinAddress":{
        "PinID":1238886176,
        "PinOwnerID":558838785
      },
      "TargetPinAddress":{
        "PinID":2,
        "PinOwnerID":981340327
      },
      "ConnectionType":0,
      "ConnectedWireIndex":-1,
      "ConnectedWireSegmentIndex":-1,
      "Points":[{"x":0.0,"y":0.0},{"x":0.0,"y":0.0}]
    },
    {
      "SourcePinAddress":{
        "PinID":1238886176,
        "PinOwnerID":1046211866
      },
      "TargetPinAddress":{
        "PinID":3,
        "PinOwnerID":981340327
      },
      "ConnectionType":0,
      "ConnectedWireIndex":-1,
      "ConnectedWireSegmentIndex":-1,
      "Points":[{"x":0.0,"y":0.0},{"x":0.0,"y":0.0}]
    },
    {
      "SourcePinAddress":{
        "PinID":1238886176,
        "PinOwnerID":1692911485
      },
      "TargetPinAddress":{
        "PinID":4,
        "PinOwnerID":981340327
      },
      "ConnectionType":0,
      "ConnectedWireIndex":-1,
      "ConnectedWireSegmentIndex":-1,
      "Points":[{"x":0.0,"y":0.0},{"x":0.0,"y":0.0}]
    },
    {
      "SourcePinAddress":{
        "PinID":1238886176,
        "PinOwnerID":145919316
      },
      "TargetPinAddress":{
        "PinID":5,
        "PinOwnerID":981340327
      },
      "ConnectionType":0,
      "ConnectedWireIndex":-1,
      "ConnectedWireSegmentIndex":-1,
      "Points":[{"x":0.0,"y":0.0},{"x":0.0,"y":0.0}]
    },
    {
      "SourcePinAddress":{
        "PinID":1238886176,
        "PinOwnerID":1795794913
      },
      "TargetPinAddress":{
        "PinID":6,
        "PinOwnerID":981340327
      },
      "ConnectionType":0,
      "ConnectedWireIndex":-1,
      "ConnectedWireSegmentIndex":-1,
      "Points":[{"x":0.0,"y":0.0},{"x":0.0,"y":0.0}]
    },
    {
      "SourcePinAddress":{
        "PinID":1238886176,
        "PinOwnerID":438329191
      },
      "TargetPinAddress":{
        "PinID":7,
        "PinOwnerID":981340327
      },
      "ConnectionType":0,
      "ConnectedWireIndex":-1,
      "ConnectedWireSegmentIndex":-1,
      "Points":[{"x":0.0,"y":0.0},{"x":0.0,"y":0.0}]
    },
    {
      "SourcePinAddress":{
        "PinID":1829162958,
        "PinOwnerID":257765147
      },
      "TargetPinAddress":{
        "PinID":0,
        "PinOwnerID":1039350656
      },
      "ConnectionType":0,
      "ConnectedWireIndex":-1,
      "ConnectedWireSegmentIndex":-1,
      "Points":[{"x":0.0,"y":0.0},{"x":0.0,"y":0.0}]
    },
    {
      "SourcePinAddress":{
        "PinID":1829162958,
        "PinOwnerID":1764431188
      },
      "TargetPinAddress":{
        "PinID":1,
        "PinOwnerID":1039350656
      },
      "ConnectionType":0,
      "ConnectedWireIndex":-1,
      "ConnectedWireSegmentIndex":-1,
      "Points":[{"x":0.0,"y":0.0},{"x":0.0,"y":0.0}]
    },
    {
      "SourcePinAddress":{
        "PinID":1829162958,
        "PinOwnerID":558838785
      },
      "TargetPinAddress":{
        "PinID":2,
        "PinOwnerID":1039350656
      },
      "ConnectionType":0,
      "ConnectedWireIndex":-1,
      "ConnectedWireSegmentIndex":-1,
      "Points":[{"x":0.0,"y":0.0},{"x":0.0,"y":0.0}]
    },
    {
      "SourcePinAddress":{
        "PinID":1829162958,
        "PinOwnerID":1046211866
      },
      "TargetPinAddress":{
        "PinID":3,
        "PinOwnerID":1039350656
      },
      "ConnectionType":0,
      "ConnectedWireIndex":-1,
      "ConnectedWireSegmentIndex":-1,
      "Points":[{"x":0.0,"y":0.0},{"x":0.0,"y":0.0}]
    },
    {
      "SourcePinAddress":{
        "PinID":1829162958,
        "PinOwnerID":1692911485
      },
      "TargetPinAddress":{
        "PinID":4,
        "PinOwnerID":1039350656
      },
      "ConnectionType":0,
      "ConnectedWireIndex":-1,
      "ConnectedWireSegmentIndex":-1,
      "Points":[{"x":0.0,"y":0.0},{"x":0.0,"y":0.0}]
    },
    {
      "SourcePinAddress":{
        "PinID":1829162958,
        "PinOwnerID":145919316
      },
      "TargetPinAddress":{
        "PinID":5,
        "PinOwnerID":1039350656
      },
      "ConnectionType":0,
      "ConnectedWireIndex":-1,
      "ConnectedWireSegmentIndex":-1,
      "Points":[{"x":0.0,"y":0.0},{"x":0.0,"y":0.0}]
    },
    {
      "SourcePinAddress":{
        "PinID":1829162958,
        "PinOwnerID":1795794913
      },
      "TargetPinAddress":{
        "PinID":6,
        "PinOwnerID":1039350656
      },
      "ConnectionType":0,
      "ConnectedWireIndex":-1,
      "ConnectedWireSegmentIndex":-1,
      "Points":[{"x":0.0,"y":0.0},{"x":0.0,"y":0.0}]
    },
    {
      "SourcePinAddress":{
        "PinID":1829162958,
        "PinOwnerID":438329191
      },
      "TargetPinAddress":{
        "PinID":7,
        "PinOwnerID":1039350656
      },
      "ConnectionType":0,
      "ConnectedWireIndex":-1,
      "ConnectedWireSegmentIndex":-1,
      "Points":[{"x":0.0,"y":0.0},{"x":0.0,"y":0.0}]
    },
    {
      "SourcePinAddress":{
        "PinID":8,
        "PinOwnerID":981340327
      },
      "TargetPinAddress":{
        "PinID":0,
        "PinOwnerID":658458727
      },
      "ConnectionType":0,
      "ConnectedWireIndex":-1,
      "ConnectedWireSegmentIndex":-1,
      "Points":[{"x":0.0,"y":0.0},{"x":0.0,"y":0.0}]
    },
    {
      "SourcePinAddress":{
        "PinID":8,
        "PinOwnerID":1039350656
      },
      "TargetPinAddress":{
        "PinID":0,
        "PinOwnerID":399529008
      },
      "ConnectionType":0,
      "ConnectedWireIndex":-1,
      "ConnectedWireSegmentIndex":-1,
      "Points":[{"x":0.0,"y":0.0},{"x":0.0,"y":0.0}]
    }
  ],
  "Displays":[]
}