{
  "DLSVersion": "2.1.6",
  "Name": "D",
  "NameLocation": 0,
  "ChipType": 0,
  "Size": {
    "x": 0.47382,
    "y": 0.5
  },
  "Colour": {
    "r": 0.36127153,
    "g": 0.6218203,
    "b": 0.04607515,
    "a": 1
  },
  "InputPins":[
    {
      "Name":"CLOCK",
      "ID":439186278,
      "Position":{
        "x":-5.81693,
        "y":0.94488
      },
      "BitCount":1,
      "Colour":0,
      "ValueDisplayMode":0
    },
    {
      "Name":"DATA",
      "ID":1138845758,
      "Position":{
        "x":-5.58071,
        "y":-2.25394
      },
      "BitCount":1,
      "Colour":0,
      "ValueDisplayMode":0
    }
  ],
  "OutputPins":[
    {
      "Name":"Q",
      "ID":1238886176,
      "Position":{
        "x":5.01968,
        "y":1.87992
      },
      "BitCount":1,
      "Colour":0,
      "ValueDisplayMode":0
    },
    {
      "Name":"¬Q",
      "ID":1829162958,
      "Position":{
        "x":5.01969,
        "y":0.04921
      },
      "BitCount":1,
      "Colour":0,
      "ValueDisplayMode":0
    }
  ],
  "SubChips":[
    {
      "Name":"NAND",
      "ID":729963091,
      "Label":"",
      "Position":{
        "x":-2.07677,
        "y":3.37598
      },
      "OutputPinColourInfo":[{"PinColour":0,"PinID":2}],
      "InternalData":null
    },
    {
      "Name":"NAND",
      "ID":89568497,
      "Label":"",
      "Position":{
        "x":-1.98819,
        "y":2.09646
      },
      "OutputPinColourInfo":[{"PinColour":0,"PinID":2}],
      "InternalData":null
    },
    {
      "Name":"NAND",
      "ID":2059447679,
      "Label":"",
      "Position":{
        "x":-2.07677,
        "y":-2.09646
      },
      "OutputPinColourInfo":[{"PinColour":0,"PinID":2}],
      "InternalData":null
    },
    {
      "Name":"NAND",
      "ID":1147276314,
      "Label":"",
      "Position":{
        "x":1.66339,
        "y":1.94882
      },
      "OutputPinColourInfo":[{"PinColour":0,"PinID":2}],
      "InternalData":null
    },
    {
      "Name":"NAND",
      "ID":460155365,
      "Label":"",
      "Position":{
        "x":-0.79724,
        "y":-0.42323
      },
      "OutputPinColourInfo":[{"PinColour":0,"PinID":2}],
      "InternalData":null
    },
    {
      "Name":"NAND",
      "ID":699977724,
      "Label":"",
      "Position":{
        "x":1.82087,
        "y":-0.21654
      },
      "OutputPinColourInfo":[{"PinColour":0,"PinID":2}],
      "InternalData":null
    },
    {
      "Name":"AND",
      "ID":1529904564,
      "Label":"",
      "Position":{
        "x":-2.1063,
        "y":0.01969
      },
      "OutputPinColourInfo":[{"PinColour":0,"PinID":406217789}],
      "InternalData":null
    }
  ],
  "Wires":[
    {
      "SourcePinAddress":{
        "PinID":2,
        "PinOwnerID":729963091
      },
      "TargetPinAddress":{
        "PinID":0,
        "PinOwnerID":89568497
      },
      "ConnectionType":0,
      "ConnectedWireIndex":-1,
      "ConnectedWireSegmentIndex":-1,
      "Points":[{"x":0.0,"y":0.0},{"x":-1.17126,"y":3.37598},{"x":-1.17126,"y":3.08071},{"x":-2.91339,"y":2.48032},{"x":-2.91339,"y":2.21457},{"x":0.0,"y":0.0}]
    },
    {
      "SourcePinAddress":{
        "PinID":2,
        "PinOwnerID":89568497
      },
      "TargetPinAddress":{
        "PinID":0,
        "PinOwnerID":1147276314
      },
      "ConnectionType":0,
      "ConnectedWireIndex":-1,
      "ConnectedWireSegmentIndex":-1,
      "Points":[{"x":0.0,"y":0.0},{"x":0.0,"y":0.0}]
    },
    {
      "SourcePinAddress":{
        "PinID":2,
        "PinOwnerID":89568497
      },
      "TargetPinAddress":{
        "PinID":1,
        "PinOwnerID":729963091
      },
      "ConnectionType":1,
      "ConnectedWireIndex":1,
      "ConnectedWireSegmentIndex":0,
      "Points":[{"x":-1.17128,"y":2.09375},{"x":-1.17126,"y":2.5},{"x":-2.8937,"y":2.97244},{"x":-2.8937,"y":3.23819},{"x":0.0,"y":0.0}]
    },
    {
      "SourcePinAddress":{
        "PinID":0,
        "PinOwnerID":1138845758
      },
      "TargetPinAddress":{
        "PinID":1,
        "PinOwnerID":2059447679
      },
      "ConnectionType":0,
      "ConnectedWireIndex":-1,
      "ConnectedWireSegmentIndex":-1,
      "Points":[{"x":0.0,"y":0.0},{"x":0.0,"y":0.0}]
    },
    {
      "SourcePinAddress":{
        "PinID":2,
        "PinOwnerID":2059447679
      },
      "TargetPinAddress":{
        "PinID":0,
        "PinOwnerID":729963091
      },
      "ConnectionType":0,
      "ConnectedWireIndex":-1,
      "ConnectedWireSegmentIndex":-1,
      "Points":[{"x":0.0,"y":0.0},{"x":-1.23031,"y":-2.08661},{"x":-1.23031,"y":-0.96457},{"x":-3.44488,"y":-0.93504},{"x":-3.3563,"y":3.45472},{"x":0.0,"y":0.0}]
    },
    {
      "SourcePinAddress":{
        "PinID":0,
        "PinOwnerID":439186278
      },
      "TargetPinAddress":{
        "PinID":1,
        "PinOwnerID":460155365
      },
      "ConnectionType":0,
      "ConnectedWireIndex":-1,
      "ConnectedWireSegmentIndex":-1,
      "Points":[{"x":0.0,"y":0.0},{"x":-3.98622,"y":0.94488},{"x":-3.98622,"y":-0.62008},{"x":0.0,"y":0.0}]
    },
    {
      "SourcePinAddress":{
        "PinID":0,
        "PinOwnerID":439186278
      },
      "TargetPinAddress":{
        "PinID":1,
        "PinOwnerID":89568497
      },
      "ConnectionType":1,
      "ConnectedWireIndex":5,
      "ConnectedWireSegmentIndex":0,
      "Points":[{"x":-4.00591,"y":0.94488},{"x":-4.00591,"y":1.95866},{"x":0.0,"y":0.0}]
    },
    {
      "SourcePinAddress":{
        "PinID":2,
        "PinOwnerID":460155365
      },
      "TargetPinAddress":{
        "PinID":0,
        "PinOwnerID":2059447679
      },
      "ConnectionType":0,
      "ConnectedWireIndex":-1,
      "ConnectedWireSegmentIndex":-1,
      "Points":[{"x":0.0,"y":0.0},{"x":0.47244,"y":-0.42323},{"x":0.50197,"y":-1.26969},{"x":-2.92323,"y":-1.26969},{"x":-2.92323,"y":-1.92913},{"x":0.0,"y":0.0}]
    },
    {
      "SourcePinAddress":{
        "PinID":2,
        "PinOwnerID":89568497
      },
      "TargetPinAddress":{
        "PinID":1792892232,
        "PinOwnerID":1529904564
      },
      "ConnectionType":1,
      "ConnectedWireIndex":1,
      "ConnectedWireSegmentIndex":0,
      "Points":[{"x":-1.15145,"y":2.09358},{"x":-1.19094,"y":1.42717},{"x":-2.85433,"y":0.35433},{"x":-2.85433,"y":0.14469},{"x":0.0,"y":0.0}]
    },
    {
      "SourcePinAddress":{
        "PinID":2,
        "PinOwnerID":2059447679
      },
      "TargetPinAddress":{
        "PinID":1351959728,
        "PinOwnerID":1529904564
      },
      "ConnectionType":1,
      "ConnectedWireIndex":4,
      "ConnectedWireSegmentIndex":3,
      "Points":[{"x":-3.42814,"y":-0.10545},{"x":0.0,"y":0.0}]
    },
    {
      "SourcePinAddress":{
        "PinID":406217789,
        "PinOwnerID":1529904564
      },
      "TargetPinAddress":{
        "PinID":0,
        "PinOwnerID":460155365
      },
      "ConnectionType":0,
      "ConnectedWireIndex":-1,
      "ConnectedWireSegmentIndex":-1,
      "Points":[{"x":0.0,"y":0.0},{"x":0.0,"y":0.0}]
    },
    {
      "SourcePinAddress":{
        "PinID":2,
        "PinOwnerID":460155365
      },
      "TargetPinAddress":{
        "PinID":1,
        "PinOwnerID":699977724
      },
      "ConnectionType":1,
      "ConnectedWireIndex":7,
      "ConnectedWireSegmentIndex":1,
      "Points":[{"x":0.47311,"y":-0.44255},{"x":0.0,"y":0.0}]
    },
    {
      "SourcePinAddress":{
        "PinID":2,
        "PinOwnerID":699977724
      },
      "TargetPinAddress":{
        "PinID":1,
        "PinOwnerID":1147276314
      },
      "ConnectionType":0,
      "ConnectedWireIndex":-1,
      "ConnectedWireSegmentIndex":-1,
      "Points":[{"x":0.0,"y":0.0},{"x":2.58858,"y":-0.21654},{"x":2.58858,"y":0.23622},{"x":0.81693,"y":1.43701},{"x":0.81693,"y":1.87992},{"x":0.0,"y":0.0}]
    },
    {
      "SourcePinAddress":{
        "PinID":2,
        "PinOwnerID":1147276314
      },
      "TargetPinAddress":{
        "PinID":0,
        "PinOwnerID":699977724
      },
      "ConnectionType":0,
      "ConnectedWireIndex":-1,
      "ConnectedWireSegmentIndex":-1,
      "Points":[{"x":0.0,"y":0.0},{"x":2.44094,"y":1.94882},{"x":2.44094,"y":1.65354},{"x":0.93504,"y":0.28543},{"x":0.93504,"y":-0.0689},{"x":0.0,"y":0.0}]
    },
    {
      "SourcePinAddress":{
        "PinID":2,
        "PinOwnerID":1147276314
      },
      "TargetPinAddress":{
        "PinID":0,
        "PinOwnerID":1238886176
      },
      "ConnectionType":1,
      "ConnectedWireIndex":13,
      "ConnectedWireSegmentIndex":1,
      "Points":[{"x":2.44094,"y":1.93898},{"x":0.0,"y":0.0}]
    },
    {
      "SourcePinAddress":{
        "PinID":2,
        "PinOwnerID":699977724
      },
      "TargetPinAddress":{
        "PinID":0,
        "PinOwnerID":1829162958
      },
      "ConnectionType":1,
      "ConnectedWireIndex":12,
      "ConnectedWireSegmentIndex":1,
      "Points":[{"x":2.58858,"y":-0.19685},{"x":0.0,"y":0.0}]
    }
  ],
  "Displays":[]
}