{
  "DLSVersion": "2.1.6",
  "Name": "DEMUX-8",
  "NameLocation": 0,
  "ChipType": 0,
  "Size": {
    "x": 1.175,
    "y": 1.0
  },
  "Colour": {
    "r": 0.8246643,
    "g": 0.65744257,
    "b": 0.8360238,
    "a": 1
  },
  "InputPins":[
    {
      "Name":"Activate",
      "ID":1077110992,
      "Position":{
        "x":-10.34058,
        "y":13.27348
      },
      "BitCount":1,
      "Colour":0,
      "ValueDisplayMode":0
    },
    {
      "Name":"IN",
      "ID":1204013915,
      "Position":{
        "x":-10.29996,
        "y":12.69672
      },
      "BitCount":1,
      "Colour":0,
      "ValueDisplayMode":0
    },
    {
      "Name":"IN",
      "ID":83283229,
      "Position":{
        "x":-10.31621,
        "y":12.07934
      },
      "BitCount":1,
      "Colour":0,
      "ValueDisplayMode":0
    },
    {
      "Name":"IN",
      "ID":1031378,
      "Position":{
        "x":-10.3487,
        "y":11.34824
      },
      "BitCount":1,
      "Colour":0,
      "ValueDisplayMode":0
    }
  ],
  "OutputPins":[
    {
      "Name":"OUT",
      "ID":998423159,
      "Position":{
        "x":-0.25945,
        "y":12.24993
      },
      "BitCount":8,
      "Colour":0,
      "ValueDisplayMode":0
    }
  ],
  "SubChips":[
    {
      "Name":"DEMUX-4",
      "ID":798188140,
      "Label":"",
      "Position":{
        "x":-4.80855,
        "y":12.94042
      },
      "OutputPinColourInfo":[{"PinColour":0,"PinID":669206422},{"PinColour":0,"PinID":479004368},{"PinColour":0,"PinID":1209412332},{"PinColour":0,"PinID":1246139146}],
      "InternalData":null
    },
    {
      "Name":"DEMUX-4",
      "ID":53475805,
      "Label":"",
      "Position":{
        "x":-4.80043,
        "y":11.58381
      },
      "OutputPinColourInfo":[{"PinColour":0,"PinID":669206422},{"PinColour":0,"PinID":479004368},{"PinColour":0,"PinID":1209412332},{"PinColour":0,"PinID":1246139146}],
      "InternalData":null
    },
    {
      "Name":"AND",
      "ID":1414710976,
      "Label":"",
      "Position":{
        "x":-6.32762,
        "y":13.34659
      },
      "OutputPinColourInfo":[{"PinColour":0,"PinID":406217789}],
      "InternalData":null
    },
    {
      "Name":"AND",
      "ID":1256536364,
      "Label":"",
      "Position":{
        "x":-6.2139,
        "y":11.95749
      },
      "OutputPinColourInfo":[{"PinColour":0,"PinID":406217789}],
      "InternalData":null
    },
    {
      "Name":"NOT",
      "ID":1070839577,
      "Label":"",
      "Position":{
        "x":-7.29431,
        "y":13.05415
      },
      "OutputPinColourInfo":[{"PinColour":0,"PinID":892159555}],
      "InternalData":null
    },
    {
      "Name":"1-8BIT",
      "ID":787929583,
      "Label":"",
      "Position":{
        "x":-2.7777,
        "y":12.22556
      },
      "OutputPinColourInfo":[{"PinColour":0,"PinID":8}],
      "InternalData":null
    }
  ],
  "Wires":[
    {
      "SourcePinAddress":{
        "PinID":406217789,
        "PinOwnerID":1414710976
      },
      "TargetPinAddress":{
        "PinID":1549280511,
        "PinOwnerID":798188140
      },
      "ConnectionType":0,
      "ConnectedWireIndex":-1,
      "ConnectedWireSegmentIndex":-1,
      "Points":[{"x":0.0,"y":0.0},{"x":0.0,"y":0.0}]
    },
    {
      "SourcePinAddress":{
        "PinID":406217789,
        "PinOwnerID":1256536364
      },
      "TargetPinAddress":{
        "PinID":1549280511,
        "PinOwnerID":53475805
      },
      "ConnectionType":0,
      "ConnectedWireIndex":-1,
      "ConnectedWireSegmentIndex":-1,
      "Points":[{"x":0.0,"y":0.0},{"x":0.0,"y":0.0}]
    },
    {
      "SourcePinAddress":{
        "PinID":0,
        "PinOwnerID":1077110992
      },
      "TargetPinAddress":{
        "PinID":1792892232,
        "PinOwnerID":1414710976
      },
      "ConnectionType":0,
      "ConnectedWireIndex":-1,
      "ConnectedWireSegmentIndex":-1,
      "Points":[{"x":0.0,"y":0.0},{"x":0.0,"y":0.0}]
    },
    {
      "SourcePinAddress":{
        "PinID":0,
        "PinOwnerID":1077110992
      },
      "TargetPinAddress":{
        "PinID":1792892232,
        "PinOwnerID":1256536364
      },
      "ConnectionType":1,
      "ConnectedWireIndex":2,
      "ConnectedWireSegmentIndex":0,
      "Points":[{"x":-8.02696,"y":13.37794},{"x":-8.02541,"y":12.08249},{"x":0.0,"y":0.0}]
    },
    {
      "SourcePinAddress":{
        "PinID":892159555,
        "PinOwnerID":1070839577
      },
      "TargetPinAddress":{
        "PinID":1351959728,
        "PinOwnerID":1414710976
      },
      "ConnectionType":0,
      "ConnectedWireIndex":-1,
      "ConnectedWireSegmentIndex":-1,
      "Points":[{"x":0.0,"y":0.0},{"x":0.0,"y":0.0}]
    },
    {
      "SourcePinAddress":{
        "PinID":0,
        "PinOwnerID":1204013915
      },
      "TargetPinAddress":{
        "PinID":113608822,
        "PinOwnerID":1070839577
      },
      "ConnectionType":0,
      "ConnectedWireIndex":-1,
      "ConnectedWireSegmentIndex":-1,
      "Points":[{"x":0.0,"y":0.0},{"x":0.0,"y":0.0}]
    },
    {
      "SourcePinAddress":{
        "PinID":0,
        "PinOwnerID":1204013915
      },
      "TargetPinAddress":{
        "PinID":1351959728,
        "PinOwnerID":1256536364
      },
      "ConnectionType":1,
      "ConnectedWireIndex":5,
      "ConnectedWireSegmentIndex":0,
      "Points":[{"x":-8.39034,"y":12.90839},{"x":-8.39034,"y":11.85189},{"x":0.0,"y":0.0}]
    },
    {
      "SourcePinAddress":{
        "PinID":0,
        "PinOwnerID":83283229
      },
      "TargetPinAddress":{
        "PinID":1463404891,
        "PinOwnerID":798188140
      },
      "ConnectionType":0,
      "ConnectedWireIndex":-1,
      "ConnectedWireSegmentIndex":-1,
      "Points":[{"x":0.0,"y":0.0},{"x":0.0,"y":0.0}]
    },
    {
      "SourcePinAddress":{
        "PinID":0,
        "PinOwnerID":1031378
      },
      "TargetPinAddress":{
        "PinID":1690241237,
        "PinOwnerID":798188140
      },
      "ConnectionType":0,
      "ConnectedWireIndex":-1,
      "ConnectedWireSegmentIndex":-1,
      "Points":[{"x":0.0,"y":0.0},{"x":0.0,"y":0.0}]
    },
    {
      "SourcePinAddress":{
        "PinID":0,
        "PinOwnerID":83283229
      },
      "TargetPinAddress":{
        "PinID":1463404891,
        "PinOwnerID":53475805
      },
      "ConnectionType":0,
      "ConnectedWireIndex":-1,
      "ConnectedWireSegmentIndex":-1,
      "Points":[{"x":0.0,"y":0.0},{"x":0.0,"y":0.0}]
    },
    {
      "SourcePinAddress":{
        "PinID":0,
        "PinOwnerID":1031378
      },
      "TargetPinAddress":{
        "PinID":1690241237,
        "PinOwnerID":53475805
      },
      "ConnectionType":0,
      "ConnectedWireIndex":-1,
      "ConnectedWireSegmentIndex":-1,
      "Points":[{"x":0.0,"y":0.0},{"x":0.0,"y":0.0}]
    },
    {
      "SourcePinAddress":{
        "PinID":669206422,
        "PinOwnerID":798188140
      },
      "TargetPinAddress":{
        "PinID":0,
        "PinOwnerID":787929583
      },
      "ConnectionType":0,
      "ConnectedWireIndex":-1,
      "ConnectedWireSegmentIndex":-1,
      "Points":[{"x":0.0,"y":0.0},{"x":0.0,"y":0.0}]
    },
    {
      "SourcePinAddress":{
        "PinID":479004368,
        "PinOwnerID":798188140
      },
      "TargetPinAddress":{
        "PinID":1,
        "PinOwnerID":787929583
      },
      "ConnectionType":0,
      "ConnectedWireIndex":-1,
      "ConnectedWireSegmentIndex":-1,
      "Points":[{"x":0.0,"y":0.0},{"x":0.0,"y":0.0}]
    },
    {
      "SourcePinAddress":{
        "PinID":1209412332,
        "PinOwnerID":798188140
      },
      "TargetPinAddress":{
        "PinID":2,
        "PinOwnerID":787929583
      },
      "ConnectionType":0,
      "ConnectedWireIndex":-1,
      "ConnectedWireSegmentIndex":-1,
      "Points":[{"x":0.0,"y":0.0},{"x":0.0,"y":0.0}]
    },
    {
      "SourcePinAddress":{
        "PinID":1246139146,
        "PinOwnerID":798188140
      },
      "TargetPinAddress":{
        "PinID":3,
        "PinOwnerID":787929583
      },
      "ConnectionType":0,
      "ConnectedWireIndex":-1,
      "ConnectedWireSegmentIndex":-1,
      "Points":[{"x":0.0,"y":0.0},{"x":0.0,"y":0.0}]
    },
    {
      "SourcePinAddress":{
        "PinID":669206422,
        "PinOwnerID":53475805
      },
      "TargetPinAddress":{
        "PinID":4,
        "PinOwnerID":787929583
      },
      "ConnectionType":0,
      "ConnectedWireIndex":-1,
      "ConnectedWireSegmentIndex":-1,
      "Points":[{"x":0.0,"y":0.0},{"x":0.0,"y":0.0}]
    },
    {
      "SourcePinAddress":{
        "PinID":479004368,
        "PinOwnerID":53475805
      },
      "TargetPinAddress":{
        "PinID":5,
        "PinOwnerID":787929583
      },
      "ConnectionType":0,
      "ConnectedWireIndex":-1,
      "ConnectedWireSegmentIndex":-1,
      "Points":[{"x":0.0,"y":0.0},{"x":0.0,"y":0.0}]
    },
    {
      "SourcePinAddress":{
        "PinID":1209412332,
        "PinOwnerID":53475805
      },
      "TargetPinAddress":{
        "PinID":6,
        "PinOwnerID":787929583
      },
      "ConnectionType":0,
      "ConnectedWireIndex":-1,
      "ConnectedWireSegmentIndex":-1,
      "Points":[{"x":0.0,"y":0.0},{"x":0.0,"y":0.0}]
    },
    {
      "SourcePinAddress":{
        "PinID":1246139146,
        "PinOwnerID":53475805
      },
      "TargetPinAddress":{
        "PinID":7,
        "PinOwnerID":787929583
      },
      "ConnectionType":0,
      "ConnectedWireIndex":-1,
      "ConnectedWireSegmentIndex":-1,
      "Points":[{"x":0.0,"y":0.0},{"x":0.0,"y":0.0}]
    },
    {
      "SourcePinAddress":{
        "PinID":8,
        "PinOwnerID":787929583
      },
      "TargetPinAddress":{
        "PinID":0,
        "PinOwnerID":998423159
      },
      "ConnectionType":0,
      "ConnectedWireIndex":-1,
      "ConnectedWireSegmentIndex":-1,
      "Points":[{"x":0.0,"y":0.0},{"x":0.0,"y":0.0}]
    }
  ],
  "Displays": null
}