{
  "DLSVersion": "2.1.6",
  "Name": "DEMUX-4",
  "NameLocation": 0,
  "ChipType": 0,
  "Size": {
    "x": 1.175,
    "y": 1.0
  },
  "Colour": {
    "r": 0.164724156,
    "g": 0.3605116,
    "b": 0.325351954,
    "a": 1
  },
  "InputPins":[
    {
      "Name":"Activate",
      "ID":1549280511,
      "Position":{
        "x":-10.16955,
        "y":13.50318
      },
      "BitCount":1,
      "Colour":0,
      "ValueDisplayMode":0
    },
    {
      "Name":"IN",
      "ID":1463404891,
      "Position":{
        "x":-10.10877,
        "y":12.86498
      },
      "BitCount":1,
      "Colour":0,
      "ValueDisplayMode":0
    },
    {
      "Name":"IN",
      "ID":1690241237,
      "Position":{
        "x":-10.10877,
        "y":11.88235
      },
      "BitCount":1,
      "Colour":0,
      "ValueDisplayMode":0
    }
  ],
  "OutputPins":[
    {
      "Name":"OUT",
      "ID":669206422,
      "Position":{
        "x":-1.48608,
        "y":13.19224
      },
      "BitCount":1,
      "Colour":0,
      "ValueDisplayMode":0
    },
    {
      "Name":"OUT",
      "ID":479004368,
      "Position":{
        "x":-1.46171,
        "y":12.58299
      },
      "BitCount":1,
      "Colour":0,
      "ValueDisplayMode":0
    },
    {
      "Name":"OUT",
      "ID":1209412332,
      "Position":{
        "x":-1.47796,
        "y":12.03872
      },
      "BitCount":1,
      "Colour":0,
      "ValueDisplayMode":0
    },
    {
      "Name":"OUT",
      "ID":1246139146,
      "Position":{
        "x":-1.45359,
        "y":11.49446
      },
      "BitCount":1,
      "Colour":0,
      "ValueDisplayMode":0
    }
  ],
  "SubChips":[
    {
      "Name":"DEMUX-2",
      "ID":1805454365,
      "Label":"",
      "Position":{
        "x":-3.71612,
        "y":12.69277
      },
      "OutputPinColourInfo":[{"PinColour":0,"PinID":487419911},{"PinColour":0,"PinID":1473415834}],
      "InternalData":null
    },
    {
      "Name":"DEMUX-2",
      "ID":57388968,
      "Label":"",
      "Position":{
        "x":-3.75664,
        "y":12.05457
      },
      "OutputPinColourInfo":[{"PinColour":0,"PinID":487419911},{"PinColour":0,"PinID":1473415834}],
      "InternalData":null
    },
    {
      "Name":"NOT",
      "ID":535502984,
      "Label":"",
      "Position":{
        "x":-7.11024,
        "y":12.93589
      },
      "OutputPinColourInfo":[{"PinColour":0,"PinID":892159555}],
      "InternalData":null
    },
    {
      "Name":"AND",
      "ID":1447637091,
      "Label":"",
      "Position":{
        "x":-5.19847,
        "y":12.98104
      },
      "OutputPinColourInfo":[{"PinColour":0,"PinID":406217789}],
      "InternalData":null
    },
    {
      "Name":"AND",
      "ID":1025422907,
      "Label":"",
      "Position":{
        "x":-5.23097,
        "y":12.25805
      },
      "OutputPinColourInfo":[{"PinColour":0,"PinID":406217789}],
      "InternalData":null
    }
  ],
  "Wires":[
    {
      "SourcePinAddress":{
        "PinID":0,
        "PinOwnerID":1690241237
      },
      "TargetPinAddress":{
        "PinID":1906708467,
        "PinOwnerID":57388968
      },
      "ConnectionType":0,
      "ConnectedWireIndex":-1,
      "ConnectedWireSegmentIndex":-1,
      "Points":[{"x":0.0,"y":0.0},{"x":0.0,"y":0.0}]
    },
    {
      "SourcePinAddress":{
        "PinID":0,
        "PinOwnerID":1690241237
      },
      "TargetPinAddress":{
        "PinID":1906708467,
        "PinOwnerID":1805454365
      },
      "ConnectionType":1,
      "ConnectedWireIndex":0,
      "ConnectedWireSegmentIndex":0,
      "Points":[{"x":-7.82932,"y":11.897},{"x":-7.82946,"y":12.64212},{"x":0.0,"y":0.0}]
    },
    {
      "SourcePinAddress":{
        "PinID":0,
        "PinOwnerID":1463404891
      },
      "TargetPinAddress":{
        "PinID":113608822,
        "PinOwnerID":535502984
      },
      "ConnectionType":0,
      "ConnectedWireIndex":-1,
      "ConnectedWireSegmentIndex":-1,
      "Points":[{"x":0.0,"y":0.0},{"x":-8.28534,"y":12.87511},{"x":0.0,"y":0.0}]
    },
    {
      "SourcePinAddress":{
        "PinID":892159555,
        "PinOwnerID":535502984
      },
      "TargetPinAddress":{
        "PinID":1351959728,
        "PinOwnerID":1447637091
      },
      "ConnectionType":0,
      "ConnectedWireIndex":-1,
      "ConnectedWireSegmentIndex":-1,
      "Points":[{"x":0.0,"y":0.0},{"x":0.0,"y":0.0}]
    },
    {
      "SourcePinAddress":{
        "PinID":406217789,
        "PinOwnerID":1447637091
      },
      "TargetPinAddress":{
        "PinID":1893924884,
        "PinOwnerID":1805454365
      },
      "ConnectionType":0,
      "ConnectedWireIndex":-1,
      "ConnectedWireSegmentIndex":-1,
      "Points":[{"x":0.0,"y":0.0},{"x":0.0,"y":0.0}]
    },
    {
      "SourcePinAddress":{
        "PinID":406217789,
        "PinOwnerID":1025422907
      },
      "TargetPinAddress":{
        "PinID":1893924884,
        "PinOwnerID":57388968
      },
      "ConnectionType":0,
      "ConnectedWireIndex":-1,
      "ConnectedWireSegmentIndex":-1,
      "Points":[{"x":0.0,"y":0.0},{"x":-4.78418,"y":12.25805},{"x":0.0,"y":0.0}]
    },
    {
      "SourcePinAddress":{
        "PinID":0,
        "PinOwnerID":1463404891
      },
      "TargetPinAddress":{
        "PinID":1351959728,
        "PinOwnerID":1025422907
      },
      "ConnectionType":1,
      "ConnectedWireIndex":2,
      "ConnectedWireSegmentIndex":1,
      "Points":[{"x":-8.15487,"y":12.88415},{"x":-8.15539,"y":12.13305},{"x":0.0,"y":0.0}]
    },
    {
      "SourcePinAddress":{
        "PinID":0,
        "PinOwnerID":1549280511
      },
      "TargetPinAddress":{
        "PinID":1792892232,
        "PinOwnerID":1025422907
      },
      "ConnectionType":0,
      "ConnectedWireIndex":-1,
      "ConnectedWireSegmentIndex":-1,
      "Points":[{"x":0.0,"y":0.0},{"x":-5.94583,"y":13.50318},{"x":-5.94583,"y":12.35554},{"x":0.0,"y":0.0}]
    },
    {
      "SourcePinAddress":{
        "PinID":0,
        "PinOwnerID":1549280511
      },
      "TargetPinAddress":{
        "PinID":1792892232,
        "PinOwnerID":1447637091
      },
      "ConnectionType":1,
      "ConnectedWireIndex":7,
      "ConnectedWireSegmentIndex":1,
      "Points":[{"x":-5.94583,"y":13.10604},{"x":0.0,"y":0.0}]
    },
    {
      "SourcePinAddress":{
        "PinID":487419911,
        "PinOwnerID":1805454365
      },
      "TargetPinAddress":{
        "PinID":0,
        "PinOwnerID":669206422
      },
      "ConnectionType":0,
      "ConnectedWireIndex":-1,
      "ConnectedWireSegmentIndex":-1,
      "Points":[{"x":0.0,"y":0.0},{"x":0.0,"y":0.0}]
    },
    {
      "SourcePinAddress":{
        "PinID":1473415834,
        "PinOwnerID":1805454365
      },
      "TargetPinAddress":{
        "PinID":0,
        "PinOwnerID":479004368
      },
      "ConnectionType":0,
      "ConnectedWireIndex":-1,
      "ConnectedWireSegmentIndex":-1,
      "Points":[{"x":0.0,"y":0.0},{"x":0.0,"y":0.0}]
    },
    {
      "SourcePinAddress":{
        "PinID":487419911,
        "PinOwnerID":57388968
      },
      "TargetPinAddress":{
        "PinID":0,
        "PinOwnerID":1209412332
      },
      "ConnectionType":0,
      "ConnectedWireIndex":-1,
      "ConnectedWireSegmentIndex":-1,
      "Points":[{"x":0.0,"y":0.0},{"x":0.0,"y":0.0}]
    },
    {
      "SourcePinAddress":{
        "PinID":1473415834,
        "PinOwnerID":57388968
      },
      "TargetPinAddress":{
        "PinID":0,
        "PinOwnerID":1246139146
      },
      "ConnectionType":0,
      "ConnectedWireIndex":-1,
      "ConnectedWireSegmentIndex":-1,
      "Points":[{"x":0.0,"y":0.0},{"x":0.0,"y":0.0}]
    }
  ],
  "Displays": null
}