{
  "DLSVersion": "2.1.6",
  "Name": "DEMUX-16",
  "NameLocation": 0,
  "ChipType": 0,
  "Size": {
    "x": 1.325,
    "y": 1.25
  },
  "Colour": {
    "r": 0.5804193,
    "g": 0.1227895,
    "b": 0.7234038,
    "a": 1
  },
  "InputPins":[
    {
      "Name":"IN",
      "ID":1196331531,
      "Position":{
        "x":-8.89462,
        "y":14.17517
      },
      "BitCount":1,
      "Colour":0,
      "ValueDisplayMode":0
    },
    {
      "Name":"IN",
      "ID":1850576156,
      "Position":{
        "x":-8.87837,
        "y":13.4197
      },
      "BitCount":1,
      "Colour":0,
      "ValueDisplayMode":0
    },
    {
      "Name":"IN",
      "ID":1003913874,
      "Position":{
        "x":-8.97585,
        "y":12.62361
      },
      "BitCount":1,
      "Colour":0,
      "ValueDisplayMode":0
    },
    {
      "Name":"IN",
      "ID":598510147,
      "Position":{
        "x":-8.96773,
        "y":11.88438
      },
      "BitCount":1,
      "Colour":0,
      "ValueDisplayMode":0
    },
    {
      "Name":"IN",
      "ID":1846659394,
      "Position":{
        "x":-8.9596,
        "y":10.99081
      },
      "BitCount":1,
      "Colour":0,
      "ValueDisplayMode":0
    }
  ],
  "OutputPins":[
    {
      "Name":"OUT",
      "ID":221599395,
      "Position":{
        "x":-1.62418,
        "y":13.20037
      },
      "BitCount":8,
      "Colour":0,
      "ValueDisplayMode":0
    },
    {
      "Name":"OUT",
      "ID":1151734468,
      "Position":{
        "x":-1.53483,
        "y":11.99811
      },
      "BitCount":8,
      "Colour":0,
      "ValueDisplayMode":0
    }
  ],
  "SubChips":[
    {
      "Name":"DEMUX-8",
      "ID":45252012,
      "Label":"",
      "Position":{
        "x":-4.00434,
        "y":13.14351
      },
      "OutputPinColourInfo":[{"PinColour":0,"PinID":998423159}],
      "InternalData":null
    },
    {
      "Name":"DEMUX-8",
      "ID":216953058,
      "Label":"",
      "Position":{
        "x":-3.97184,
        "y":11.97374
      },
      "OutputPinColourInfo":[{"PinColour":0,"PinID":998423159}],
      "InternalData":null
    },
    {
      "Name":"AND",
      "ID":1516506883,
      "Label":"",
      "Position":{
        "x":-5.40968,
        "y":13.54155
      },
      "OutputPinColourInfo":[{"PinColour":0,"PinID":406217789}],
      "InternalData":null
    },
    {
      "Name":"AND",
      "ID":1618083832,
      "Label":"",
      "Position":{
        "x":-5.42593,
        "y":12.37178
      },
      "OutputPinColourInfo":[{"PinColour":0,"PinID":406217789}],
      "InternalData":null
    },
    {
      "Name":"NOT",
      "ID":2036293777,
      "Label":"",
      "Position":{
        "x":-6.72567,
        "y":13.41158
      },
      "OutputPinColourInfo":[{"PinColour":0,"PinID":892159555}],
      "InternalData":null
    }
  ],
  "Wires":[
    {
      "SourcePinAddress":{
        "PinID":406217789,
        "PinOwnerID":1516506883
      },
      "TargetPinAddress":{
        "PinID":1077110992,
        "PinOwnerID":45252012
      },
      "ConnectionType":0,
      "ConnectedWireIndex":-1,
      "ConnectedWireSegmentIndex":-1,
      "Points":[{"x":0.0,"y":0.0},{"x":0.0,"y":0.0}]
    },
    {
      "SourcePinAddress":{
        "PinID":406217789,
        "PinOwnerID":1618083832
      },
      "TargetPinAddress":{
        "PinID":1077110992,
        "PinOwnerID":216953058
      },
      "ConnectionType":0,
      "ConnectedWireIndex":-1,
      "ConnectedWireSegmentIndex":-1,
      "Points":[{"x":0.0,"y":0.0},{"x":0.0,"y":0.0}]
    },
    {
      "SourcePinAddress":{
        "PinID":0,
        "PinOwnerID":1196331531
      },
      "TargetPinAddress":{
        "PinID":1792892232,
        "PinOwnerID":1618083832
      },
      "ConnectionType":0,
      "ConnectedWireIndex":-1,
      "ConnectedWireSegmentIndex":-1,
      "Points":[{"x":0.0,"y":0.0},{"x":-6.14891,"y":14.17517},{"x":-6.14891,"y":12.46926},{"x":0.0,"y":0.0}]
    },
    {
      "SourcePinAddress":{
        "PinID":0,
        "PinOwnerID":1196331531
      },
      "TargetPinAddress":{
        "PinID":1792892232,
        "PinOwnerID":1516506883
      },
      "ConnectionType":1,
      "ConnectedWireIndex":2,
      "ConnectedWireSegmentIndex":1,
      "Points":[{"x":-6.14891,"y":13.66655},{"x":0.0,"y":0.0}]
    },
    {
      "SourcePinAddress":{
        "PinID":892159555,
        "PinOwnerID":2036293777
      },
      "TargetPinAddress":{
        "PinID":1351959728,
        "PinOwnerID":1516506883
      },
      "ConnectionType":0,
      "ConnectedWireIndex":-1,
      "ConnectedWireSegmentIndex":-1,
      "Points":[{"x":0.0,"y":0.0},{"x":0.0,"y":0.0}]
    },
    {
      "SourcePinAddress":{
        "PinID":0,
        "PinOwnerID":1850576156
      },
      "TargetPinAddress":{
        "PinID":113608822,
        "PinOwnerID":2036293777
      },
      "ConnectionType":0,
      "ConnectedWireIndex":-1,
      "ConnectedWireSegmentIndex":-1,
      "Points":[{"x":0.0,"y":0.0},{"x":0.0,"y":0.0}]
    },
    {
      "SourcePinAddress":{
        "PinID":0,
        "PinOwnerID":1850576156
      },
      "TargetPinAddress":{
        "PinID":1351959728,
        "PinOwnerID":1618083832
      },
      "ConnectionType":1,
      "ConnectedWireIndex":5,
      "ConnectedWireSegmentIndex":0,
      "Points":[{"x":-7.33491,"y":13.41387},{"x":-7.33491,"y":12.24181},{"x":0.0,"y":0.0}]
    },
    {
      "SourcePinAddress":{
        "PinID":0,
        "PinOwnerID":1003913874
      },
      "TargetPinAddress":{
        "PinID":1204013915,
        "PinOwnerID":45252012
      },
      "ConnectionType":0,
      "ConnectedWireIndex":-1,
      "ConnectedWireSegmentIndex":-1,
      "Points":[{"x":0.0,"y":0.0},{"x":0.0,"y":0.0}]
    },
    {
      "SourcePinAddress":{
        "PinID":0,
        "PinOwnerID":598510147
      },
      "TargetPinAddress":{
        "PinID":83283229,
        "PinOwnerID":45252012
      },
      "ConnectionType":0,
      "ConnectedWireIndex":-1,
      "ConnectedWireSegmentIndex":-1,
      "Points":[{"x":0.0,"y":0.0},{"x":0.0,"y":0.0}]
    },
    {
      "SourcePinAddress":{
        "PinID":0,
        "PinOwnerID":1846659394
      },
      "TargetPinAddress":{
        "PinID":1031378,
        "PinOwnerID":45252012
      },
      "ConnectionType":0,
      "ConnectedWireIndex":-1,
      "ConnectedWireSegmentIndex":-1,
      "Points":[{"x":0.0,"y":0.0},{"x":0.0,"y":0.0}]
    },
    {
      "SourcePinAddress":{
        "PinID":0,
        "PinOwnerID":1003913874
      },
      "TargetPinAddress":{
        "PinID":1204013915,
        "PinOwnerID":216953058
      },
      "ConnectionType":0,
      "ConnectedWireIndex":-1,
      "ConnectedWireSegmentIndex":-1,
      "Points":[{"x":0.0,"y":0.0},{"x":0.0,"y":0.0}]
    },
    {
      "SourcePinAddress":{
        "PinID":0,
        "PinOwnerID":598510147
      },
      "TargetPinAddress":{
        "PinID":83283229,
        "PinOwnerID":216953058
      },
      "ConnectionType":0,
      "ConnectedWireIndex":-1,
      "ConnectedWireSegmentIndex":-1,
      "Points":[{"x":0.0,"y":0.0},{"x":0.0,"y":0.0}]
    },
    {
      "SourcePinAddress":{
        "PinID":0,
        "PinOwnerID":1846659394
      },
      "TargetPinAddress":{
        "PinID":1031378,
        "PinOwnerID":216953058
      },
      "ConnectionType":0,
      "ConnectedWireIndex":-1,
      "ConnectedWireSegmentIndex":-1,
      "Points":[{"x":0.0,"y":0.0},{"x":0.0,"y":0.0}]
    },
    {
      "SourcePinAddress":{
        "PinID":998423159,
        "PinOwnerID":45252012
      },
      "TargetPinAddress":{
        "PinID":0,
        "PinOwnerID":221599395
      },
      "ConnectionType":0,
      "ConnectedWireIndex":-1,
      "ConnectedWireSegmentIndex":-1,
      "Points":[{"x":0.0,"y":0.0},{"x":0.0,"y":0.0}]
    },
    {
      "SourcePinAddress":{
        "PinID":998423159,
        "PinOwnerID":216953058
      },
      "TargetPinAddress":{
        "PinID":0,
        "PinOwnerID":1151734468
      },
      "ConnectionType":0,
      "ConnectedWireIndex":-1,
      "ConnectedWireSegmentIndex":-1,
      "Points":[{"x":0.0,"y":0.0},{"x":0.0,"y":0.0}]
    }
  ],
  "Displays": null
}