{
  "DLSVersion": "2.1.6",
  "Name": "DEMUX-2",
  "NameLocation": 0,
  "ChipType": 0,
  "Size": {
    "x": 1.325,
    "y": 0.5
  },
  "Colour": {
    "r": 0.188830689,
    "g": 0.261379153,
    "b": 0.148519665,
    "a": 1
  },
  "InputPins":[
    {
      "Name":"Activate",
      "ID":1893924884,
      "Position":{
        "x":-11.07114,
        "y":12.69277
      },
      "BitCount":1,
      "Colour":0,
      "ValueDisplayMode":0
    },
    {
      "Name":"IN",
      "ID":1906708467,
      "Position":{
        "x":-11.19414,
        "y":11.44619
      },
      "BitCount":1,
      "Colour":0,
      "ValueDisplayMode":0
    }
  ],
  "OutputPins":[
    {
      "Name":"OUT",
      "ID":487419911,
      "Position":{
        "x":-4.85882,
        "y":12.03766
      },
      "BitCount":1,
      "Colour":0,
      "ValueDisplayMode":0
    },
    {
      "Name":"OUT",
      "ID":1473415834,
      "Position":{
        "x":-4.7567,
        "y":11.42938
      },
      "BitCount":1,
      "Colour":0,
      "ValueDisplayMode":0
    }
  ],
  "SubChips":[
    {
      "Name":"NOT",
      "ID":1096638991,
      "Label":"",
      "Position":{
        "x":-7.92065,
        "y":11.96339
      },
      "OutputPinColourInfo":[{"PinColour":0,"PinID":892159555}],
      "InternalData":null
    },
    {
      "Name":"AND",
      "ID":1500217793,
      "Label":"",
      "Position":{
        "x":-6.73542,
        "y":12.10522
      },
      "OutputPinColourInfo":[{"PinColour":0,"PinID":406217789}],
      "InternalData":null
    },
    {
      "Name":"AND",
      "ID":1724131046,
      "Label":"",
      "Position":{
        "x":-6.71516,
        "y":11.5278
      },
      "OutputPinColourInfo":[{"PinColour":0,"PinID":406217789}],
      "InternalData":null
    }
  ],
  "Wires":[
    {
      "SourcePinAddress":{
        "PinID":892159555,
        "PinOwnerID":1096638991
      },
      "TargetPinAddress":{
        "PinID":1351959728,
        "PinOwnerID":1500217793
      },
      "ConnectionType":0,
      "ConnectedWireIndex":-1,
      "ConnectedWireSegmentIndex":-1,
      "Points":[{"x":0.0,"y":0.0},{"x":0.0,"y":0.0}]
    },
    {
      "SourcePinAddress":{
        "PinID":0,
        "PinOwnerID":1906708467
      },
      "TargetPinAddress":{
        "PinID":1351959728,
        "PinOwnerID":1724131046
      },
      "ConnectionType":0,
      "ConnectedWireIndex":-1,
      "ConnectedWireSegmentIndex":-1,
      "Points":[{"x":0.0,"y":0.0},{"x":0.0,"y":0.0}]
    },
    {
      "SourcePinAddress":{
        "PinID":0,
        "PinOwnerID":1906708467
      },
      "TargetPinAddress":{
        "PinID":113608822,
        "PinOwnerID":1096638991
      },
      "ConnectionType":1,
      "ConnectedWireIndex":1,
      "ConnectedWireSegmentIndex":0,
      "Points":[{"x":-8.74173,"y":11.42466},{"x":-8.7412,"y":11.96339},{"x":0.0,"y":0.0}]
    },
    {
      "SourcePinAddress":{
        "PinID":406217789,
        "PinOwnerID":1724131046
      },
      "TargetPinAddress":{
        "PinID":0,
        "PinOwnerID":1473415834
      },
      "ConnectionType":0,
      "ConnectedWireIndex":-1,
      "ConnectedWireSegmentIndex":-1,
      "Points":[{"x":0.0,"y":0.0},{"x":0.0,"y":0.0}]
    },
    {
      "SourcePinAddress":{
        "PinID":406217789,
        "PinOwnerID":1500217793
      },
      "TargetPinAddress":{
        "PinID":0,
        "PinOwnerID":487419911
      },
      "ConnectionType":0,
      "ConnectedWireIndex":-1,
      "ConnectedWireSegmentIndex":-1,
      "Points":[{"x":0.0,"y":0.0},{"x":0.0,"y":0.0}]
    },
    {
      "SourcePinAddress":{
        "PinID":0,
        "PinOwnerID":1893924884
      },
      "TargetPinAddress":{
        "PinID":1792892232,
        "PinOwnerID":1724131046
      },
      "ConnectionType":0,
      "ConnectedWireIndex":-1,
      "ConnectedWireSegmentIndex":-1,
      "Points":[{"x":0.0,"y":0.0},{"x":-7.34323,"y":12.66238},{"x":-7.34323,"y":11.6528},{"x":0.0,"y":0.0}]
    },
    {
      "SourcePinAddress":{
        "PinID":0,
        "PinOwnerID":1893924884
      },
      "TargetPinAddress":{
        "PinID":1792892232,
        "PinOwnerID":1500217793
      },
      "ConnectionType":1,
      "ConnectedWireIndex":5,
      "ConnectedWireSegmentIndex":1,
      "Points":[{"x":-7.34323,"y":12.23022},{"x":0.0,"y":0.0}]
    }
  ],
  "Displays": null
}