{
  "DLSVersion": "2.1.6",
  "Name": "DEMUX-16 4-wide",
  "NameLocation": 0,
  "ChipType": 0,
  "Size": {
    "x": 1.4,
    "y": 1.25
  },
  "Colour": {
    "r": 0.5804193,
    "g": 0.1227895,
    "b": 0.7234038,
    "a": 1
  },
  "InputPins":[
    {
      "Name":"IN",
      "ID":1196331531,
      "Position":{
        "x":-8.89462,
        "y":14.17517
      },
      "BitCount":1,
      "Colour":0,
      "ValueDisplayMode":0
    },
    {
      "Name":"IN",
      "ID":1041615454,
      "Position":{
        "x":-11.82288,
        "y":10.77907
      },
      "BitCount":4,
      "Colour":0,
      "ValueDisplayMode":0
    }
  ],
  "OutputPins":[
    {
      "Name":"OUT",
      "ID":221599395,
      "Position":{
        "x":-1.20524,
        "y":12.52873
      },
      "BitCount":8,
      "Colour":0,
      "ValueDisplayMode":0
    },
    {
      "Name":"OUT",
      "ID":1151734468,
      "Position":{
        "x":-1.11589,
        "y":11.32647
      },
      "BitCount":8,
      "Colour":0,
      "ValueDisplayMode":0
    }
  ],
  "SubChips":[
    {
      "Name":"DEMUX-8",
      "ID":45252012,
      "Label":"",
      "Position":{
        "x":-3.5854,
        "y":12.47187
      },
      "OutputPinColourInfo":[{"PinColour":0,"PinID":998423159}],
      "InternalData":null
    },
    {
      "Name":"DEMUX-8",
      "ID":216953058,
      "Label":"",
      "Position":{
        "x":-3.5529,
        "y":11.3021
      },
      "OutputPinColourInfo":[{"PinColour":0,"PinID":998423159}],
      "InternalData":null
    },
    {
      "Name":"AND",
      "ID":1516506883,
      "Label":"",
      "Position":{
        "x":-5.40968,
        "y":13.54155
      },
      "OutputPinColourInfo":[{"PinColour":0,"PinID":406217789}],
      "InternalData":null
    },
    {
      "Name":"AND",
      "ID":1618083832,
      "Label":"",
      "Position":{
        "x":-5.43923,
        "y":12.92372
      },
      "OutputPinColourInfo":[{"PinColour":0,"PinID":406217789}],
      "InternalData":null
    },
    {
      "Name":"NOT",
      "ID":2036293777,
      "Label":"",
      "Position":{
        "x":-6.72567,
        "y":13.41158
      },
      "OutputPinColourInfo":[{"PinColour":0,"PinID":892159555}],
      "InternalData":null
    },
    {
      "Name":"4-1BIT",
      "ID":1522675216,
      "Label":"",
      "Position":{
        "x":-9.22447,
        "y":10.91436
      },
      "OutputPinColourInfo":[{"PinColour":0,"PinID":1},{"PinColour":0,"PinID":2},{"PinColour":0,"PinID":3},{"PinColour":0,"PinID":4}],
      "InternalData":null
    }
  ],
  "Wires":[
    {
      "SourcePinAddress":{
        "PinID":406217789,
        "PinOwnerID":1516506883
      },
      "TargetPinAddress":{
        "PinID":1077110992,
        "PinOwnerID":45252012
      },
      "ConnectionType":0,
      "ConnectedWireIndex":-1,
      "ConnectedWireSegmentIndex":-1,
      "Points":[{"x":0.0,"y":0.0},{"x":0.0,"y":0.0}]
    },
    {
      "SourcePinAddress":{
        "PinID":406217789,
        "PinOwnerID":1618083832
      },
      "TargetPinAddress":{
        "PinID":1077110992,
        "PinOwnerID":216953058
      },
      "ConnectionType":0,
      "ConnectedWireIndex":-1,
      "ConnectedWireSegmentIndex":-1,
      "Points":[{"x":0.0,"y":0.0},{"x":0.0,"y":0.0}]
    },
    {
      "SourcePinAddress":{
        "PinID":0,
        "PinOwnerID":1196331531
      },
      "TargetPinAddress":{
        "PinID":1792892232,
        "PinOwnerID":1618083832
      },
      "ConnectionType":0,
      "ConnectedWireIndex":-1,
      "ConnectedWireSegmentIndex":-1,
      "Points":[{"x":0.0,"y":0.0},{"x":-6.14891,"y":14.17517},{"x":-6.1558,"y":12.99649},{"x":0.0,"y":0.0}]
    },
    {
      "SourcePinAddress":{
        "PinID":0,
        "PinOwnerID":1196331531
      },
      "TargetPinAddress":{
        "PinID":1792892232,
        "PinOwnerID":1516506883
      },
      "ConnectionType":1,
      "ConnectedWireIndex":2,
      "ConnectedWireSegmentIndex":1,
      "Points":[{"x":-6.15188,"y":13.66657},{"x":0.0,"y":0.0}]
    },
    {
      "SourcePinAddress":{
        "PinID":892159555,
        "PinOwnerID":2036293777
      },
      "TargetPinAddress":{
        "PinID":1351959728,
        "PinOwnerID":1516506883
      },
      "ConnectionType":0,
      "ConnectedWireIndex":-1,
      "ConnectedWireSegmentIndex":-1,
      "Points":[{"x":0.0,"y":0.0},{"x":0.0,"y":0.0}]
    },
    {
      "SourcePinAddress":{
        "PinID":998423159,
        "PinOwnerID":45252012
      },
      "TargetPinAddress":{
        "PinID":0,
        "PinOwnerID":221599395
      },
      "ConnectionType":0,
      "ConnectedWireIndex":-1,
      "ConnectedWireSegmentIndex":-1,
      "Points":[{"x":0.0,"y":0.0},{"x":0.0,"y":0.0}]
    },
    {
      "SourcePinAddress":{
        "PinID":998423159,
        "PinOwnerID":216953058
      },
      "TargetPinAddress":{
        "PinID":0,
        "PinOwnerID":1151734468
      },
      "ConnectionType":0,
      "ConnectedWireIndex":-1,
      "ConnectedWireSegmentIndex":-1,
      "Points":[{"x":0.0,"y":0.0},{"x":0.0,"y":0.0}]
    },
    {
      "SourcePinAddress":{
        "PinID":0,
        "PinOwnerID":1041615454
      },
      "TargetPinAddress":{
        "PinID":0,
        "PinOwnerID":1522675216
      },
      "ConnectionType":0,
      "ConnectedWireIndex":-1,
      "ConnectedWireSegmentIndex":-1,
      "Points":[{"x":0.0,"y":0.0},{"x":0.0,"y":0.0}]
    },
    {
      "SourcePinAddress":{
        "PinID":4,
        "PinOwnerID":1522675216
      },
      "TargetPinAddress":{
        "PinID":1031378,
        "PinOwnerID":216953058
      },
      "ConnectionType":0,
      "ConnectedWireIndex":-1,
      "ConnectedWireSegmentIndex":-1,
      "Points":[{"x":0.0,"y":0.0},{"x":0.0,"y":0.0}]
    },
    {
      "SourcePinAddress":{
        "PinID":4,
        "PinOwnerID":1522675216
      },
      "TargetPinAddress":{
        "PinID":1031378,
        "PinOwnerID":45252012
      },
      "ConnectionType":0,
      "ConnectedWireIndex":-1,
      "ConnectedWireSegmentIndex":-1,
      "Points":[{"x":0.0,"y":0.0},{"x":0.0,"y":0.0}]
    },
    {
      "SourcePinAddress":{
        "PinID":3,
        "PinOwnerID":1522675216
      },
      "TargetPinAddress":{
        "PinID":83283229,
        "PinOwnerID":216953058
      },
      "ConnectionType":0,
      "ConnectedWireIndex":-1,
      "ConnectedWireSegmentIndex":-1,
      "Points":[{"x":0.0,"y":0.0},{"x":0.0,"y":0.0}]
    },
    {
      "SourcePinAddress":{
        "PinID":3,
        "PinOwnerID":1522675216
      },
      "TargetPinAddress":{
        "PinID":83283229,
        "PinOwnerID":45252012
      },
      "ConnectionType":0,
      "ConnectedWireIndex":-1,
      "ConnectedWireSegmentIndex":-1,
      "Points":[{"x":0.0,"y":0.0},{"x":0.0,"y":0.0}]
    },
    {
      "SourcePinAddress":{
        "PinID":2,
        "PinOwnerID":1522675216
      },
      "TargetPinAddress":{
        "PinID":1204013915,
        "PinOwnerID":216953058
      },
      "ConnectionType":0,
      "ConnectedWireIndex":-1,
      "ConnectedWireSegmentIndex":-1,
      "Points":[{"x":0.0,"y":0.0},{"x":0.0,"y":0.0}]
    },
    {
      "SourcePinAddress":{
        "PinID":2,
        "PinOwnerID":1522675216
      },
      "TargetPinAddress":{
        "PinID":1204013915,
        "PinOwnerID":45252012
      },
      "ConnectionType":0,
      "ConnectedWireIndex":-1,
      "ConnectedWireSegmentIndex":-1,
      "Points":[{"x":0.0,"y":0.0},{"x":0.0,"y":0.0}]
    },
    {
      "SourcePinAddress":{
        "PinID":1,
        "PinOwnerID":1522675216
      },
      "TargetPinAddress":{
        "PinID":113608822,
        "PinOwnerID":2036293777
      },
      "ConnectionType":0,
      "ConnectedWireIndex":-1,
      "ConnectedWireSegmentIndex":-1,
      "Points":[{"x":0.0,"y":0.0},{"x":0.0,"y":0.0}]
    },
    {
      "SourcePinAddress":{
        "PinID":1,
        "PinOwnerID":1522675216
      },
      "TargetPinAddress":{
        "PinID":1351959728,
        "PinOwnerID":1618083832
      },
      "ConnectionType":0,
      "ConnectedWireIndex":-1,
      "ConnectedWireSegmentIndex":-1,
      "Points":[{"x":0.0,"y":0.0},{"x":0.0,"y":0.0}]
    }
  ],
  "Displays": null
}