{
  "DLSVersion": "2.1.6",
  "Name": "Display preprogramed",
  "NameLocation": 0,
  "ChipType": 0,
  "Size": {
    "x": 2.3,
    "y": 0.5
  },
  "Colour": {
    "r": 0.87527144,
    "g": 0.5924942,
    "b": 0.262483925,
    "a": 1
  },
  "InputPins":[
    {
      "Name":"IN",
      "ID":435453522,
      "Position":{
        "x":-4.49803,
        "y":1.02362
      },
      "BitCount":8,
      "Colour":0,
      "ValueDisplayMode":0
    }
  ],
  "OutputPins":[
    {
      "Name":"OUT",
      "ID":708500144,
      "Position":{
        "x":3.52362,
        "y":1.02362
      },
      "BitCount":8,
      "Colour":0,
      "ValueDisplayMode":0
    }
  ],
  "SubChips":[
    {
      "Name":"ROM 256×16",
      "ID":2110599035,
      "Label":"",
      "Position":{
        "x":-0.50197,
        "y":0.95472
      },
      "OutputPinColourInfo":[{"PinColour":0,"PinID":1},{"PinColour":0,"PinID":2}],
      "InternalData":[192,196,70,134,0,6,4,89,133,0,6,31,72,32,33,0,6,248,32,39,12,0,65,33,0,97,129,18,224,2,0,35,43,51,59,0,0,0,0,0,0,0,0,0,255,0,255,0,255,0,255,165,165,165,165,165,165,165,165,144,159,144,159,144,159,144,159,0,0,0,0,0,0,0,0,0,0,0,0,0,0,0,0,0,0,0,0,0,0,0,0,0,0,0,0,0,0,0,0,0,0,0,0,0,0,0,0,0,0,0,0,0,0,0,0,0,0,0,0,0,0,0,0,0,0,0,0,0,0,0,0,0,0,0,0,0,0,0,0,0,0,0,0,0,0,0,0,0,0,0,0,0,0,0,0,0,0,0,0,0,0,0,0,0,0,0,0,0,0,0,0,0,0,0,0,0,0,0,0,0,0,0,0,0,0,0,0,0,0,0,0,0,0,0,0,0,0,0,0,0,0,0,0,0,0,0,0,0,0,0,0,0,0,0,0,0,0,0,0,0,0,0,0,0,0,0,0,0,0,0,0,0,0,0,0,0,0,0,0,0,0,0,0,0,0,0,0,0,0,0,0,0,0,0,0,0]
    }
  ],
  "Wires":[
    {
      "SourcePinAddress":{
        "PinID":0,
        "PinOwnerID":435453522
      },
      "TargetPinAddress":{
        "PinID":0,
        "PinOwnerID":2110599035
      },
      "ConnectionType":0,
      "ConnectedWireIndex":-1,
      "ConnectedWireSegmentIndex":-1,
      "Points":[{"x":0.0,"y":0.0},{"x":0.0,"y":0.0}]
    },
    {
      "SourcePinAddress":{
        "PinID":2,
        "PinOwnerID":2110599035
      },
      "TargetPinAddress":{
        "PinID":0,
        "PinOwnerID":708500144
      },
      "ConnectionType":0,
      "ConnectedWireIndex":-1,
      "ConnectedWireSegmentIndex":-1,
      "Points":[{"x":0.0,"y":0.0},{"x":0.0,"y":0.0}]
    }
  ],
  "Displays": null
}