{
  "DLSVersion": "2.1.6",
  "Name": "Divider",
  "NameLocation": 0,
  "ChipType": 0,
  "Size": {
    "x": 1.175,
    "y": 1.5
  },
  "Colour": {
    "r": 0.0959210843,
    "g": 0.212597966,
    "b": 0.189176559,
    "a": 1
  },
  "InputPins":[
    {
      "Name":"Clock",
      "ID":348578538,
      "Position":{
        "x":-6.44685,
        "y":3.97638
      },
      "BitCount":1,
      "Colour":0,
      "ValueDisplayMode":0
    },
    {
      "Name":"Reset",
      "ID":1464769494,
      "Position":{
        "x":-6.44685,
        "y":3.40551
      },
      "BitCount":1,
      "Colour":0,
      "ValueDisplayMode":0
    },
    {
      "Name":"IN",
      "ID":236865543,
      "Position":{
        "x":-6.63386,
        "y":1.5748
      },
      "BitCount":8,
      "Colour":0,
      "ValueDisplayMode":1
    },
    {
      "Name":"IN",
      "ID":417971542,
      "Position":{
        "x":-6.60433,
        "y":-1.82087
      },
      "BitCount":8,
      "Colour":0,
      "ValueDisplayMode":1
    }
  ],
  "OutputPins":[
    {
      "Name":"OUT",
      "ID":815099506,
      "Position":{
        "x":13.96098,
        "y":-1.17219
      },
      "BitCount":8,
      "Colour":0,
      "ValueDisplayMode":1
    }
  ],
  "SubChips":[
    {
      "Name":"ANY-8",
      "ID":465768721,
      "Label":"",
      "Position":{
        "x":-0.58259,
        "y":-3.22076
      },
      "OutputPinColourInfo":[{"PinColour":0,"PinID":151859881}],
      "InternalData":null
    },
    {
      "Name":"BARREL-8",
      "ID":1199675132,
      "Label":"",
      "Position":{
        "x":-3.2185,
        "y":-1.28937
      },
      "OutputPinColourInfo":[{"PinColour":0,"PinID":1733309502},{"PinColour":0,"PinID":1836432385}],
      "InternalData":null
    },
    {
      "Name":"ADD-8",
      "ID":950749106,
      "Label":"",
      "Position":{
        "x":4.15608,
        "y":-1.4486
      },
      "OutputPinColourInfo":[{"PinColour":0,"PinID":1356732077},{"PinColour":0,"PinID":624498342}],
      "InternalData":null
    },
    {
      "Name":"EDGE-MSD-8",
      "ID":167788176,
      "Label":"",
      "Position":{
        "x":-0.01102,
        "y":2.2245
      },
      "OutputPinColourInfo":[{"PinColour":0,"PinID":1457863638},{"PinColour":0,"PinID":1999242044}],
      "InternalData":null
    },
    {
      "Name":"SELECT-8",
      "ID":1037036977,
      "Label":"",
      "Position":{
        "x":-2.50844,
        "y":2.01593
      },
      "OutputPinColourInfo":[{"PinColour":0,"PinID":131740421}],
      "InternalData":null
    },
    {
      "Name":"BARREL-8",
      "ID":1097711265,
      "Label":"",
      "Position":{
        "x":-0.28196,
        "y":-1.09162
      },
      "OutputPinColourInfo":[{"PinColour":0,"PinID":1733309502},{"PinColour":0,"PinID":1836432385}],
      "InternalData":null
    },
    {
      "Name":"NOT",
      "ID":1907943282,
      "Label":"",
      "Position":{
        "x":1.37302,
        "y":-3.21094
      },
      "OutputPinColourInfo":[{"PinColour":0,"PinID":892159555}],
      "InternalData":null
    },
    {
      "Name":"NOT-8",
      "ID":1250079457,
      "Label":"",
      "Position":{
        "x":1.84927,
        "y":-1.59168
      },
      "OutputPinColourInfo":[{"PinColour":0,"PinID":2007435006}],
      "InternalData":null
    },
    {
      "Name":"HI",
      "ID":1585661043,
      "Label":"",
      "Position":{
        "x":2.43268,
        "y":-2.36559
      },
      "OutputPinColourInfo":[{"PinColour":0,"PinID":1575616495}],
      "InternalData":null
    },
    {
      "Name":"AND",
      "ID":135418495,
      "Label":"",
      "Position":{
        "x":5.73165,
        "y":-1.09162
      },
      "OutputPinColourInfo":[{"PinColour":0,"PinID":406217789}],
      "InternalData":null
    },
    {
      "Name":"SELECT-8",
      "ID":84888880,
      "Label":"",
      "Position":{
        "x":8.07517,
        "y":-1.6624
      },
      "OutputPinColourInfo":[{"PinColour":0,"PinID":131740421}],
      "InternalData":null
    },
    {
      "Name":"BARREL-8",
      "ID":2102339881,
      "Label":"",
      "Position":{
        "x":11.52595,
        "y":-0.69812
      },
      "OutputPinColourInfo":[{"PinColour":0,"PinID":1733309502},{"PinColour":0,"PinID":1836432385}],
      "InternalData":null
    },
    {
      "Name":"HI",
      "ID":2126627100,
      "Label":"",
      "Position":{
        "x":9.91683,
        "y":-0.90765
      },
      "OutputPinColourInfo":[{"PinColour":0,"PinID":1575616495}],
      "InternalData":null
    }
  ],
  "Wires":[
    {
      "SourcePinAddress":{
        "PinID":0,
        "PinOwnerID":417971542
      },
      "TargetPinAddress":{
        "PinID":1501118011,
        "PinOwnerID":1199675132
      },
      "ConnectionType":0,
      "ConnectedWireIndex":-1,
      "ConnectedWireSegmentIndex":-1,
      "Points":[{"x":0.0,"y":0.0},{"x":0.0,"y":0.0}]
    },
    {
      "SourcePinAddress":{
        "PinID":0,
        "PinOwnerID":348578538
      },
      "TargetPinAddress":{
        "PinID":807420416,
        "PinOwnerID":1199675132
      },
      "ConnectionType":0,
      "ConnectedWireIndex":-1,
      "ConnectedWireSegmentIndex":-1,
      "Points":[{"x":0.0,"y":0.0},{"x":-4.45866,"y":3.97638},{"x":-4.45866,"y":-0.65945},{"x":0.0,"y":0.0}]
    },
    {
      "SourcePinAddress":{
        "PinID":0,
        "PinOwnerID":1464769494
      },
      "TargetPinAddress":{
        "PinID":1357911044,
        "PinOwnerID":1199675132
      },
      "ConnectionType":0,
      "ConnectedWireIndex":-1,
      "ConnectedWireSegmentIndex":-1,
      "Points":[{"x":0.0,"y":0.0},{"x":-4.20276,"y":3.40551},{"x":-4.20276,"y":2.05709},{"x":-4.20276,"y":-1.17126},{"x":0.0,"y":0.0}]
    },
    {
      "SourcePinAddress":{
        "PinID":1836432385,
        "PinOwnerID":1199675132
      },
      "TargetPinAddress":{
        "PinID":1104547163,
        "PinOwnerID":465768721
      },
      "ConnectionType":0,
      "ConnectedWireIndex":-1,
      "ConnectedWireSegmentIndex":-1,
      "Points":[{"x":0.0,"y":0.0},{"x":-1.72911,"y":-1.78937},{"x":-1.72911,"y":-3.18234},{"x":0.0,"y":0.0}]
    },
    {
      "SourcePinAddress":{
        "PinID":0,
        "PinOwnerID":236865543
      },
      "TargetPinAddress":{
        "PinID":461953242,
        "PinOwnerID":1037036977
      },
      "ConnectionType":0,
      "ConnectedWireIndex":-1,
      "ConnectedWireSegmentIndex":-1,
      "Points":[{"x":0.0,"y":0.0},{"x":0.0,"y":0.0}]
    },
    {
      "SourcePinAddress":{
        "PinID":131740421,
        "PinOwnerID":1037036977
      },
      "TargetPinAddress":{
        "PinID":510471440,
        "PinOwnerID":167788176
      },
      "ConnectionType":0,
      "ConnectedWireIndex":-1,
      "ConnectedWireSegmentIndex":-1,
      "Points":[{"x":0.0,"y":0.0},{"x":0.0,"y":0.0}]
    },
    {
      "SourcePinAddress":{
        "PinID":0,
        "PinOwnerID":1464769494
      },
      "TargetPinAddress":{
        "PinID":521620496,
        "PinOwnerID":1037036977
      },
      "ConnectionType":1,
      "ConnectedWireIndex":2,
      "ConnectedWireSegmentIndex":1,
      "Points":[{"x":-4.20276,"y":3.39706},{"x":-3.58001,"y":3.39706},{"x":-3.58001,"y":2.56362},{"x":0.0,"y":0.0}]
    },
    {
      "SourcePinAddress":{
        "PinID":0,
        "PinOwnerID":348578538
      },
      "TargetPinAddress":{
        "PinID":16909473,
        "PinOwnerID":167788176
      },
      "ConnectionType":1,
      "ConnectedWireIndex":1,
      "ConnectedWireSegmentIndex":0,
      "Points":[{"x":-4.52061,"y":3.97638},{"x":-1.1035,"y":3.97638},{"x":-1.1035,"y":2.57553},{"x":0.0,"y":0.0}]
    },
    {
      "SourcePinAddress":{
        "PinID":1733309502,
        "PinOwnerID":1199675132
      },
      "TargetPinAddress":{
        "PinID":1446130211,
        "PinOwnerID":1097711265
      },
      "ConnectionType":0,
      "ConnectedWireIndex":-1,
      "ConnectedWireSegmentIndex":-1,
      "Points":[{"x":0.0,"y":0.0},{"x":0.0,"y":0.0}]
    },
    {
      "SourcePinAddress":{
        "PinID":0,
        "PinOwnerID":348578538
      },
      "TargetPinAddress":{
        "PinID":807420416,
        "PinOwnerID":1097711265
      },
      "ConnectionType":1,
      "ConnectedWireIndex":7,
      "ConnectedWireSegmentIndex":0,
      "Points":[{"x":-1.32972,"y":3.97638},{"x":-1.32972,"y":-0.46058},{"x":0.0,"y":0.0}]
    },
    {
      "SourcePinAddress":{
        "PinID":0,
        "PinOwnerID":1464769494
      },
      "TargetPinAddress":{
        "PinID":1357911044,
        "PinOwnerID":1097711265
      },
      "ConnectionType":1,
      "ConnectedWireIndex":6,
      "ConnectedWireSegmentIndex":1,
      "Points":[{"x":-3.58001,"y":3.34944},{"x":-1.57975,"y":3.34944},{"x":-1.57975,"y":-0.93683},{"x":0.0,"y":0.0}]
    },
    {
      "SourcePinAddress":{
        "PinID":151859881,
        "PinOwnerID":465768721
      },
      "TargetPinAddress":{
        "PinID":113608822,
        "PinOwnerID":1907943282
      },
      "ConnectionType":0,
      "ConnectedWireIndex":-1,
      "ConnectedWireSegmentIndex":-1,
      "Points":[{"x":0.0,"y":0.0},{"x":0.0,"y":0.0}]
    },
    {
      "SourcePinAddress":{
        "PinID":1836432385,
        "PinOwnerID":1097711265
      },
      "TargetPinAddress":{
        "PinID":753433383,
        "PinOwnerID":1250079457
      },
      "ConnectionType":0,
      "ConnectedWireIndex":-1,
      "ConnectedWireSegmentIndex":-1,
      "Points":[{"x":0.0,"y":0.0},{"x":0.0,"y":0.0}]
    },
    {
      "SourcePinAddress":{
        "PinID":2007435006,
        "PinOwnerID":1250079457
      },
      "TargetPinAddress":{
        "PinID":1424414258,
        "PinOwnerID":950749106
      },
      "ConnectionType":0,
      "ConnectedWireIndex":-1,
      "ConnectedWireSegmentIndex":-1,
      "Points":[{"x":0.0,"y":0.0},{"x":0.0,"y":0.0}]
    },
    {
      "SourcePinAddress":{
        "PinID":1575616495,
        "PinOwnerID":1585661043
      },
      "TargetPinAddress":{
        "PinID":1466516582,
        "PinOwnerID":950749106
      },
      "ConnectionType":0,
      "ConnectedWireIndex":-1,
      "ConnectedWireSegmentIndex":-1,
      "Points":[{"x":0.0,"y":0.0},{"x":0.0,"y":0.0}]
    },
    {
      "SourcePinAddress":{
        "PinID":1356732077,
        "PinOwnerID":950749106
      },
      "TargetPinAddress":{
        "PinID":1792892232,
        "PinOwnerID":135418495
      },
      "ConnectionType":0,
      "ConnectedWireIndex":-1,
      "ConnectedWireSegmentIndex":-1,
      "Points":[{"x":0.0,"y":0.0},{"x":5.55213,"y":-0.94874},{"x":0.0,"y":0.0}]
    },
    {
      "SourcePinAddress":{
        "PinID":892159555,
        "PinOwnerID":1907943282
      },
      "TargetPinAddress":{
        "PinID":1351959728,
        "PinOwnerID":135418495
      },
      "ConnectionType":0,
      "ConnectedWireIndex":-1,
      "ConnectedWireSegmentIndex":-1,
      "Points":[{"x":0.0,"y":0.0},{"x":5.17113,"y":-3.21094},{"x":5.17113,"y":-1.22258},{"x":0.0,"y":0.0}]
    },
    {
      "SourcePinAddress":{
        "PinID":1457863638,
        "PinOwnerID":167788176
      },
      "TargetPinAddress":{
        "PinID":323717979,
        "PinOwnerID":950749106
      },
      "ConnectionType":0,
      "ConnectedWireIndex":-1,
      "ConnectedWireSegmentIndex":-1,
      "Points":[{"x":0.0,"y":0.0},{"x":2.78987,"y":2.4745},{"x":2.78987,"y":-1.04399},{"x":0.0,"y":0.0}]
    },
    {
      "SourcePinAddress":{
        "PinID":406217789,
        "PinOwnerID":135418495
      },
      "TargetPinAddress":{
        "PinID":521620496,
        "PinOwnerID":84888880
      },
      "ConnectionType":0,
      "ConnectedWireIndex":-1,
      "ConnectedWireSegmentIndex":-1,
      "Points":[{"x":0.0,"y":0.0},{"x":0.0,"y":0.0}]
    },
    {
      "SourcePinAddress":{
        "PinID":131740421,
        "PinOwnerID":84888880
      },
      "TargetPinAddress":{
        "PinID":640716495,
        "PinOwnerID":1037036977
      },
      "ConnectionType":0,
      "ConnectedWireIndex":-1,
      "ConnectedWireSegmentIndex":-1,
      "Points":[{"x":0.0,"y":0.0},{"x":9.35636,"y":-1.63117},{"x":9.32643,"y":0.86102},{"x":-3.73479,"y":0.86102},{"x":-3.73391,"y":2.13026},{"x":0.0,"y":0.0}]
    },
    {
      "SourcePinAddress":{
        "PinID":406217789,
        "PinOwnerID":135418495
      },
      "TargetPinAddress":{
        "PinID":1446130211,
        "PinOwnerID":2102339881
      },
      "ConnectionType":0,
      "ConnectedWireIndex":-1,
      "ConnectedWireSegmentIndex":-1,
      "Points":[{"x":0.0,"y":0.0},{"x":7.40091,"y":-0.36076},{"x":0.0,"y":0.0}]
    },
    {
      "SourcePinAddress":{
        "PinID":1836432385,
        "PinOwnerID":2102339881
      },
      "TargetPinAddress":{
        "PinID":0,
        "PinOwnerID":815099506
      },
      "ConnectionType":0,
      "ConnectedWireIndex":-1,
      "ConnectedWireSegmentIndex":-1,
      "Points":[{"x":0.0,"y":0.0},{"x":0.0,"y":0.0}]
    },
    {
      "SourcePinAddress":{
        "PinID":0,
        "PinOwnerID":1464769494
      },
      "TargetPinAddress":{
        "PinID":1357911044,
        "PinOwnerID":2102339881
      },
      "ConnectionType":1,
      "ConnectedWireIndex":10,
      "ConnectedWireSegmentIndex":0,
      "Points":[{"x":-1.59617,"y":3.34944},{"x":9.64735,"y":3.4471},{"x":9.64735,"y":-0.5618},{"x":0.0,"y":0.0}]
    },
    {
      "SourcePinAddress":{
        "PinID":0,
        "PinOwnerID":348578538
      },
      "TargetPinAddress":{
        "PinID":807420416,
        "PinOwnerID":2102339881
      },
      "ConnectionType":1,
      "ConnectedWireIndex":7,
      "ConnectedWireSegmentIndex":1,
      "Points":[{"x":-1.1035,"y":3.95662},{"x":9.83984,"y":4.05853},{"x":9.83984,"y":-0.07312},{"x":0.0,"y":0.0}]
    },
    {
      "SourcePinAddress":{
        "PinID":1575616495,
        "PinOwnerID":2126627100
      },
      "TargetPinAddress":{
        "PinID":2010787096,
        "PinOwnerID":2102339881
      },
      "ConnectionType":0,
      "ConnectedWireIndex":-1,
      "ConnectedWireSegmentIndex":-1,
      "Points":[{"x":0.0,"y":0.0},{"x":0.0,"y":0.0}]
    },
    {
      "SourcePinAddress":{
        "PinID":624498342,
        "PinOwnerID":950749106
      },
      "TargetPinAddress":{
        "PinID":461953242,
        "PinOwnerID":84888880
      },
      "ConnectionType":0,
      "ConnectedWireIndex":-1,
      "ConnectedWireSegmentIndex":-1,
      "Points":[{"x":0.0,"y":0.0},{"x":0.0,"y":0.0}]
    },
    {
      "SourcePinAddress":{
        "PinID":1457863638,
        "PinOwnerID":167788176
      },
      "TargetPinAddress":{
        "PinID":640716495,
        "PinOwnerID":84888880
      },
      "ConnectionType":1,
      "ConnectedWireIndex":17,
      "ConnectedWireSegmentIndex":1,
      "Points":[{"x":2.78987,"y":-0.14902},{"x":6.45433,"y":-0.14902},{"x":6.45433,"y":-1.54399},{"x":0.0,"y":0.0}]
    }
  ],
  "Displays": null
}