{
  "DLSVersion": "2.1.6",
  "Name": "EDGE-MSD-4",
  "NameLocation": 0,
  "ChipType": 0,
  "Size": {
    "x": 1.625,
    "y": 0.75
  },
  "Colour": {
    "r": 0.566897631,
    "g": 0.8496863,
    "b": 0.7364903,
    "a": 1
  },
  "InputPins":[
    {
      "Name":"Clk",
      "ID":147504191,
      "Position":{
        "x":-4.87605,
        "y":15.21088
      },
      "BitCount":1,
      "Colour":0,
      "ValueDisplayMode":0
    },
    {
      "Name":"D",
      "ID":771252275,
      "Position":{
        "x":-4.95592,
        "y":14.1124
      },
      "BitCount":4,
      "Colour":0,
      "ValueDisplayMode":0
    }
  ],
  "OutputPins":[
    {
      "Name":"Q",
      "ID":946549638,
      "Position":{
        "x":4.36402,
        "y":14.77117
      },
      "BitCount":4,
      "Colour":0,
      "ValueDisplayMode":0
    },
    {
      "Name":"¬Q",
      "ID":500538410,
      "Position":{
        "x":4.13723,
        "y":13.07565
      },
      "BitCount":4,
      "Colour":0,
      "ValueDisplayMode":0
    }
  ],
  "SubChips":[
    {
      "Name":"4-1BIT",
      "ID":1220139262,
      "Label":"",
      "Position":{
        "x":-2.68803,
        "y":14.0908
      },
      "OutputPinColourInfo":[{"PinColour":0,"PinID":1},{"PinColour":0,"PinID":2},{"PinColour":0,"PinID":3},{"PinColour":0,"PinID":4}],
      "InternalData":null
    },
    {
      "Name":"EDGE MSD",
      "ID":1843177915,
      "Label":"",
      "Position":{
        "x":-0.45254,
        "y":14.69557
      },
      "OutputPinColourInfo":[{"PinColour":0,"PinID":531080545},{"PinColour":0,"PinID":1887479322}],
      "InternalData":null
    },
    {
      "Name":"EDGE MSD",
      "ID":703423289,
      "Label":"",
      "Position":{
        "x":-0.45254,
        "y":14.134
      },
      "OutputPinColourInfo":[{"PinColour":0,"PinID":531080545},{"PinColour":0,"PinID":1887479322}],
      "InternalData":null
    },
    {
      "Name":"EDGE MSD",
      "ID":1979792666,
      "Label":"",
      "Position":{
        "x":-0.45254,
        "y":13.55083
      },
      "OutputPinColourInfo":[{"PinColour":0,"PinID":531080545},{"PinColour":0,"PinID":1887479322}],
      "InternalData":null
    },
    {
      "Name":"EDGE MSD",
      "ID":1705745238,
      "Label":"",
      "Position":{
        "x":-0.49574,
        "y":12.96765
      },
      "OutputPinColourInfo":[{"PinColour":0,"PinID":531080545},{"PinColour":0,"PinID":1887479322}],
      "InternalData":null
    },
    {
      "Name":"1-4BIT",
      "ID":1947841534,
      "Label":"",
      "Position":{
        "x":2.25813,
        "y":14.78197
      },
      "OutputPinColourInfo":[{"PinColour":0,"PinID":4}],
      "InternalData":null
    },
    {
      "Name":"1-4BIT",
      "ID":1687416471,
      "Label":"",
      "Position":{
        "x":2.19333,
        "y":13.11885
      },
      "OutputPinColourInfo":[{"PinColour":0,"PinID":4}],
      "InternalData":null
    }
  ],
  "Wires":[
    {
      "SourcePinAddress":{
        "PinID":0,
        "PinOwnerID":771252275
      },
      "TargetPinAddress":{
        "PinID":0,
        "PinOwnerID":1220139262
      },
      "ConnectionType":0,
      "ConnectedWireIndex":-1,
      "ConnectedWireSegmentIndex":-1,
      "Points":[{"x":0.0,"y":0.0},{"x":0.0,"y":0.0}]
    },
    {
      "SourcePinAddress":{
        "PinID":1,
        "PinOwnerID":1220139262
      },
      "TargetPinAddress":{
        "PinID":1342414851,
        "PinOwnerID":1843177915
      },
      "ConnectionType":0,
      "ConnectedWireIndex":-1,
      "ConnectedWireSegmentIndex":-1,
      "Points":[{"x":0.0,"y":0.0},{"x":0.0,"y":0.0}]
    },
    {
      "SourcePinAddress":{
        "PinID":2,
        "PinOwnerID":1220139262
      },
      "TargetPinAddress":{
        "PinID":1342414851,
        "PinOwnerID":703423289
      },
      "ConnectionType":0,
      "ConnectedWireIndex":-1,
      "ConnectedWireSegmentIndex":-1,
      "Points":[{"x":0.0,"y":0.0},{"x":0.0,"y":0.0}]
    },
    {
      "SourcePinAddress":{
        "PinID":3,
        "PinOwnerID":1220139262
      },
      "TargetPinAddress":{
        "PinID":1342414851,
        "PinOwnerID":1979792666
      },
      "ConnectionType":0,
      "ConnectedWireIndex":-1,
      "ConnectedWireSegmentIndex":-1,
      "Points":[{"x":0.0,"y":0.0},{"x":0.0,"y":0.0}]
    },
    {
      "SourcePinAddress":{
        "PinID":4,
        "PinOwnerID":1220139262
      },
      "TargetPinAddress":{
        "PinID":1342414851,
        "PinOwnerID":1705745238
      },
      "ConnectionType":0,
      "ConnectedWireIndex":-1,
      "ConnectedWireSegmentIndex":-1,
      "Points":[{"x":0.0,"y":0.0},{"x":0.0,"y":0.0}]
    },
    {
      "SourcePinAddress":{
        "PinID":0,
        "PinOwnerID":147504191
      },
      "TargetPinAddress":{
        "PinID":598233324,
        "PinOwnerID":1705745238
      },
      "ConnectionType":0,
      "ConnectedWireIndex":-1,
      "ConnectedWireSegmentIndex":-1,
      "Points":[{"x":0.0,"y":0.0},{"x":-1.67288,"y":15.14915},{"x":-1.67288,"y":13.09265},{"x":0.0,"y":0.0}]
    },
    {
      "SourcePinAddress":{
        "PinID":0,
        "PinOwnerID":147504191
      },
      "TargetPinAddress":{
        "PinID":598233324,
        "PinOwnerID":1979792666
      },
      "ConnectionType":1,
      "ConnectedWireIndex":5,
      "ConnectedWireSegmentIndex":1,
      "Points":[{"x":-1.67288,"y":13.67583},{"x":0.0,"y":0.0}]
    },
    {
      "SourcePinAddress":{
        "PinID":0,
        "PinOwnerID":147504191
      },
      "TargetPinAddress":{
        "PinID":598233324,
        "PinOwnerID":703423289
      },
      "ConnectionType":1,
      "ConnectedWireIndex":5,
      "ConnectedWireSegmentIndex":1,
      "Points":[{"x":-1.67288,"y":14.259},{"x":0.0,"y":0.0}]
    },
    {
      "SourcePinAddress":{
        "PinID":0,
        "PinOwnerID":147504191
      },
      "TargetPinAddress":{
        "PinID":598233324,
        "PinOwnerID":1843177915
      },
      "ConnectionType":1,
      "ConnectedWireIndex":5,
      "ConnectedWireSegmentIndex":1,
      "Points":[{"x":-1.67288,"y":14.82057},{"x":0.0,"y":0.0}]
    },
    {
      "SourcePinAddress":{
        "PinID":531080545,
        "PinOwnerID":1843177915
      },
      "TargetPinAddress":{
        "PinID":0,
        "PinOwnerID":1947841534
      },
      "ConnectionType":0,
      "ConnectedWireIndex":-1,
      "ConnectedWireSegmentIndex":-1,
      "Points":[{"x":0.0,"y":0.0},{"x":0.0,"y":0.0}]
    },
    {
      "SourcePinAddress":{
        "PinID":531080545,
        "PinOwnerID":703423289
      },
      "TargetPinAddress":{
        "PinID":1,
        "PinOwnerID":1947841534
      },
      "ConnectionType":0,
      "ConnectedWireIndex":-1,
      "ConnectedWireSegmentIndex":-1,
      "Points":[{"x":0.0,"y":0.0},{"x":0.0,"y":0.0}]
    },
    {
      "SourcePinAddress":{
        "PinID":531080545,
        "PinOwnerID":1979792666
      },
      "TargetPinAddress":{
        "PinID":2,
        "PinOwnerID":1947841534
      },
      "ConnectionType":0,
      "ConnectedWireIndex":-1,
      "ConnectedWireSegmentIndex":-1,
      "Points":[{"x":0.0,"y":0.0},{"x":0.0,"y":0.0}]
    },
    {
      "SourcePinAddress":{
        "PinID":531080545,
        "PinOwnerID":1705745238
      },
      "TargetPinAddress":{
        "PinID":3,
        "PinOwnerID":1947841534
      },
      "ConnectionType":0,
      "ConnectedWireIndex":-1,
      "ConnectedWireSegmentIndex":-1,
      "Points":[{"x":0.0,"y":0.0},{"x":0.0,"y":0.0}]
    },
    {
      "SourcePinAddress":{
        "PinID":1887479322,
        "PinOwnerID":1843177915
      },
      "TargetPinAddress":{
        "PinID":0,
        "PinOwnerID":1687416471
      },
      "ConnectionType":0,
      "ConnectedWireIndex":-1,
      "ConnectedWireSegmentIndex":-1,
      "Points":[{"x":0.0,"y":0.0},{"x":0.0,"y":0.0}]
    },
    {
      "SourcePinAddress":{
        "PinID":1887479322,
        "PinOwnerID":703423289
      },
      "TargetPinAddress":{
        "PinID":1,
        "PinOwnerID":1687416471
      },
      "ConnectionType":0,
      "ConnectedWireIndex":-1,
      "ConnectedWireSegmentIndex":-1,
      "Points":[{"x":0.0,"y":0.0},{"x":0.0,"y":0.0}]
    },
    {
      "SourcePinAddress":{
        "PinID":1887479322,
        "PinOwnerID":1979792666
      },
      "TargetPinAddress":{
        "PinID":2,
        "PinOwnerID":1687416471
      },
      "ConnectionType":0,
      "ConnectedWireIndex":-1,
      "ConnectedWireSegmentIndex":-1,
      "Points":[{"x":0.0,"y":0.0},{"x":0.0,"y":0.0}]
    },
    {
      "SourcePinAddress":{
        "PinID":1887479322,
        "PinOwnerID":1705745238
      },
      "TargetPinAddress":{
        "PinID":3,
        "PinOwnerID":1687416471
      },
      "ConnectionType":0,
      "ConnectedWireIndex":-1,
      "ConnectedWireSegmentIndex":-1,
      "Points":[{"x":0.0,"y":0.0},{"x":0.0,"y":0.0}]
    },
    {
      "SourcePinAddress":{
        "PinID":4,
        "PinOwnerID":1947841534
      },
      "TargetPinAddress":{
        "PinID":0,
        "PinOwnerID":946549638
      },
      "ConnectionType":0,
      "ConnectedWireIndex":-1,
      "ConnectedWireSegmentIndex":-1,
      "Points":[{"x":0.0,"y":0.0},{"x":0.0,"y":0.0}]
    },
    {
      "SourcePinAddress":{
        "PinID":4,
        "PinOwnerID":1687416471
      },
      "TargetPinAddress":{
        "PinID":0,
        "PinOwnerID":500538410
      },
      "ConnectionType":0,
      "ConnectedWireIndex":-1,
      "ConnectedWireSegmentIndex":-1,
      "Points":[{"x":0.0,"y":0.0},{"x":0.0,"y":0.0}]
    }
  ],
  "Displays": null
}