{
  "DLSVersion": "2.1.6",
  "Name": "EDGE-MSD-8",
  "NameLocation": 0,
  "ChipType": 0,
  "Size": {
    "x": 1.625,
    "y": 1.0
  },
  "Colour": {
    "r": 0.307944059,
    "g": 0.0101170354,
    "b": 0.1061754,
    "a": 1
  },
  "InputPins":[
    {
      "Name":"Clk",
      "ID":16909473,
      "Position":{
        "x":-4.15354,
        "y":4.32087
      },
      "BitCount":1,
      "Colour":0,
      "ValueDisplayMode":0
    },
    {
      "Name":"D",
      "ID":510471440,
      "Position":{
        "x":-6.39764,
        "y":1.25
      },
      "BitCount":8,
      "Colour":0,
      "ValueDisplayMode":0
    }
  ],
  "OutputPins":[
    {
      "Name":"Q",
      "ID":1457863638,
      "Position":{
        "x":4.50787,
        "y":2.95276
      },
      "BitCount":8,
      "Colour":0,
      "ValueDisplayMode":0
    },
    {
      "Name":"¬Q",
      "ID":1999242044,
      "Position":{
        "x":4.25197,
        "y":-1.10236
      },
      "BitCount":8,
      "Colour":0,
      "ValueDisplayMode":0
    }
  ],
  "SubChips":[
    {
      "Name":"8-1BIT",
      "ID":348518739,
      "Label":"",
      "Position":{
        "x":-4.22244,
        "y":1.23031
      },
      "OutputPinColourInfo":[{"PinColour":0,"PinID":1},{"PinColour":0,"PinID":2},{"PinColour":0,"PinID":3},{"PinColour":0,"PinID":4},{"PinColour":0,"PinID":5},{"PinColour":0,"PinID":6},{"PinColour":0,"PinID":7},{"PinColour":0,"PinID":8}],
      "InternalData":null
    },
    {
      "Name":"1-8BIT",
      "ID":1177111342,
      "Label":"",
      "Position":{
        "x":1.98819,
        "y":2.97244
      },
      "OutputPinColourInfo":[{"PinColour":0,"PinID":8}],
      "InternalData":null
    },
    {
      "Name":"1-8BIT",
      "ID":1014919525,
      "Label":"",
      "Position":{
        "x":1.90945,
        "y":-1.09252
      },
      "OutputPinColourInfo":[{"PinColour":0,"PinID":8}],
      "InternalData":null
    },
    {
      "Name":"EDGE MSD",
      "ID":1807122832,
      "Label":"",
      "Position":{
        "x":-1.10333,
        "y":3.2518
      },
      "OutputPinColourInfo":[{"PinColour":0,"PinID":531080545},{"PinColour":0,"PinID":1887479322}],
      "InternalData":null
    },
    {
      "Name":"EDGE MSD",
      "ID":1021907083,
      "Label":"",
      "Position":{
        "x":-1.11329,
        "y":2.69426
      },
      "OutputPinColourInfo":[{"PinColour":0,"PinID":531080545},{"PinColour":0,"PinID":1887479322}],
      "InternalData":null
    },
    {
      "Name":"EDGE MSD",
      "ID":234053952,
      "Label":"",
      "Position":{
        "x":-1.1332,
        "y":2.08694
      },
      "OutputPinColourInfo":[{"PinColour":0,"PinID":531080545},{"PinColour":0,"PinID":1887479322}],
      "InternalData":null
    },
    {
      "Name":"EDGE MSD",
      "ID":376554129,
      "Label":"",
      "Position":{
        "x":-1.14315,
        "y":1.52941
      },
      "OutputPinColourInfo":[{"PinColour":0,"PinID":531080545},{"PinColour":0,"PinID":1887479322}],
      "InternalData":null
    },
    {
      "Name":"EDGE MSD",
      "ID":601346406,
      "Label":"",
      "Position":{
        "x":-1.1332,
        "y":0.92209
      },
      "OutputPinColourInfo":[{"PinColour":0,"PinID":531080545},{"PinColour":0,"PinID":1887479322}],
      "InternalData":null
    },
    {
      "Name":"EDGE MSD",
      "ID":1750027121,
      "Label":"",
      "Position":{
        "x":-1.11329,
        "y":0.34464
      },
      "OutputPinColourInfo":[{"PinColour":0,"PinID":531080545},{"PinColour":0,"PinID":1887479322}],
      "InternalData":null
    },
    {
      "Name":"EDGE MSD",
      "ID":1288644849,
      "Label":"",
      "Position":{
        "x":-1.15311,
        "y":-0.25272
      },
      "OutputPinColourInfo":[{"PinColour":0,"PinID":531080545},{"PinColour":0,"PinID":1887479322}],
      "InternalData":null
    },
    {
      "Name":"EDGE MSD",
      "ID":930922926,
      "Label":"",
      "Position":{
        "x":-1.10333,
        "y":-0.86004
      },
      "OutputPinColourInfo":[{"PinColour":0,"PinID":531080545},{"PinColour":0,"PinID":1887479322}],
      "InternalData":null
    }
  ],
  "Wires":[
    {
      "SourcePinAddress":{
        "PinID":0,
        "PinOwnerID":510471440
      },
      "TargetPinAddress":{
        "PinID":0,
        "PinOwnerID":348518739
      },
      "ConnectionType":0,
      "ConnectedWireIndex":-1,
      "ConnectedWireSegmentIndex":-1,
      "Points":[{"x":0.0,"y":0.0},{"x":0.0,"y":0.0}]
    },
    {
      "SourcePinAddress":{
        "PinID":8,
        "PinOwnerID":1177111342
      },
      "TargetPinAddress":{
        "PinID":0,
        "PinOwnerID":1457863638
      },
      "ConnectionType":0,
      "ConnectedWireIndex":-1,
      "ConnectedWireSegmentIndex":-1,
      "Points":[{"x":0.0,"y":0.0},{"x":0.0,"y":0.0}]
    },
    {
      "SourcePinAddress":{
        "PinID":8,
        "PinOwnerID":1014919525
      },
      "TargetPinAddress":{
        "PinID":0,
        "PinOwnerID":1999242044
      },
      "ConnectionType":0,
      "ConnectedWireIndex":-1,
      "ConnectedWireSegmentIndex":-1,
      "Points":[{"x":0.0,"y":0.0},{"x":0.0,"y":0.0}]
    },
    {
      "SourcePinAddress":{
        "PinID":1,
        "PinOwnerID":348518739
      },
      "TargetPinAddress":{
        "PinID":1342414851,
        "PinOwnerID":1807122832
      },
      "ConnectionType":0,
      "ConnectedWireIndex":-1,
      "ConnectedWireSegmentIndex":-1,
      "Points":[{"x":0.0,"y":0.0},{"x":0.0,"y":0.0}]
    },
    {
      "SourcePinAddress":{
        "PinID":2,
        "PinOwnerID":348518739
      },
      "TargetPinAddress":{
        "PinID":1342414851,
        "PinOwnerID":1021907083
      },
      "ConnectionType":0,
      "ConnectedWireIndex":-1,
      "ConnectedWireSegmentIndex":-1,
      "Points":[{"x":0.0,"y":0.0},{"x":0.0,"y":0.0}]
    },
    {
      "SourcePinAddress":{
        "PinID":3,
        "PinOwnerID":348518739
      },
      "TargetPinAddress":{
        "PinID":1342414851,
        "PinOwnerID":234053952
      },
      "ConnectionType":0,
      "ConnectedWireIndex":-1,
      "ConnectedWireSegmentIndex":-1,
      "Points":[{"x":0.0,"y":0.0},{"x":0.0,"y":0.0}]
    },
    {
      "SourcePinAddress":{
        "PinID":4,
        "PinOwnerID":348518739
      },
      "TargetPinAddress":{
        "PinID":1342414851,
        "PinOwnerID":376554129
      },
      "ConnectionType":0,
      "ConnectedWireIndex":-1,
      "ConnectedWireSegmentIndex":-1,
      "Points":[{"x":0.0,"y":0.0},{"x":0.0,"y":0.0}]
    },
    {
      "SourcePinAddress":{
        "PinID":5,
        "PinOwnerID":348518739
      },
      "TargetPinAddress":{
        "PinID":1342414851,
        "PinOwnerID":601346406
      },
      "ConnectionType":0,
      "ConnectedWireIndex":-1,
      "ConnectedWireSegmentIndex":-1,
      "Points":[{"x":0.0,"y":0.0},{"x":0.0,"y":0.0}]
    },
    {
      "SourcePinAddress":{
        "PinID":6,
        "PinOwnerID":348518739
      },
      "TargetPinAddress":{
        "PinID":1342414851,
        "PinOwnerID":1750027121
      },
      "ConnectionType":0,
      "ConnectedWireIndex":-1,
      "ConnectedWireSegmentIndex":-1,
      "Points":[{"x":0.0,"y":0.0},{"x":0.0,"y":0.0}]
    },
    {
      "SourcePinAddress":{
        "PinID":7,
        "PinOwnerID":348518739
      },
      "TargetPinAddress":{
        "PinID":1342414851,
        "PinOwnerID":1288644849
      },
      "ConnectionType":0,
      "ConnectedWireIndex":-1,
      "ConnectedWireSegmentIndex":-1,
      "Points":[{"x":0.0,"y":0.0},{"x":0.0,"y":0.0}]
    },
    {
      "SourcePinAddress":{
        "PinID":8,
        "PinOwnerID":348518739
      },
      "TargetPinAddress":{
        "PinID":1342414851,
        "PinOwnerID":930922926
      },
      "ConnectionType":0,
      "ConnectedWireIndex":-1,
      "ConnectedWireSegmentIndex":-1,
      "Points":[{"x":0.0,"y":0.0},{"x":0.0,"y":0.0}]
    },
    {
      "SourcePinAddress":{
        "PinID":0,
        "PinOwnerID":16909473
      },
      "TargetPinAddress":{
        "PinID":598233324,
        "PinOwnerID":930922926
      },
      "ConnectionType":0,
      "ConnectedWireIndex":-1,
      "ConnectedWireSegmentIndex":-1,
      "Points":[{"x":0.0,"y":0.0},{"x":-2.44739,"y":4.32087},{"x":-2.44739,"y":-0.77044},{"x":0.0,"y":0.0}]
    },
    {
      "SourcePinAddress":{
        "PinID":0,
        "PinOwnerID":16909473
      },
      "TargetPinAddress":{
        "PinID":598233324,
        "PinOwnerID":1288644849
      },
      "ConnectionType":1,
      "ConnectedWireIndex":11,
      "ConnectedWireSegmentIndex":1,
      "Points":[{"x":-2.44739,"y":-0.12772},{"x":0.0,"y":0.0}]
    },
    {
      "SourcePinAddress":{
        "PinID":0,
        "PinOwnerID":16909473
      },
      "TargetPinAddress":{
        "PinID":598233324,
        "PinOwnerID":1750027121
      },
      "ConnectionType":1,
      "ConnectedWireIndex":11,
      "ConnectedWireSegmentIndex":1,
      "Points":[{"x":-2.44739,"y":0.46964},{"x":0.0,"y":0.0}]
    },
    {
      "SourcePinAddress":{
        "PinID":0,
        "PinOwnerID":16909473
      },
      "TargetPinAddress":{
        "PinID":598233324,
        "PinOwnerID":601346406
      },
      "ConnectionType":1,
      "ConnectedWireIndex":11,
      "ConnectedWireSegmentIndex":1,
      "Points":[{"x":-2.44739,"y":1.04709},{"x":-2.3777,"y":1.04709},{"x":0.0,"y":0.0}]
    },
    {
      "SourcePinAddress":{
        "PinID":0,
        "PinOwnerID":16909473
      },
      "TargetPinAddress":{
        "PinID":598233324,
        "PinOwnerID":376554129
      },
      "ConnectionType":1,
      "ConnectedWireIndex":11,
      "ConnectedWireSegmentIndex":1,
      "Points":[{"x":-2.44739,"y":1.65441},{"x":0.0,"y":0.0}]
    },
    {
      "SourcePinAddress":{
        "PinID":0,
        "PinOwnerID":16909473
      },
      "TargetPinAddress":{
        "PinID":598233324,
        "PinOwnerID":234053952
      },
      "ConnectionType":1,
      "ConnectedWireIndex":11,
      "ConnectedWireSegmentIndex":1,
      "Points":[{"x":-2.44739,"y":2.21194},{"x":0.0,"y":0.0}]
    },
    {
      "SourcePinAddress":{
        "PinID":0,
        "PinOwnerID":16909473
      },
      "TargetPinAddress":{
        "PinID":598233324,
        "PinOwnerID":1021907083
      },
      "ConnectionType":1,
      "ConnectedWireIndex":11,
      "ConnectedWireSegmentIndex":1,
      "Points":[{"x":-2.44739,"y":2.81926},{"x":0.0,"y":0.0}]
    },
    {
      "SourcePinAddress":{
        "PinID":0,
        "PinOwnerID":16909473
      },
      "TargetPinAddress":{
        "PinID":598233324,
        "PinOwnerID":1807122832
      },
      "ConnectionType":1,
      "ConnectedWireIndex":11,
      "ConnectedWireSegmentIndex":1,
      "Points":[{"x":-2.44739,"y":3.3768},{"x":0.0,"y":0.0}]
    },
    {
      "SourcePinAddress":{
        "PinID":531080545,
        "PinOwnerID":1807122832
      },
      "TargetPinAddress":{
        "PinID":0,
        "PinOwnerID":1177111342
      },
      "ConnectionType":0,
      "ConnectedWireIndex":-1,
      "ConnectedWireSegmentIndex":-1,
      "Points":[{"x":0.0,"y":0.0},{"x":0.0,"y":0.0}]
    },
    {
      "SourcePinAddress":{
        "PinID":531080545,
        "PinOwnerID":1021907083
      },
      "TargetPinAddress":{
        "PinID":1,
        "PinOwnerID":1177111342
      },
      "ConnectionType":0,
      "ConnectedWireIndex":-1,
      "ConnectedWireSegmentIndex":-1,
      "Points":[{"x":0.0,"y":0.0},{"x":0.0,"y":0.0}]
    },
    {
      "SourcePinAddress":{
        "PinID":531080545,
        "PinOwnerID":234053952
      },
      "TargetPinAddress":{
        "PinID":2,
        "PinOwnerID":1177111342
      },
      "ConnectionType":0,
      "ConnectedWireIndex":-1,
      "ConnectedWireSegmentIndex":-1,
      "Points":[{"x":0.0,"y":0.0},{"x":0.0,"y":0.0}]
    },
    {
      "SourcePinAddress":{
        "PinID":531080545,
        "PinOwnerID":376554129
      },
      "TargetPinAddress":{
        "PinID":3,
        "PinOwnerID":1177111342
      },
      "ConnectionType":0,
      "ConnectedWireIndex":-1,
      "ConnectedWireSegmentIndex":-1,
      "Points":[{"x":0.0,"y":0.0},{"x":0.0,"y":0.0}]
    },
    {
      "SourcePinAddress":{
        "PinID":531080545,
        "PinOwnerID":601346406
      },
      "TargetPinAddress":{
        "PinID":4,
        "PinOwnerID":1177111342
      },
      "ConnectionType":0,
      "ConnectedWireIndex":-1,
      "ConnectedWireSegmentIndex":-1,
      "Points":[{"x":0.0,"y":0.0},{"x":0.0,"y":0.0}]
    },
    {
      "SourcePinAddress":{
        "PinID":531080545,
        "PinOwnerID":1750027121
      },
      "TargetPinAddress":{
        "PinID":5,
        "PinOwnerID":1177111342
      },
      "ConnectionType":0,
      "ConnectedWireIndex":-1,
      "ConnectedWireSegmentIndex":-1,
      "Points":[{"x":0.0,"y":0.0},{"x":0.0,"y":0.0}]
    },
    {
      "SourcePinAddress":{
        "PinID":531080545,
        "PinOwnerID":1288644849
      },
      "TargetPinAddress":{
        "PinID":6,
        "PinOwnerID":1177111342
      },
      "ConnectionType":0,
      "ConnectedWireIndex":-1,
      "ConnectedWireSegmentIndex":-1,
      "Points":[{"x":0.0,"y":0.0},{"x":0.0,"y":0.0}]
    },
    {
      "SourcePinAddress":{
        "PinID":531080545,
        "PinOwnerID":930922926
      },
      "TargetPinAddress":{
        "PinID":7,
        "PinOwnerID":1177111342
      },
      "ConnectionType":0,
      "ConnectedWireIndex":-1,
      "ConnectedWireSegmentIndex":-1,
      "Points":[{"x":0.0,"y":0.0},{"x":0.0,"y":0.0}]
    },
    {
      "SourcePinAddress":{
        "PinID":1887479322,
        "PinOwnerID":1807122832
      },
      "TargetPinAddress":{
        "PinID":0,
        "PinOwnerID":1014919525
      },
      "ConnectionType":0,
      "ConnectedWireIndex":-1,
      "ConnectedWireSegmentIndex":-1,
      "Points":[{"x":0.0,"y":0.0},{"x":0.0,"y":0.0}]
    },
    {
      "SourcePinAddress":{
        "PinID":1887479322,
        "PinOwnerID":1021907083
      },
      "TargetPinAddress":{
        "PinID":1,
        "PinOwnerID":1014919525
      },
      "ConnectionType":0,
      "ConnectedWireIndex":-1,
      "ConnectedWireSegmentIndex":-1,
      "Points":[{"x":0.0,"y":0.0},{"x":0.0,"y":0.0}]
    },
    {
      "SourcePinAddress":{
        "PinID":1887479322,
        "PinOwnerID":234053952
      },
      "TargetPinAddress":{
        "PinID":2,
        "PinOwnerID":1014919525
      },
      "ConnectionType":0,
      "ConnectedWireIndex":-1,
      "ConnectedWireSegmentIndex":-1,
      "Points":[{"x":0.0,"y":0.0},{"x":0.0,"y":0.0}]
    },
    {
      "SourcePinAddress":{
        "PinID":1887479322,
        "PinOwnerID":376554129
      },
      "TargetPinAddress":{
        "PinID":3,
        "PinOwnerID":1014919525
      },
      "ConnectionType":0,
      "ConnectedWireIndex":-1,
      "ConnectedWireSegmentIndex":-1,
      "Points":[{"x":0.0,"y":0.0},{"x":0.0,"y":0.0}]
    },
    {
      "SourcePinAddress":{
        "PinID":1887479322,
        "PinOwnerID":601346406
      },
      "TargetPinAddress":{
        "PinID":4,
        "PinOwnerID":1014919525
      },
      "ConnectionType":0,
      "ConnectedWireIndex":-1,
      "ConnectedWireSegmentIndex":-1,
      "Points":[{"x":0.0,"y":0.0},{"x":0.0,"y":0.0}]
    },
    {
      "SourcePinAddress":{
        "PinID":1887479322,
        "PinOwnerID":1750027121
      },
      "TargetPinAddress":{
        "PinID":5,
        "PinOwnerID":1014919525
      },
      "ConnectionType":0,
      "ConnectedWireIndex":-1,
      "ConnectedWireSegmentIndex":-1,
      "Points":[{"x":0.0,"y":0.0},{"x":0.0,"y":0.0}]
    },
    {
      "SourcePinAddress":{
        "PinID":1887479322,
        "PinOwnerID":1288644849
      },
      "TargetPinAddress":{
        "PinID":6,
        "PinOwnerID":1014919525
      },
      "ConnectionType":0,
      "ConnectedWireIndex":-1,
      "ConnectedWireSegmentIndex":-1,
      "Points":[{"x":0.0,"y":0.0},{"x":0.0,"y":0.0}]
    },
    {
      "SourcePinAddress":{
        "PinID":1887479322,
        "PinOwnerID":930922926
      },
      "TargetPinAddress":{
        "PinID":7,
        "PinOwnerID":1014919525
      },
      "ConnectionType":0,
      "ConnectedWireIndex":-1,
      "ConnectedWireSegmentIndex":-1,
      "Points":[{"x":0.0,"y":0.0},{"x":0.0,"y":0.0}]
    }
  ],
  "Displays": null
}