{
  "DLSVersion": "2.1.6",
  "Name": "Fast divider module",
  "NameLocation": 0,
  "ChipType": 0,
  "Size": {
    "x": 2.0,
    "y": 1.25
  },
  "Colour": {
    "r": 0.805338,
    "g": 0.656962633,
    "b": 0.8637324,
    "a": 1
  },
  "InputPins":[
    {
      "Name":"Enable",
      "ID":419892532,
      "Position":{
        "x":2.30559,
        "y":-5.16141
      },
      "BitCount":1,
      "Colour":0,
      "ValueDisplayMode":0
    },
    {
      "Name":"XOR'd B",
      "ID":1704564384,
      "Position":{
        "x":2.1812,
        "y":-6.07603
      },
      "BitCount":8,
      "Colour":0,
      "ValueDisplayMode":0
    },
    {
      "Name":"A",
      "ID":1624553521,
      "Position":{
        "x":2.12266,
        "y":-6.96139
      },
      "BitCount":8,
      "Colour":0,
      "ValueDisplayMode":0
    }
  ],
  "OutputPins":[
    {
      "Name":"Digit",
      "ID":490485232,
      "Position":{
        "x":12.32989,
        "y":-5.85652
      },
      "BitCount":1,
      "Colour":0,
      "ValueDisplayMode":0
    },
    {
      "Name":"Remainder",
      "ID":1354645092,
      "Position":{
        "x":12.60794,
        "y":-7.00529
      },
      "BitCount":8,
      "Colour":0,
      "ValueDisplayMode":0
    }
  ],
  "SubChips":[
    {
      "Name":"ADD-8",
      "ID":1500552656,
      "Label":"",
      "Position":{
        "x":6.8373,
        "y":-7.89587
      },
      "OutputPinColourInfo":[{"PinColour":0,"PinID":1356732077},{"PinColour":0,"PinID":624498342}],
      "InternalData":null
    },
    {
      "Name":"HI",
      "ID":1416530353,
      "Label":"",
      "Position":{
        "x":5.39928,
        "y":-8.69137
      },
      "OutputPinColourInfo":[{"PinColour":0,"PinID":1575616495}],
      "InternalData":null
    },
    {
      "Name":"SELECT-8",
      "ID":1155706106,
      "Label":"",
      "Position":{
        "x":10.0543,
        "y":-7.07846
      },
      "OutputPinColourInfo":[{"PinColour":0,"PinID":131740421}],
      "InternalData":null
    },
    {
      "Name":"AND",
      "ID":2102028801,
      "Label":"",
      "Position":{
        "x":8.58358,
        "y":-6.36871
      },
      "OutputPinColourInfo":[{"PinColour":0,"PinID":406217789}],
      "InternalData":null
    }
  ],
  "Wires":[
    {
      "SourcePinAddress":{
        "PinID":1575616495,
        "PinOwnerID":1416530353
      },
      "TargetPinAddress":{
        "PinID":1466516582,
        "PinOwnerID":1500552656
      },
      "ConnectionType":0,
      "ConnectedWireIndex":-1,
      "ConnectedWireSegmentIndex":-1,
      "Points":[{"x":0.0,"y":0.0},{"x":0.0,"y":0.0}]
    },
    {
      "SourcePinAddress":{
        "PinID":0,
        "PinOwnerID":1624553521
      },
      "TargetPinAddress":{
        "PinID":640716495,
        "PinOwnerID":1155706106
      },
      "ConnectionType":0,
      "ConnectedWireIndex":-1,
      "ConnectedWireSegmentIndex":-1,
      "Points":[{"x":0.0,"y":0.0},{"x":0.0,"y":0.0}]
    },
    {
      "SourcePinAddress":{
        "PinID":1356732077,
        "PinOwnerID":1500552656
      },
      "TargetPinAddress":{
        "PinID":1351959728,
        "PinOwnerID":2102028801
      },
      "ConnectionType":0,
      "ConnectedWireIndex":-1,
      "ConnectedWireSegmentIndex":-1,
      "Points":[{"x":0.0,"y":0.0},{"x":0.0,"y":0.0}]
    },
    {
      "SourcePinAddress":{
        "PinID":0,
        "PinOwnerID":419892532
      },
      "TargetPinAddress":{
        "PinID":1792892232,
        "PinOwnerID":2102028801
      },
      "ConnectionType":0,
      "ConnectedWireIndex":-1,
      "ConnectedWireSegmentIndex":-1,
      "Points":[{"x":0.0,"y":0.0},{"x":0.0,"y":0.0}]
    },
    {
      "SourcePinAddress":{
        "PinID":0,
        "PinOwnerID":1624553521
      },
      "TargetPinAddress":{
        "PinID":323717979,
        "PinOwnerID":1500552656
      },
      "ConnectionType":1,
      "ConnectedWireIndex":1,
      "ConnectedWireSegmentIndex":0,
      "Points":[{"x":5.86159,"y":-6.95801},{"x":5.86159,"y":-7.54675},{"x":0.0,"y":0.0}]
    },
    {
      "SourcePinAddress":{
        "PinID":0,
        "PinOwnerID":1704564384
      },
      "TargetPinAddress":{
        "PinID":1424414258,
        "PinOwnerID":1500552656
      },
      "ConnectionType":0,
      "ConnectedWireIndex":-1,
      "ConnectedWireSegmentIndex":-1,
      "Points":[{"x":0.0,"y":0.0},{"x":5.23239,"y":-6.15652},{"x":5.23239,"y":-8.03699},{"x":0.0,"y":0.0}]
    },
    {
      "SourcePinAddress":{
        "PinID":624498342,
        "PinOwnerID":1500552656
      },
      "TargetPinAddress":{
        "PinID":461953242,
        "PinOwnerID":1155706106
      },
      "ConnectionType":0,
      "ConnectedWireIndex":-1,
      "ConnectedWireSegmentIndex":-1,
      "Points":[{"x":0.0,"y":0.0},{"x":0.0,"y":0.0}]
    },
    {
      "SourcePinAddress":{
        "PinID":406217789,
        "PinOwnerID":2102028801
      },
      "TargetPinAddress":{
        "PinID":521620496,
        "PinOwnerID":1155706106
      },
      "ConnectionType":0,
      "ConnectedWireIndex":-1,
      "ConnectedWireSegmentIndex":-1,
      "Points":[{"x":0.0,"y":0.0},{"x":0.0,"y":0.0}]
    },
    {
      "SourcePinAddress":{
        "PinID":406217789,
        "PinOwnerID":2102028801
      },
      "TargetPinAddress":{
        "PinID":0,
        "PinOwnerID":490485232
      },
      "ConnectionType":0,
      "ConnectedWireIndex":-1,
      "ConnectedWireSegmentIndex":-1,
      "Points":[{"x":0.0,"y":0.0},{"x":0.0,"y":0.0}]
    },
    {
      "SourcePinAddress":{
        "PinID":131740421,
        "PinOwnerID":1155706106
      },
      "TargetPinAddress":{
        "PinID":0,
        "PinOwnerID":1354645092
      },
      "ConnectionType":0,
      "ConnectedWireIndex":-1,
      "ConnectedWireSegmentIndex":-1,
      "Points":[{"x":0.0,"y":0.0},{"x":0.0,"y":0.0}]
    }
  ],
  "Displays":[]
}