{
  "DLSVersion": "2.1.6",
  "Name": "FAST MSD",
  "NameLocation": 0,
  "ChipType": 0,
  "Size": {
    "x": 1.1,
    "y": 1.0
  },
  "Colour": {
    "r": 0.9300904,
    "g": 0.168894634,
    "b": 0.6168533,
    "a": 1
  },
  "InputPins":[
    {
      "Name":"Clk",
      "ID":598233324,
      "Position":{
        "x":-4.58661,
        "y":1.9685
      },
      "BitCount":1,
      "Colour":0,
      "ValueDisplayMode":0
    },
    {
      "Name":"D",
      "ID":1342414851,
      "Position":{
        "x":-4.57677,
        "y":0.88583
      },
      "BitCount":1,
      "Colour":0,
      "ValueDisplayMode":0
    }
  ],
  "OutputPins":[
    {
      "Name":"Q",
      "ID":531080545,
      "Position":{
        "x":2.38189,
        "y":1.87992
      },
      "BitCount":1,
      "Colour":0,
      "ValueDisplayMode":0
    },
    {
      "Name":"¬Q",
      "ID":1887479322,
      "Position":{
        "x":2.35236,
        "y":0.96457
      },
      "BitCount":1,
      "Colour":0,
      "ValueDisplayMode":0
    },
    {
      "Name":"FAST Q",
      "ID":276838383,
      "Position":{
        "x":2.33446,
        "y":0.12668
      },
      "BitCount":1,
      "Colour":0,
      "ValueDisplayMode":0
    },
    {
      "Name":"FAST ¬Q",
      "ID":581113110,
      "Position":{
        "x":2.33446,
        "y":-0.72068
      },
      "BitCount":1,
      "Colour":0,
      "ValueDisplayMode":0
    }
  ],
  "SubChips":[
    {
      "Name":"D",
      "ID":464116717,
      "Label":"",
      "Position":{
        "x":-1.99803,
        "y":1.01378
      },
      "OutputPinColourInfo":[{"PinColour":0,"PinID":1238886176},{"PinColour":0,"PinID":1829162958}],
      "InternalData":null
    },
    {
      "Name":"D",
      "ID":796316199,
      "Label":"",
      "Position":{
        "x":0.18701,
        "y":1.26969
      },
      "OutputPinColourInfo":[{"PinColour":0,"PinID":1238886176},{"PinColour":0,"PinID":1829162958}],
      "InternalData":null
    },
    {
      "Name":"NOT",
      "ID":1139461168,
      "Label":"",
      "Position":{
        "x":-1.87992,
        "y":1.92913
      },
      "OutputPinColourInfo":[{"PinColour":0,"PinID":892159555}],
      "InternalData":null
    }
  ],
  "Wires":[
    {
      "SourcePinAddress":{
        "PinID":1238886176,
        "PinOwnerID":464116717
      },
      "TargetPinAddress":{
        "PinID":1138845758,
        "PinOwnerID":796316199
      },
      "ConnectionType":0,
      "ConnectedWireIndex":-1,
      "ConnectedWireSegmentIndex":-1,
      "Points":[{"x":0.0,"y":0.0},{"x":0.0,"y":0.0}]
    },
    {
      "SourcePinAddress":{
        "PinID":0,
        "PinOwnerID":1342414851
      },
      "TargetPinAddress":{
        "PinID":1138845758,
        "PinOwnerID":464116717
      },
      "ConnectionType":0,
      "ConnectedWireIndex":-1,
      "ConnectedWireSegmentIndex":-1,
      "Points":[{"x":0.0,"y":0.0},{"x":0.0,"y":0.0}]
    },
    {
      "SourcePinAddress":{
        "PinID":0,
        "PinOwnerID":598233324
      },
      "TargetPinAddress":{
        "PinID":439186278,
        "PinOwnerID":464116717
      },
      "ConnectionType":0,
      "ConnectedWireIndex":-1,
      "ConnectedWireSegmentIndex":-1,
      "Points":[{"x":0.0,"y":0.0},{"x":-3.02165,"y":1.9685},{"x":-3.02165,"y":1.15157},{"x":0.0,"y":0.0}]
    },
    {
      "SourcePinAddress":{
        "PinID":0,
        "PinOwnerID":598233324
      },
      "TargetPinAddress":{
        "PinID":113608822,
        "PinOwnerID":1139461168
      },
      "ConnectionType":1,
      "ConnectedWireIndex":2,
      "ConnectedWireSegmentIndex":1,
      "Points":[{"x":-3.02165,"y":1.95866},{"x":0.0,"y":0.0}]
    },
    {
      "SourcePinAddress":{
        "PinID":892159555,
        "PinOwnerID":1139461168
      },
      "TargetPinAddress":{
        "PinID":439186278,
        "PinOwnerID":796316199
      },
      "ConnectionType":0,
      "ConnectedWireIndex":-1,
      "ConnectedWireSegmentIndex":-1,
      "Points":[{"x":0.0,"y":0.0},{"x":-0.84646,"y":1.92913},{"x":-0.84646,"y":1.39764},{"x":0.0,"y":0.0}]
    },
    {
      "SourcePinAddress":{
        "PinID":1238886176,
        "PinOwnerID":796316199
      },
      "TargetPinAddress":{
        "PinID":0,
        "PinOwnerID":531080545
      },
      "ConnectionType":0,
      "ConnectedWireIndex":-1,
      "ConnectedWireSegmentIndex":-1,
      "Points":[{"x":0.0,"y":0.0},{"x":0.0,"y":0.0}]
    },
    {
      "SourcePinAddress":{
        "PinID":1829162958,
        "PinOwnerID":796316199
      },
      "TargetPinAddress":{
        "PinID":0,
        "PinOwnerID":1887479322
      },
      "ConnectionType":0,
      "ConnectedWireIndex":-1,
      "ConnectedWireSegmentIndex":-1,
      "Points":[{"x":0.0,"y":0.0},{"x":0.0,"y":0.0}]
    },
    {
      "SourcePinAddress":{
        "PinID":1829162958,
        "PinOwnerID":464116717
      },
      "TargetPinAddress":{
        "PinID":0,
        "PinOwnerID":581113110
      },
      "ConnectionType":0,
      "ConnectedWireIndex":-1,
      "ConnectedWireSegmentIndex":-1,
      "Points":[{"x":0.0,"y":0.0},{"x":-0.83151,"y":0.88878},{"x":-0.83151,"y":-0.74862},{"x":0.0,"y":0.0}]
    },
    {
      "SourcePinAddress":{
        "PinID":1238886176,
        "PinOwnerID":464116717
      },
      "TargetPinAddress":{
        "PinID":0,
        "PinOwnerID":276838383
      },
      "ConnectionType":1,
      "ConnectedWireIndex":0,
      "ConnectedWireSegmentIndex":0,
      "Points":[{"x":-0.43121,"y":1.14339},{"x":-0.43121,"y":0.1453},{"x":0.0,"y":0.0}]
    }
  ],
  "Displays": null
}