{
  "DLSVersion": "2.1.6",
  "Name": "Fast Multiplier",
  "NameLocation": 0,
  "ChipType": 0,
  "Size": {
    "x": 1.625,
    "y": 1.0
  },
  "Colour": {
    "r": 0.320406437,
    "g": 0.22439158,
    "b": 0.240034789,
    "a": 1
  },
  "InputPins":[
    {
      "Name":"IN",
      "ID":1381845786,
      "Position":{
        "x":-7.66378,
        "y":-2.03227
      },
      "BitCount":8,
      "Colour":0,
      "ValueDisplayMode":2
    },
    {
      "Name":"IN",
      "ID":100884621,
      "Position":{
        "x":-7.98754,
        "y":-5.3517
      },
      "BitCount":8,
      "Colour":0,
      "ValueDisplayMode":2
    }
  ],
  "OutputPins":[
    {
      "Name":"OUT",
      "ID":1802328222,
      "Position":{
        "x":9.64969,
        "y":-6.60742
      },
      "BitCount":8,
      "Colour":0,
      "ValueDisplayMode":2
    }
  ],
  "SubChips":[
    {
      "Name":"LSHIFTx8",
      "ID":941986088,
      "Label":"",
      "Position":{
        "x":-4.53136,
        "y":-5.3386
      },
      "OutputPinColourInfo":[{"PinColour":0,"PinID":376139185},{"PinColour":0,"PinID":3406967},{"PinColour":0,"PinID":1620364287},{"PinColour":0,"PinID":1813149800},{"PinColour":0,"PinID":705903319},{"PinColour":0,"PinID":215214252},{"PinColour":0,"PinID":1012903011},{"PinColour":0,"PinID":2051020537}],
      "InternalData":null
    },
    {
      "Name":"GATE-8",
      "ID":90393539,
      "Label":"",
      "Position":{
        "x":0.25898,
        "y":-2.48585
      },
      "OutputPinColourInfo":[{"PinColour":0,"PinID":817989800}],
      "InternalData":null
    },
    {
      "Name":"GATE-8",
      "ID":1273712738,
      "Label":"",
      "Position":{
        "x":0.27435,
        "y":-3.34659
      },
      "OutputPinColourInfo":[{"PinColour":0,"PinID":817989800}],
      "InternalData":null
    },
    {
      "Name":"GATE-8",
      "ID":287397659,
      "Label":"",
      "Position":{
        "x":0.24361,
        "y":-4.16122
      },
      "OutputPinColourInfo":[{"PinColour":0,"PinID":817989800}],
      "InternalData":null
    },
    {
      "Name":"GATE-8",
      "ID":1971189753,
      "Label":"",
      "Position":{
        "x":0.27435,
        "y":-5.00659
      },
      "OutputPinColourInfo":[{"PinColour":0,"PinID":817989800}],
      "InternalData":null
    },
    {
      "Name":"GATE-8",
      "ID":1536172764,
      "Label":"",
      "Position":{
        "x":0.3051,
        "y":-5.83659
      },
      "OutputPinColourInfo":[{"PinColour":0,"PinID":817989800}],
      "InternalData":null
    },
    {
      "Name":"GATE-8",
      "ID":1649666423,
      "Label":"",
      "Position":{
        "x":0.33812,
        "y":-6.65993
      },
      "OutputPinColourInfo":[{"PinColour":0,"PinID":817989800}],
      "InternalData":null
    },
    {
      "Name":"GATE-8",
      "ID":922592909,
      "Label":"",
      "Position":{
        "x":0.35529,
        "y":-7.48367
      },
      "OutputPinColourInfo":[{"PinColour":0,"PinID":817989800}],
      "InternalData":null
    },
    {
      "Name":"GATE-8",
      "ID":1323000299,
      "Label":"",
      "Position":{
        "x":0.35529,
        "y":-8.32457
      },
      "OutputPinColourInfo":[{"PinColour":0,"PinID":817989800}],
      "InternalData":null
    },
    {
      "Name":"8-1BIT",
      "ID":253096140,
      "Label":"",
      "Position":{
        "x":-4.50136,
        "y":-2.04354
      },
      "OutputPinColourInfo":[{"PinColour":0,"PinID":1},{"PinColour":0,"PinID":2},{"PinColour":0,"PinID":3},{"PinColour":0,"PinID":4},{"PinColour":0,"PinID":5},{"PinColour":0,"PinID":6},{"PinColour":0,"PinID":7},{"PinColour":0,"PinID":8}],
      "InternalData":null
    },
    {
      "Name":"ADD-8",
      "ID":1623161019,
      "Label":"",
      "Position":{
        "x":2.4569,
        "y":-2.90563
      },
      "OutputPinColourInfo":[{"PinColour":0,"PinID":1356732077},{"PinColour":0,"PinID":624498342}],
      "InternalData":null
    },
    {
      "Name":"ADD-8",
      "ID":1143564470,
      "Label":"",
      "Position":{
        "x":2.4569,
        "y":-4.55205
      },
      "OutputPinColourInfo":[{"PinColour":0,"PinID":1356732077},{"PinColour":0,"PinID":624498342}],
      "InternalData":null
    },
    {
      "Name":"ADD-8",
      "ID":1986257992,
      "Label":"",
      "Position":{
        "x":2.4569,
        "y":-6.23452
      },
      "OutputPinColourInfo":[{"PinColour":0,"PinID":1356732077},{"PinColour":0,"PinID":624498342}],
      "InternalData":null
    },
    {
      "Name":"ADD-8",
      "ID":1149297337,
      "Label":"",
      "Position":{
        "x":2.4569,
        "y":-7.929
      },
      "OutputPinColourInfo":[{"PinColour":0,"PinID":1356732077},{"PinColour":0,"PinID":624498342}],
      "InternalData":null
    },
    {
      "Name":"ADD-8",
      "ID":2123292087,
      "Label":"",
      "Position":{
        "x":4.72823,
        "y":-7.41224
      },
      "OutputPinColourInfo":[{"PinColour":0,"PinID":1356732077},{"PinColour":0,"PinID":624498342}],
      "InternalData":null
    },
    {
      "Name":"ADD-8",
      "ID":806990831,
      "Label":"",
      "Position":{
        "x":4.72823,
        "y":-4.19152
      },
      "OutputPinColourInfo":[{"PinColour":0,"PinID":1356732077},{"PinColour":0,"PinID":624498342}],
      "InternalData":null
    },
    {
      "Name":"ADD-8",
      "ID":721693312,
      "Label":"",
      "Position":{
        "x":7.07167,
        "y":-6.19846
      },
      "OutputPinColourInfo":[{"PinColour":0,"PinID":1356732077},{"PinColour":0,"PinID":624498342}],
      "InternalData":null
    }
  ],
  "Wires":[
    {
      "SourcePinAddress":{
        "PinID":0,
        "PinOwnerID":100884621
      },
      "TargetPinAddress":{
        "PinID":725100279,
        "PinOwnerID":941986088
      },
      "ConnectionType":0,
      "ConnectedWireIndex":-1,
      "ConnectedWireSegmentIndex":-1,
      "Points":[{"x":0.0,"y":0.0},{"x":0.0,"y":0.0}]
    },
    {
      "SourcePinAddress":{
        "PinID":376139185,
        "PinOwnerID":941986088
      },
      "TargetPinAddress":{
        "PinID":389343068,
        "PinOwnerID":90393539
      },
      "ConnectionType":0,
      "ConnectedWireIndex":-1,
      "ConnectedWireSegmentIndex":-1,
      "Points":[{"x":0.0,"y":0.0},{"x":0.0,"y":0.0}]
    },
    {
      "SourcePinAddress":{
        "PinID":3406967,
        "PinOwnerID":941986088
      },
      "TargetPinAddress":{
        "PinID":389343068,
        "PinOwnerID":1273712738
      },
      "ConnectionType":0,
      "ConnectedWireIndex":-1,
      "ConnectedWireSegmentIndex":-1,
      "Points":[{"x":0.0,"y":0.0},{"x":0.0,"y":0.0}]
    },
    {
      "SourcePinAddress":{
        "PinID":1620364287,
        "PinOwnerID":941986088
      },
      "TargetPinAddress":{
        "PinID":389343068,
        "PinOwnerID":287397659
      },
      "ConnectionType":0,
      "ConnectedWireIndex":-1,
      "ConnectedWireSegmentIndex":-1,
      "Points":[{"x":0.0,"y":0.0},{"x":0.0,"y":0.0}]
    },
    {
      "SourcePinAddress":{
        "PinID":1813149800,
        "PinOwnerID":941986088
      },
      "TargetPinAddress":{
        "PinID":389343068,
        "PinOwnerID":1971189753
      },
      "ConnectionType":0,
      "ConnectedWireIndex":-1,
      "ConnectedWireSegmentIndex":-1,
      "Points":[{"x":0.0,"y":0.0},{"x":0.0,"y":0.0}]
    },
    {
      "SourcePinAddress":{
        "PinID":705903319,
        "PinOwnerID":941986088
      },
      "TargetPinAddress":{
        "PinID":389343068,
        "PinOwnerID":1536172764
      },
      "ConnectionType":0,
      "ConnectedWireIndex":-1,
      "ConnectedWireSegmentIndex":-1,
      "Points":[{"x":0.0,"y":0.0},{"x":0.0,"y":0.0}]
    },
    {
      "SourcePinAddress":{
        "PinID":215214252,
        "PinOwnerID":941986088
      },
      "TargetPinAddress":{
        "PinID":389343068,
        "PinOwnerID":1649666423
      },
      "ConnectionType":0,
      "ConnectedWireIndex":-1,
      "ConnectedWireSegmentIndex":-1,
      "Points":[{"x":0.0,"y":0.0},{"x":0.0,"y":0.0}]
    },
    {
      "SourcePinAddress":{
        "PinID":1012903011,
        "PinOwnerID":941986088
      },
      "TargetPinAddress":{
        "PinID":389343068,
        "PinOwnerID":922592909
      },
      "ConnectionType":0,
      "ConnectedWireIndex":-1,
      "ConnectedWireSegmentIndex":-1,
      "Points":[{"x":0.0,"y":0.0},{"x":0.0,"y":0.0}]
    },
    {
      "SourcePinAddress":{
        "PinID":2051020537,
        "PinOwnerID":941986088
      },
      "TargetPinAddress":{
        "PinID":389343068,
        "PinOwnerID":1323000299
      },
      "ConnectionType":0,
      "ConnectedWireIndex":-1,
      "ConnectedWireSegmentIndex":-1,
      "Points":[{"x":0.0,"y":0.0},{"x":0.0,"y":0.0}]
    },
    {
      "SourcePinAddress":{
        "PinID":0,
        "PinOwnerID":1381845786
      },
      "TargetPinAddress":{
        "PinID":0,
        "PinOwnerID":253096140
      },
      "ConnectionType":0,
      "ConnectedWireIndex":-1,
      "ConnectedWireSegmentIndex":-1,
      "Points":[{"x":0.0,"y":0.0},{"x":0.0,"y":0.0}]
    },
    {
      "SourcePinAddress":{
        "PinID":8,
        "PinOwnerID":253096140
      },
      "TargetPinAddress":{
        "PinID":2030866645,
        "PinOwnerID":90393539
      },
      "ConnectionType":0,
      "ConnectedWireIndex":-1,
      "ConnectedWireSegmentIndex":-1,
      "Points":[{"x":0.0,"y":0.0},{"x":0.0,"y":0.0}]
    },
    {
      "SourcePinAddress":{
        "PinID":7,
        "PinOwnerID":253096140
      },
      "TargetPinAddress":{
        "PinID":2030866645,
        "PinOwnerID":1273712738
      },
      "ConnectionType":0,
      "ConnectedWireIndex":-1,
      "ConnectedWireSegmentIndex":-1,
      "Points":[{"x":0.0,"y":0.0},{"x":0.0,"y":0.0}]
    },
    {
      "SourcePinAddress":{
        "PinID":6,
        "PinOwnerID":253096140
      },
      "TargetPinAddress":{
        "PinID":2030866645,
        "PinOwnerID":287397659
      },
      "ConnectionType":0,
      "ConnectedWireIndex":-1,
      "ConnectedWireSegmentIndex":-1,
      "Points":[{"x":0.0,"y":0.0},{"x":0.0,"y":0.0}]
    },
    {
      "SourcePinAddress":{
        "PinID":5,
        "PinOwnerID":253096140
      },
      "TargetPinAddress":{
        "PinID":2030866645,
        "PinOwnerID":1971189753
      },
      "ConnectionType":0,
      "ConnectedWireIndex":-1,
      "ConnectedWireSegmentIndex":-1,
      "Points":[{"x":0.0,"y":0.0},{"x":0.0,"y":0.0}]
    },
    {
      "SourcePinAddress":{
        "PinID":4,
        "PinOwnerID":253096140
      },
      "TargetPinAddress":{
        "PinID":2030866645,
        "PinOwnerID":1536172764
      },
      "ConnectionType":0,
      "ConnectedWireIndex":-1,
      "ConnectedWireSegmentIndex":-1,
      "Points":[{"x":0.0,"y":0.0},{"x":0.0,"y":0.0}]
    },
    {
      "SourcePinAddress":{
        "PinID":3,
        "PinOwnerID":253096140
      },
      "TargetPinAddress":{
        "PinID":2030866645,
        "PinOwnerID":1649666423
      },
      "ConnectionType":0,
      "ConnectedWireIndex":-1,
      "ConnectedWireSegmentIndex":-1,
      "Points":[{"x":0.0,"y":0.0},{"x":0.0,"y":0.0}]
    },
    {
      "SourcePinAddress":{
        "PinID":2,
        "PinOwnerID":253096140
      },
      "TargetPinAddress":{
        "PinID":2030866645,
        "PinOwnerID":922592909
      },
      "ConnectionType":0,
      "ConnectedWireIndex":-1,
      "ConnectedWireSegmentIndex":-1,
      "Points":[{"x":0.0,"y":0.0},{"x":0.0,"y":0.0}]
    },
    {
      "SourcePinAddress":{
        "PinID":1,
        "PinOwnerID":253096140
      },
      "TargetPinAddress":{
        "PinID":2030866645,
        "PinOwnerID":1323000299
      },
      "ConnectionType":0,
      "ConnectedWireIndex":-1,
      "ConnectedWireSegmentIndex":-1,
      "Points":[{"x":0.0,"y":0.0},{"x":0.0,"y":0.0}]
    },
    {
      "SourcePinAddress":{
        "PinID":817989800,
        "PinOwnerID":90393539
      },
      "TargetPinAddress":{
        "PinID":323717979,
        "PinOwnerID":1623161019
      },
      "ConnectionType":0,
      "ConnectedWireIndex":-1,
      "ConnectedWireSegmentIndex":-1,
      "Points":[{"x":0.0,"y":0.0},{"x":0.0,"y":0.0}]
    },
    {
      "SourcePinAddress":{
        "PinID":817989800,
        "PinOwnerID":1273712738
      },
      "TargetPinAddress":{
        "PinID":1424414258,
        "PinOwnerID":1623161019
      },
      "ConnectionType":0,
      "ConnectedWireIndex":-1,
      "ConnectedWireSegmentIndex":-1,
      "Points":[{"x":0.0,"y":0.0},{"x":0.0,"y":0.0}]
    },
    {
      "SourcePinAddress":{
        "PinID":817989800,
        "PinOwnerID":287397659
      },
      "TargetPinAddress":{
        "PinID":323717979,
        "PinOwnerID":1143564470
      },
      "ConnectionType":0,
      "ConnectedWireIndex":-1,
      "ConnectedWireSegmentIndex":-1,
      "Points":[{"x":0.0,"y":0.0},{"x":0.0,"y":0.0}]
    },
    {
      "SourcePinAddress":{
        "PinID":817989800,
        "PinOwnerID":1971189753
      },
      "TargetPinAddress":{
        "PinID":1424414258,
        "PinOwnerID":1143564470
      },
      "ConnectionType":0,
      "ConnectedWireIndex":-1,
      "ConnectedWireSegmentIndex":-1,
      "Points":[{"x":0.0,"y":0.0},{"x":0.0,"y":0.0}]
    },
    {
      "SourcePinAddress":{
        "PinID":817989800,
        "PinOwnerID":1536172764
      },
      "TargetPinAddress":{
        "PinID":323717979,
        "PinOwnerID":1986257992
      },
      "ConnectionType":0,
      "ConnectedWireIndex":-1,
      "ConnectedWireSegmentIndex":-1,
      "Points":[{"x":0.0,"y":0.0},{"x":0.0,"y":0.0}]
    },
    {
      "SourcePinAddress":{
        "PinID":817989800,
        "PinOwnerID":1649666423
      },
      "TargetPinAddress":{
        "PinID":1424414258,
        "PinOwnerID":1986257992
      },
      "ConnectionType":0,
      "ConnectedWireIndex":-1,
      "ConnectedWireSegmentIndex":-1,
      "Points":[{"x":0.0,"y":0.0},{"x":0.0,"y":0.0}]
    },
    {
      "SourcePinAddress":{
        "PinID":817989800,
        "PinOwnerID":922592909
      },
      "TargetPinAddress":{
        "PinID":323717979,
        "PinOwnerID":1149297337
      },
      "ConnectionType":0,
      "ConnectedWireIndex":-1,
      "ConnectedWireSegmentIndex":-1,
      "Points":[{"x":0.0,"y":0.0},{"x":0.0,"y":0.0}]
    },
    {
      "SourcePinAddress":{
        "PinID":817989800,
        "PinOwnerID":1323000299
      },
      "TargetPinAddress":{
        "PinID":1424414258,
        "PinOwnerID":1149297337
      },
      "ConnectionType":0,
      "ConnectedWireIndex":-1,
      "ConnectedWireSegmentIndex":-1,
      "Points":[{"x":0.0,"y":0.0},{"x":0.0,"y":0.0}]
    },
    {
      "SourcePinAddress":{
        "PinID":624498342,
        "PinOwnerID":1623161019
      },
      "TargetPinAddress":{
        "PinID":323717979,
        "PinOwnerID":806990831
      },
      "ConnectionType":0,
      "ConnectedWireIndex":-1,
      "ConnectedWireSegmentIndex":-1,
      "Points":[{"x":0.0,"y":0.0},{"x":0.0,"y":0.0}]
    },
    {
      "SourcePinAddress":{
        "PinID":624498342,
        "PinOwnerID":1143564470
      },
      "TargetPinAddress":{
        "PinID":1424414258,
        "PinOwnerID":806990831
      },
      "ConnectionType":0,
      "ConnectedWireIndex":-1,
      "ConnectedWireSegmentIndex":-1,
      "Points":[{"x":0.0,"y":0.0},{"x":0.0,"y":0.0}]
    },
    {
      "SourcePinAddress":{
        "PinID":624498342,
        "PinOwnerID":1986257992
      },
      "TargetPinAddress":{
        "PinID":323717979,
        "PinOwnerID":2123292087
      },
      "ConnectionType":0,
      "ConnectedWireIndex":-1,
      "ConnectedWireSegmentIndex":-1,
      "Points":[{"x":0.0,"y":0.0},{"x":0.0,"y":0.0}]
    },
    {
      "SourcePinAddress":{
        "PinID":624498342,
        "PinOwnerID":1149297337
      },
      "TargetPinAddress":{
        "PinID":1424414258,
        "PinOwnerID":2123292087
      },
      "ConnectionType":0,
      "ConnectedWireIndex":-1,
      "ConnectedWireSegmentIndex":-1,
      "Points":[{"x":0.0,"y":0.0},{"x":0.0,"y":0.0}]
    },
    {
      "SourcePinAddress":{
        "PinID":624498342,
        "PinOwnerID":806990831
      },
      "TargetPinAddress":{
        "PinID":323717979,
        "PinOwnerID":721693312
      },
      "ConnectionType":0,
      "ConnectedWireIndex":-1,
      "ConnectedWireSegmentIndex":-1,
      "Points":[{"x":0.0,"y":0.0},{"x":0.0,"y":0.0}]
    },
    {
      "SourcePinAddress":{
        "PinID":624498342,
        "PinOwnerID":2123292087
      },
      "TargetPinAddress":{
        "PinID":1424414258,
        "PinOwnerID":721693312
      },
      "ConnectionType":0,
      "ConnectedWireIndex":-1,
      "ConnectedWireSegmentIndex":-1,
      "Points":[{"x":0.0,"y":0.0},{"x":0.0,"y":0.0}]
    },
    {
      "SourcePinAddress":{
        "PinID":624498342,
        "PinOwnerID":721693312
      },
      "TargetPinAddress":{
        "PinID":0,
        "PinOwnerID":1802328222
      },
      "ConnectionType":0,
      "ConnectedWireIndex":-1,
      "ConnectedWireSegmentIndex":-1,
      "Points":[{"x":0.0,"y":0.0},{"x":0.0,"y":0.0}]
    }
  ],
  "Displays": null
}