{
  "DLSVersion": "2.1.6",
  "Name": "Fast Divider",
  "NameLocation": 0,
  "ChipType": 0,
  "Size": {
    "x": 1.25,
    "y": 1.0
  },
  "Colour": {
    "r": 0.421655476,
    "g": 0.315497249,
    "b": 0.009881218,
    "a": 1
  },
  "InputPins":[
    {
      "Name":"A",
      "ID":580589083,
      "Position":{
        "x":-8.88008,
        "y":0.87149
      },
      "BitCount":8,
      "Colour":0,
      "ValueDisplayMode":1
    },
    {
      "Name":"B",
      "ID":724484612,
      "Position":{
        "x":-9.02323,
        "y":-4.32571
      },
      "BitCount":8,
      "Colour":0,
      "ValueDisplayMode":1
    }
  ],
  "OutputPins":[
    {
      "Name":"A//B",
      "ID":99046744,
      "Position":{
        "x":23.81754,
        "y":-11.02354
      },
      "BitCount":8,
      "Colour":0,
      "ValueDisplayMode":1
    },
    {
      "Name":"A%B",
      "ID":651334816,
      "Position":{
        "x":23.79144,
        "y":-12.68706
      },
      "BitCount":8,
      "Colour":0,
      "ValueDisplayMode":1
    }
  ],
  "SubChips":[
    {
      "Name":"SCOPE",
      "ID":1639089107,
      "Label":"",
      "Position":{
        "x":-5.58892,
        "y":-1.23084
      },
      "OutputPinColourInfo":[{"PinColour":0,"PinID":1666494596}],
      "InternalData":null
    },
    {
      "Name":"8-1BIT",
      "ID":890556891,
      "Label":"",
      "Position":{
        "x":-2.29185,
        "y":-1.24405
      },
      "OutputPinColourInfo":[{"PinColour":0,"PinID":1},{"PinColour":0,"PinID":2},{"PinColour":0,"PinID":3},{"PinColour":0,"PinID":4},{"PinColour":0,"PinID":5},{"PinColour":0,"PinID":6},{"PinColour":0,"PinID":7},{"PinColour":0,"PinID":8}],
      "InternalData":null
    },
    {
      "Name":"NOT-8",
      "ID":976448741,
      "Label":"",
      "Position":{
        "x":-4.1531,
        "y":-1.26934
      },
      "OutputPinColourInfo":[{"PinColour":0,"PinID":2007435006}],
      "InternalData":null
    },
    {
      "Name":"LSHIFT-HIx8",
      "ID":894792137,
      "Label":"",
      "Position":{
        "x":-2.6295,
        "y":-4.53779
      },
      "OutputPinColourInfo":[{"PinColour":0,"PinID":376139185},{"PinColour":0,"PinID":3406967},{"PinColour":0,"PinID":1620364287},{"PinColour":0,"PinID":1813149800},{"PinColour":0,"PinID":705903319},{"PinColour":0,"PinID":215214252},{"PinColour":0,"PinID":1012903011},{"PinColour":0,"PinID":2051020537}],
      "InternalData":null
    },
    {
      "Name":"NOT-8",
      "ID":1390600670,
      "Label":"",
      "Position":{
        "x":-4.8219,
        "y":-4.44421
      },
      "OutputPinColourInfo":[{"PinColour":0,"PinID":2007435006}],
      "InternalData":null
    },
    {
      "Name":"Fast divider module",
      "ID":1398582411,
      "Label":"",
      "Position":{
        "x":0.64609,
        "y":-6.86311
      },
      "OutputPinColourInfo":[{"PinColour":0,"PinID":490485232},{"PinColour":0,"PinID":1354645092}],
      "InternalData":null
    },
    {
      "Name":"Fast divider module",
      "ID":308816188,
      "Label":"",
      "Position":{
        "x":3.11446,
        "y":-6.02147
      },
      "OutputPinColourInfo":[{"PinColour":0,"PinID":490485232},{"PinColour":0,"PinID":1354645092}],
      "InternalData":null
    },
    {
      "Name":"Fast divider module",
      "ID":877677533,
      "Label":"",
      "Position":{
        "x":5.45677,
        "y":-4.96682
      },
      "OutputPinColourInfo":[{"PinColour":0,"PinID":490485232},{"PinColour":0,"PinID":1354645092}],
      "InternalData":null
    },
    {
      "Name":"Fast divider module",
      "ID":1564019825,
      "Label":"",
      "Position":{
        "x":7.51701,
        "y":-3.88764
      },
      "OutputPinColourInfo":[{"PinColour":0,"PinID":490485232},{"PinColour":0,"PinID":1354645092}],
      "InternalData":null
    },
    {
      "Name":"Fast divider module",
      "ID":932238395,
      "Label":"",
      "Position":{
        "x":9.68763,
        "y":-2.7962
      },
      "OutputPinColourInfo":[{"PinColour":0,"PinID":490485232},{"PinColour":0,"PinID":1354645092}],
      "InternalData":null
    },
    {
      "Name":"Fast divider module",
      "ID":320955740,
      "Label":"",
      "Position":{
        "x":11.83373,
        "y":-1.74155
      },
      "OutputPinColourInfo":[{"PinColour":0,"PinID":490485232},{"PinColour":0,"PinID":1354645092}],
      "InternalData":null
    },
    {
      "Name":"Fast divider module",
      "ID":1448807466,
      "Label":"",
      "Position":{
        "x":14.0534,
        "y":-0.49068
      },
      "OutputPinColourInfo":[{"PinColour":0,"PinID":490485232},{"PinColour":0,"PinID":1354645092}],
      "InternalData":null
    },
    {
      "Name":"Fast divider module",
      "ID":860878938,
      "Label":"",
      "Position":{
        "x":16.06459,
        "y":0.79697
      },
      "OutputPinColourInfo":[{"PinColour":0,"PinID":490485232},{"PinColour":0,"PinID":1354645092}],
      "InternalData":null
    },
    {
      "Name":"HI",
      "ID":1134118941,
      "Label":"",
      "Position":{
        "x":14.37225,
        "y":1.74125
      },
      "OutputPinColourInfo":[{"PinColour":0,"PinID":1575616495}],
      "InternalData":null
    },
    {
      "Name":"1-8BIT",
      "ID":116647705,
      "Label":"",
      "Position":{
        "x":20.82185,
        "y":-11.05109
      },
      "OutputPinColourInfo":[{"PinColour":0,"PinID":8}],
      "InternalData":null
    }
  ],
  "Wires":[
    {
      "SourcePinAddress":{
        "PinID":0,
        "PinOwnerID":724484612
      },
      "TargetPinAddress":{
        "PinID":1659410852,
        "PinOwnerID":1639089107
      },
      "ConnectionType":0,
      "ConnectedWireIndex":-1,
      "ConnectedWireSegmentIndex":-1,
      "Points":[{"x":0.0,"y":0.0},{"x":-6.68403,"y":-4.32459},{"x":-6.68498,"y":-1.22106},{"x":0.0,"y":0.0}]
    },
    {
      "SourcePinAddress":{
        "PinID":1666494596,
        "PinOwnerID":1639089107
      },
      "TargetPinAddress":{
        "PinID":753433383,
        "PinOwnerID":976448741
      },
      "ConnectionType":0,
      "ConnectedWireIndex":-1,
      "ConnectedWireSegmentIndex":-1,
      "Points":[{"x":0.0,"y":0.0},{"x":0.0,"y":0.0}]
    },
    {
      "SourcePinAddress":{
        "PinID":2007435006,
        "PinOwnerID":976448741
      },
      "TargetPinAddress":{
        "PinID":0,
        "PinOwnerID":890556891
      },
      "ConnectionType":0,
      "ConnectedWireIndex":-1,
      "ConnectedWireSegmentIndex":-1,
      "Points":[{"x":0.0,"y":0.0},{"x":0.0,"y":0.0}]
    },
    {
      "SourcePinAddress":{
        "PinID":2007435006,
        "PinOwnerID":1390600670
      },
      "TargetPinAddress":{
        "PinID":725100279,
        "PinOwnerID":894792137
      },
      "ConnectionType":0,
      "ConnectedWireIndex":-1,
      "ConnectedWireSegmentIndex":-1,
      "Points":[{"x":0.0,"y":0.0},{"x":0.0,"y":0.0}]
    },
    {
      "SourcePinAddress":{
        "PinID":0,
        "PinOwnerID":724484612
      },
      "TargetPinAddress":{
        "PinID":753433383,
        "PinOwnerID":1390600670
      },
      "ConnectionType":1,
      "ConnectedWireIndex":0,
      "ConnectedWireSegmentIndex":0,
      "Points":[{"x":-6.68403,"y":-4.32459},{"x":0.0,"y":0.0}]
    },
    {
      "SourcePinAddress":{
        "PinID":0,
        "PinOwnerID":580589083
      },
      "TargetPinAddress":{
        "PinID":1624553521,
        "PinOwnerID":1398582411
      },
      "ConnectionType":0,
      "ConnectedWireIndex":-1,
      "ConnectedWireSegmentIndex":-1,
      "Points":[{"x":0.0,"y":0.0},{"x":-7.2948,"y":0.87149},{"x":-7.287,"y":-7.29132},{"x":0.0,"y":0.0}]
    },
    {
      "SourcePinAddress":{
        "PinID":2051020537,
        "PinOwnerID":894792137
      },
      "TargetPinAddress":{
        "PinID":1704564384,
        "PinOwnerID":1398582411
      },
      "ConnectionType":0,
      "ConnectedWireIndex":-1,
      "ConnectedWireSegmentIndex":-1,
      "Points":[{"x":0.0,"y":0.0},{"x":0.0,"y":0.0}]
    },
    {
      "SourcePinAddress":{
        "PinID":1354645092,
        "PinOwnerID":1398582411
      },
      "TargetPinAddress":{
        "PinID":1624553521,
        "PinOwnerID":308816188
      },
      "ConnectionType":0,
      "ConnectedWireIndex":-1,
      "ConnectedWireSegmentIndex":-1,
      "Points":[{"x":0.0,"y":0.0},{"x":0.0,"y":0.0}]
    },
    {
      "SourcePinAddress":{
        "PinID":1012903011,
        "PinOwnerID":894792137
      },
      "TargetPinAddress":{
        "PinID":1704564384,
        "PinOwnerID":308816188
      },
      "ConnectionType":0,
      "ConnectedWireIndex":-1,
      "ConnectedWireSegmentIndex":-1,
      "Points":[{"x":0.0,"y":0.0},{"x":0.0,"y":0.0}]
    },
    {
      "SourcePinAddress":{
        "PinID":1354645092,
        "PinOwnerID":308816188
      },
      "TargetPinAddress":{
        "PinID":1624553521,
        "PinOwnerID":877677533
      },
      "ConnectionType":0,
      "ConnectedWireIndex":-1,
      "ConnectedWireSegmentIndex":-1,
      "Points":[{"x":0.0,"y":0.0},{"x":0.0,"y":0.0}]
    },
    {
      "SourcePinAddress":{
        "PinID":215214252,
        "PinOwnerID":894792137
      },
      "TargetPinAddress":{
        "PinID":1704564384,
        "PinOwnerID":877677533
      },
      "ConnectionType":0,
      "ConnectedWireIndex":-1,
      "ConnectedWireSegmentIndex":-1,
      "Points":[{"x":0.0,"y":0.0},{"x":0.0,"y":0.0}]
    },
    {
      "SourcePinAddress":{
        "PinID":7,
        "PinOwnerID":890556891
      },
      "TargetPinAddress":{
        "PinID":419892532,
        "PinOwnerID":1398582411
      },
      "ConnectionType":0,
      "ConnectedWireIndex":-1,
      "ConnectedWireSegmentIndex":-1,
      "Points":[{"x":0.0,"y":0.0},{"x":0.0,"y":0.0}]
    },
    {
      "SourcePinAddress":{
        "PinID":6,
        "PinOwnerID":890556891
      },
      "TargetPinAddress":{
        "PinID":419892532,
        "PinOwnerID":308816188
      },
      "ConnectionType":0,
      "ConnectedWireIndex":-1,
      "ConnectedWireSegmentIndex":-1,
      "Points":[{"x":0.0,"y":0.0},{"x":0.0,"y":0.0}]
    },
    {
      "SourcePinAddress":{
        "PinID":5,
        "PinOwnerID":890556891
      },
      "TargetPinAddress":{
        "PinID":419892532,
        "PinOwnerID":877677533
      },
      "ConnectionType":0,
      "ConnectedWireIndex":-1,
      "ConnectedWireSegmentIndex":-1,
      "Points":[{"x":0.0,"y":0.0},{"x":0.0,"y":0.0}]
    },
    {
      "SourcePinAddress":{
        "PinID":1354645092,
        "PinOwnerID":877677533
      },
      "TargetPinAddress":{
        "PinID":1624553521,
        "PinOwnerID":1564019825
      },
      "ConnectionType":0,
      "ConnectedWireIndex":-1,
      "ConnectedWireSegmentIndex":-1,
      "Points":[{"x":0.0,"y":0.0},{"x":0.0,"y":0.0}]
    },
    {
      "SourcePinAddress":{
        "PinID":705903319,
        "PinOwnerID":894792137
      },
      "TargetPinAddress":{
        "PinID":1704564384,
        "PinOwnerID":1564019825
      },
      "ConnectionType":0,
      "ConnectedWireIndex":-1,
      "ConnectedWireSegmentIndex":-1,
      "Points":[{"x":0.0,"y":0.0},{"x":0.0,"y":0.0}]
    },
    {
      "SourcePinAddress":{
        "PinID":4,
        "PinOwnerID":890556891
      },
      "TargetPinAddress":{
        "PinID":419892532,
        "PinOwnerID":1564019825
      },
      "ConnectionType":0,
      "ConnectedWireIndex":-1,
      "ConnectedWireSegmentIndex":-1,
      "Points":[{"x":0.0,"y":0.0},{"x":0.0,"y":0.0}]
    },
    {
      "SourcePinAddress":{
        "PinID":1354645092,
        "PinOwnerID":1564019825
      },
      "TargetPinAddress":{
        "PinID":1624553521,
        "PinOwnerID":932238395
      },
      "ConnectionType":0,
      "ConnectedWireIndex":-1,
      "ConnectedWireSegmentIndex":-1,
      "Points":[{"x":0.0,"y":0.0},{"x":0.0,"y":0.0}]
    },
    {
      "SourcePinAddress":{
        "PinID":1813149800,
        "PinOwnerID":894792137
      },
      "TargetPinAddress":{
        "PinID":1704564384,
        "PinOwnerID":932238395
      },
      "ConnectionType":0,
      "ConnectedWireIndex":-1,
      "ConnectedWireSegmentIndex":-1,
      "Points":[{"x":0.0,"y":0.0},{"x":0.0,"y":0.0}]
    },
    {
      "SourcePinAddress":{
        "PinID":3,
        "PinOwnerID":890556891
      },
      "TargetPinAddress":{
        "PinID":419892532,
        "PinOwnerID":932238395
      },
      "ConnectionType":0,
      "ConnectedWireIndex":-1,
      "ConnectedWireSegmentIndex":-1,
      "Points":[{"x":0.0,"y":0.0},{"x":0.0,"y":0.0}]
    },
    {
      "SourcePinAddress":{
        "PinID":1354645092,
        "PinOwnerID":932238395
      },
      "TargetPinAddress":{
        "PinID":1624553521,
        "PinOwnerID":320955740
      },
      "ConnectionType":0,
      "ConnectedWireIndex":-1,
      "ConnectedWireSegmentIndex":-1,
      "Points":[{"x":0.0,"y":0.0},{"x":0.0,"y":0.0}]
    },
    {
      "SourcePinAddress":{
        "PinID":1620364287,
        "PinOwnerID":894792137
      },
      "TargetPinAddress":{
        "PinID":1704564384,
        "PinOwnerID":320955740
      },
      "ConnectionType":0,
      "ConnectedWireIndex":-1,
      "ConnectedWireSegmentIndex":-1,
      "Points":[{"x":0.0,"y":0.0},{"x":0.0,"y":0.0}]
    },
    {
      "SourcePinAddress":{
        "PinID":2,
        "PinOwnerID":890556891
      },
      "TargetPinAddress":{
        "PinID":419892532,
        "PinOwnerID":320955740
      },
      "ConnectionType":0,
      "ConnectedWireIndex":-1,
      "ConnectedWireSegmentIndex":-1,
      "Points":[{"x":0.0,"y":0.0},{"x":0.0,"y":0.0}]
    },
    {
      "SourcePinAddress":{
        "PinID":1354645092,
        "PinOwnerID":320955740
      },
      "TargetPinAddress":{
        "PinID":1624553521,
        "PinOwnerID":1448807466
      },
      "ConnectionType":0,
      "ConnectedWireIndex":-1,
      "ConnectedWireSegmentIndex":-1,
      "Points":[{"x":0.0,"y":0.0},{"x":0.0,"y":0.0}]
    },
    {
      "SourcePinAddress":{
        "PinID":3406967,
        "PinOwnerID":894792137
      },
      "TargetPinAddress":{
        "PinID":1704564384,
        "PinOwnerID":1448807466
      },
      "ConnectionType":0,
      "ConnectedWireIndex":-1,
      "ConnectedWireSegmentIndex":-1,
      "Points":[{"x":0.0,"y":0.0},{"x":0.0,"y":0.0}]
    },
    {
      "SourcePinAddress":{
        "PinID":1,
        "PinOwnerID":890556891
      },
      "TargetPinAddress":{
        "PinID":419892532,
        "PinOwnerID":1448807466
      },
      "ConnectionType":0,
      "ConnectedWireIndex":-1,
      "ConnectedWireSegmentIndex":-1,
      "Points":[{"x":0.0,"y":0.0},{"x":0.0,"y":0.0}]
    },
    {
      "SourcePinAddress":{
        "PinID":1354645092,
        "PinOwnerID":1448807466
      },
      "TargetPinAddress":{
        "PinID":1624553521,
        "PinOwnerID":860878938
      },
      "ConnectionType":0,
      "ConnectedWireIndex":-1,
      "ConnectedWireSegmentIndex":-1,
      "Points":[{"x":0.0,"y":0.0},{"x":0.0,"y":0.0}]
    },
    {
      "SourcePinAddress":{
        "PinID":376139185,
        "PinOwnerID":894792137
      },
      "TargetPinAddress":{
        "PinID":1704564384,
        "PinOwnerID":860878938
      },
      "ConnectionType":0,
      "ConnectedWireIndex":-1,
      "ConnectedWireSegmentIndex":-1,
      "Points":[{"x":0.0,"y":0.0},{"x":0.0,"y":0.0}]
    },
    {
      "SourcePinAddress":{
        "PinID":1575616495,
        "PinOwnerID":1134118941
      },
      "TargetPinAddress":{
        "PinID":419892532,
        "PinOwnerID":860878938
      },
      "ConnectionType":0,
      "ConnectedWireIndex":-1,
      "ConnectedWireSegmentIndex":-1,
      "Points":[{"x":0.0,"y":0.0},{"x":0.0,"y":0.0}]
    },
    {
      "SourcePinAddress":{
        "PinID":490485232,
        "PinOwnerID":1398582411
      },
      "TargetPinAddress":{
        "PinID":0,
        "PinOwnerID":116647705
      },
      "ConnectionType":0,
      "ConnectedWireIndex":-1,
      "ConnectedWireSegmentIndex":-1,
      "Points":[{"x":0.0,"y":0.0},{"x":0.0,"y":0.0}]
    },
    {
      "SourcePinAddress":{
        "PinID":490485232,
        "PinOwnerID":308816188
      },
      "TargetPinAddress":{
        "PinID":1,
        "PinOwnerID":116647705
      },
      "ConnectionType":0,
      "ConnectedWireIndex":-1,
      "ConnectedWireSegmentIndex":-1,
      "Points":[{"x":0.0,"y":0.0},{"x":0.0,"y":0.0}]
    },
    {
      "SourcePinAddress":{
        "PinID":490485232,
        "PinOwnerID":877677533
      },
      "TargetPinAddress":{
        "PinID":2,
        "PinOwnerID":116647705
      },
      "ConnectionType":0,
      "ConnectedWireIndex":-1,
      "ConnectedWireSegmentIndex":-1,
      "Points":[{"x":0.0,"y":0.0},{"x":0.0,"y":0.0}]
    },
    {
      "SourcePinAddress":{
        "PinID":490485232,
        "PinOwnerID":1564019825
      },
      "TargetPinAddress":{
        "PinID":3,
        "PinOwnerID":116647705
      },
      "ConnectionType":0,
      "ConnectedWireIndex":-1,
      "ConnectedWireSegmentIndex":-1,
      "Points":[{"x":0.0,"y":0.0},{"x":0.0,"y":0.0}]
    },
    {
      "SourcePinAddress":{
        "PinID":490485232,
        "PinOwnerID":932238395
      },
      "TargetPinAddress":{
        "PinID":4,
        "PinOwnerID":116647705
      },
      "ConnectionType":0,
      "ConnectedWireIndex":-1,
      "ConnectedWireSegmentIndex":-1,
      "Points":[{"x":0.0,"y":0.0},{"x":0.0,"y":0.0}]
    },
    {
      "SourcePinAddress":{
        "PinID":490485232,
        "PinOwnerID":320955740
      },
      "TargetPinAddress":{
        "PinID":5,
        "PinOwnerID":116647705
      },
      "ConnectionType":0,
      "ConnectedWireIndex":-1,
      "ConnectedWireSegmentIndex":-1,
      "Points":[{"x":0.0,"y":0.0},{"x":0.0,"y":0.0}]
    },
    {
      "SourcePinAddress":{
        "PinID":490485232,
        "PinOwnerID":1448807466
      },
      "TargetPinAddress":{
        "PinID":6,
        "PinOwnerID":116647705
      },
      "ConnectionType":0,
      "ConnectedWireIndex":-1,
      "ConnectedWireSegmentIndex":-1,
      "Points":[{"x":0.0,"y":0.0},{"x":0.0,"y":0.0}]
    },
    {
      "SourcePinAddress":{
        "PinID":490485232,
        "PinOwnerID":860878938
      },
      "TargetPinAddress":{
        "PinID":7,
        "PinOwnerID":116647705
      },
      "ConnectionType":0,
      "ConnectedWireIndex":-1,
      "ConnectedWireSegmentIndex":-1,
      "Points":[{"x":0.0,"y":0.0},{"x":0.0,"y":0.0}]
    },
    {
      "SourcePinAddress":{
        "PinID":8,
        "PinOwnerID":116647705
      },
      "TargetPinAddress":{
        "PinID":0,
        "PinOwnerID":99046744
      },
      "ConnectionType":0,
      "ConnectedWireIndex":-1,
      "ConnectedWireSegmentIndex":-1,
      "Points":[{"x":0.0,"y":0.0},{"x":0.0,"y":0.0}]
    },
    {
      "SourcePinAddress":{
        "PinID":1354645092,
        "PinOwnerID":860878938
      },
      "TargetPinAddress":{
        "PinID":0,
        "PinOwnerID":651334816
      },
      "ConnectionType":0,
      "ConnectedWireIndex":-1,
      "ConnectedWireSegmentIndex":-1,
      "Points":[{"x":0.0,"y":0.0},{"x":17.81922,"y":0.42197},{"x":17.81922,"y":-12.66674},{"x":0.0,"y":0.0}]
    }
  ],
  "Displays": null
}