{
  "DLSVersion": "2.1.6",
  "Name": "FAST-BARREL-4",
  "NameLocation": 0,
  "ChipType": 0,
  "Size": {
    "x": 2.075,
    "y": 1.5
  },
  "Colour": {
    "r": 0.827750564,
    "g": 0.641209066,
    "b": 0.7712044,
    "a": 1
  },
  "InputPins":[
    {
      "Name":"Clk",
      "ID":517154503,
      "Position":{
        "x":-6.86529,
        "y":3.00018
      },
      "BitCount":1,
      "Colour":0,
      "ValueDisplayMode":0
    },
    {
      "Name":"Shift In",
      "ID":286840879,
      "Position":{
        "x":-6.92928,
        "y":2.40099
      },
      "BitCount":1,
      "Colour":0,
      "ValueDisplayMode":0
    },
    {
      "Name":"WRITE",
      "ID":1845440409,
      "Position":{
        "x":-6.92191,
        "y":1.49163
      },
      "BitCount":1,
      "Colour":0,
      "ValueDisplayMode":0
    },
    {
      "Name":"¬Right/Left",
      "ID":1350062405,
      "Position":{
        "x":-6.93242,
        "y":0.79852
      },
      "BitCount":1,
      "Colour":0,
      "ValueDisplayMode":0
    },
    {
      "Name":"IN",
      "ID":275681288,
      "Position":{
        "x":-6.76278,
        "y":-2.76036
      },
      "BitCount":4,
      "Colour":0,
      "ValueDisplayMode":0
    }
  ],
  "OutputPins":[
    {
      "Name":"Shift Out",
      "ID":443483174,
      "Position":{
        "x":21.77036,
        "y":1.13847
      },
      "BitCount":1,
      "Colour":0,
      "ValueDisplayMode":0
    },
    {
      "Name":"OUT",
      "ID":269015652,
      "Position":{
        "x":19.99969,
        "y":-2.54411
      },
      "BitCount":4,
      "Colour":0,
      "ValueDisplayMode":0
    }
  ],
  "SubChips":[
    {
      "Name":"FAST MSD",
      "ID":1388460440,
      "Label":"",
      "Position":{
        "x":0.711,
        "y":-0.5191
      },
      "OutputPinColourInfo":[{"PinColour":0,"PinID":531080545},{"PinColour":0,"PinID":1887479322},{"PinColour":0,"PinID":276838383},{"PinColour":0,"PinID":581113110}],
      "InternalData":null
    },
    {
      "Name":"SELECT-4",
      "ID":522803934,
      "Label":"",
      "Position":{
        "x":-1.16699,
        "y":-0.90275
      },
      "OutputPinColourInfo":[{"PinColour":0,"PinID":2049429507}],
      "InternalData":null
    },
    {
      "Name":"SELECT-4",
      "ID":538773793,
      "Label":"",
      "Position":{
        "x":3.48558,
        "y":-0.9791
      },
      "OutputPinColourInfo":[{"PinColour":0,"PinID":2049429507}],
      "InternalData":null
    },
    {
      "Name":"FAST MSD",
      "ID":2135960808,
      "Label":"",
      "Position":{
        "x":5.40308,
        "y":-0.54966
      },
      "OutputPinColourInfo":[{"PinColour":0,"PinID":531080545},{"PinColour":0,"PinID":1887479322},{"PinColour":0,"PinID":276838383},{"PinColour":0,"PinID":581113110}],
      "InternalData":null
    },
    {
      "Name":"SELECT-4",
      "ID":1412097511,
      "Label":"",
      "Position":{
        "x":8.25386,
        "y":-0.97348
      },
      "OutputPinColourInfo":[{"PinColour":0,"PinID":2049429507}],
      "InternalData":null
    },
    {
      "Name":"FAST MSD",
      "ID":333971671,
      "Label":"",
      "Position":{
        "x":10.8653,
        "y":-0.58583
      },
      "OutputPinColourInfo":[{"PinColour":0,"PinID":531080545},{"PinColour":0,"PinID":1887479322},{"PinColour":0,"PinID":276838383},{"PinColour":0,"PinID":581113110}],
      "InternalData":null
    },
    {
      "Name":"4-1BIT",
      "ID":1599541943,
      "Label":"",
      "Position":{
        "x":-4.57541,
        "y":-2.77411
      },
      "OutputPinColourInfo":[{"PinColour":0,"PinID":1},{"PinColour":0,"PinID":2},{"PinColour":0,"PinID":3},{"PinColour":0,"PinID":4}],
      "InternalData":null
    },
    {
      "Name":"SELECT-4",
      "ID":2078358748,
      "Label":"",
      "Position":{
        "x":13.77134,
        "y":-0.89608
      },
      "OutputPinColourInfo":[{"PinColour":0,"PinID":2049429507}],
      "InternalData":null
    },
    {
      "Name":"FAST MSD",
      "ID":1600638443,
      "Label":"",
      "Position":{
        "x":15.90946,
        "y":-0.48063
      },
      "OutputPinColourInfo":[{"PinColour":0,"PinID":531080545},{"PinColour":0,"PinID":1887479322},{"PinColour":0,"PinID":276838383},{"PinColour":0,"PinID":581113110}],
      "InternalData":null
    },
    {
      "Name":"1-4BIT",
      "ID":1467303243,
      "Label":"",
      "Position":{
        "x":18.12943,
        "y":-2.54411
      },
      "OutputPinColourInfo":[{"PinColour":0,"PinID":4}],
      "InternalData":null
    },
    {
      "Name":"SELECT-2",
      "ID":2042194559,
      "Label":"",
      "Position":{
        "x":19.26913,
        "y":1.11415
      },
      "OutputPinColourInfo":[{"PinColour":0,"PinID":1891561407}],
      "InternalData":null
    }
  ],
  "Wires":[
    {
      "SourcePinAddress":{
        "PinID":2049429507,
        "PinOwnerID":522803934
      },
      "TargetPinAddress":{
        "PinID":1342414851,
        "PinOwnerID":1388460440
      },
      "ConnectionType":0,
      "ConnectedWireIndex":-1,
      "ConnectedWireSegmentIndex":-1,
      "Points":[{"x":0.0,"y":0.0},{"x":0.0,"y":0.0}]
    },
    {
      "SourcePinAddress":{
        "PinID":0,
        "PinOwnerID":1845440409
      },
      "TargetPinAddress":{
        "PinID":1558861748,
        "PinOwnerID":522803934
      },
      "ConnectionType":0,
      "ConnectedWireIndex":-1,
      "ConnectedWireSegmentIndex":-1,
      "Points":[{"x":0.0,"y":0.0},{"x":-2.35368,"y":1.49163},{"x":-2.35368,"y":-0.23064},{"x":0.0,"y":0.0}]
    },
    {
      "SourcePinAddress":{
        "PinID":0,
        "PinOwnerID":1350062405
      },
      "TargetPinAddress":{
        "PinID":1470208277,
        "PinOwnerID":522803934
      },
      "ConnectionType":0,
      "ConnectedWireIndex":-1,
      "ConnectedWireSegmentIndex":-1,
      "Points":[{"x":0.0,"y":0.0},{"x":-2.59522,"y":0.79852},{"x":-2.59522,"y":-0.48268},{"x":0.0,"y":0.0}]
    },
    {
      "SourcePinAddress":{
        "PinID":0,
        "PinOwnerID":286840879
      },
      "TargetPinAddress":{
        "PinID":742568768,
        "PinOwnerID":522803934
      },
      "ConnectionType":0,
      "ConnectedWireIndex":-1,
      "ConnectedWireSegmentIndex":-1,
      "Points":[{"x":0.0,"y":0.0},{"x":-3.01529,"y":2.40099},{"x":-3.01529,"y":-0.72422},{"x":0.0,"y":0.0}]
    },
    {
      "SourcePinAddress":{
        "PinID":0,
        "PinOwnerID":517154503
      },
      "TargetPinAddress":{
        "PinID":598233324,
        "PinOwnerID":1388460440
      },
      "ConnectionType":0,
      "ConnectedWireIndex":-1,
      "ConnectedWireSegmentIndex":-1,
      "Points":[{"x":0.0,"y":0.0},{"x":-0.16933,"y":3.00018},{"x":-0.16933,"y":-0.15713},{"x":0.0,"y":0.0}]
    },
    {
      "SourcePinAddress":{
        "PinID":0,
        "PinOwnerID":1845440409
      },
      "TargetPinAddress":{
        "PinID":1558861748,
        "PinOwnerID":538773793
      },
      "ConnectionType":1,
      "ConnectedWireIndex":1,
      "ConnectedWireSegmentIndex":0,
      "Points":[{"x":-2.38677,"y":1.49163},{"x":2.397,"y":1.49163},{"x":2.397,"y":-0.37988},{"x":0.0,"y":0.0}]
    },
    {
      "SourcePinAddress":{
        "PinID":0,
        "PinOwnerID":1350062405
      },
      "TargetPinAddress":{
        "PinID":1470208277,
        "PinOwnerID":538773793
      },
      "ConnectionType":1,
      "ConnectedWireIndex":2,
      "ConnectedWireSegmentIndex":1,
      "Points":[{"x":-2.59522,"y":0.77861},{"x":2.20725,"y":0.77861},{"x":2.20725,"y":-0.55964},{"x":0.0,"y":0.0}]
    },
    {
      "SourcePinAddress":{
        "PinID":531080545,
        "PinOwnerID":1388460440
      },
      "TargetPinAddress":{
        "PinID":742568768,
        "PinOwnerID":538773793
      },
      "ConnectionType":0,
      "ConnectedWireIndex":-1,
      "ConnectedWireSegmentIndex":-1,
      "Points":[{"x":0.0,"y":0.0},{"x":1.76297,"y":-0.1441},{"x":1.76297,"y":-0.81931},{"x":0.0,"y":0.0}]
    },
    {
      "SourcePinAddress":{
        "PinID":2049429507,
        "PinOwnerID":538773793
      },
      "TargetPinAddress":{
        "PinID":1342414851,
        "PinOwnerID":2135960808
      },
      "ConnectionType":0,
      "ConnectedWireIndex":-1,
      "ConnectedWireSegmentIndex":-1,
      "Points":[{"x":0.0,"y":0.0},{"x":0.0,"y":0.0}]
    },
    {
      "SourcePinAddress":{
        "PinID":0,
        "PinOwnerID":517154503
      },
      "TargetPinAddress":{
        "PinID":598233324,
        "PinOwnerID":2135960808
      },
      "ConnectionType":1,
      "ConnectedWireIndex":4,
      "ConnectedWireSegmentIndex":1,
      "Points":[{"x":-0.16933,"y":2.96576},{"x":4.32449,"y":2.96576},{"x":4.43434,"y":-0.15018},{"x":0.0,"y":0.0}]
    },
    {
      "SourcePinAddress":{
        "PinID":2049429507,
        "PinOwnerID":1412097511
      },
      "TargetPinAddress":{
        "PinID":1342414851,
        "PinOwnerID":333971671
      },
      "ConnectionType":0,
      "ConnectedWireIndex":-1,
      "ConnectedWireSegmentIndex":-1,
      "Points":[{"x":0.0,"y":0.0},{"x":0.0,"y":0.0}]
    },
    {
      "SourcePinAddress":{
        "PinID":0,
        "PinOwnerID":517154503
      },
      "TargetPinAddress":{
        "PinID":598233324,
        "PinOwnerID":333971671
      },
      "ConnectionType":1,
      "ConnectedWireIndex":9,
      "ConnectedWireSegmentIndex":0,
      "Points":[{"x":4.29719,"y":2.96576},{"x":9.85599,"y":2.96576},{"x":9.85599,"y":-0.19416},{"x":0.0,"y":0.0}]
    },
    {
      "SourcePinAddress":{
        "PinID":0,
        "PinOwnerID":1845440409
      },
      "TargetPinAddress":{
        "PinID":1558861748,
        "PinOwnerID":1412097511
      },
      "ConnectionType":1,
      "ConnectedWireIndex":5,
      "ConnectedWireSegmentIndex":1,
      "Points":[{"x":2.397,"y":1.43389},{"x":7.00601,"y":1.43389},{"x":7.00601,"y":-0.34673},{"x":0.0,"y":0.0}]
    },
    {
      "SourcePinAddress":{
        "PinID":0,
        "PinOwnerID":1350062405
      },
      "TargetPinAddress":{
        "PinID":1470208277,
        "PinOwnerID":1412097511
      },
      "ConnectionType":1,
      "ConnectedWireIndex":6,
      "ConnectedWireSegmentIndex":1,
      "Points":[{"x":2.20725,"y":0.72962},{"x":6.81998,"y":0.72962},{"x":6.81998,"y":-0.50619},{"x":0.0,"y":0.0}]
    },
    {
      "SourcePinAddress":{
        "PinID":531080545,
        "PinOwnerID":2135960808
      },
      "TargetPinAddress":{
        "PinID":742568768,
        "PinOwnerID":1412097511
      },
      "ConnectionType":0,
      "ConnectedWireIndex":-1,
      "ConnectedWireSegmentIndex":-1,
      "Points":[{"x":0.0,"y":0.0},{"x":6.25736,"y":-0.17466},{"x":6.25736,"y":-0.80039},{"x":0.0,"y":0.0}]
    },
    {
      "SourcePinAddress":{
        "PinID":0,
        "PinOwnerID":275681288
      },
      "TargetPinAddress":{
        "PinID":0,
        "PinOwnerID":1599541943
      },
      "ConnectionType":0,
      "ConnectedWireIndex":-1,
      "ConnectedWireSegmentIndex":-1,
      "Points":[{"x":0.0,"y":0.0},{"x":0.0,"y":0.0}]
    },
    {
      "SourcePinAddress":{
        "PinID":1,
        "PinOwnerID":1599541943
      },
      "TargetPinAddress":{
        "PinID":1203430114,
        "PinOwnerID":522803934
      },
      "ConnectionType":0,
      "ConnectedWireIndex":-1,
      "ConnectedWireSegmentIndex":-1,
      "Points":[{"x":0.0,"y":0.0},{"x":-2.40937,"y":-2.39911},{"x":-2.40937,"y":-1.28904},{"x":0.0,"y":0.0}]
    },
    {
      "SourcePinAddress":{
        "PinID":1,
        "PinOwnerID":1599541943
      },
      "TargetPinAddress":{
        "PinID":1620572655,
        "PinOwnerID":522803934
      },
      "ConnectionType":1,
      "ConnectedWireIndex":16,
      "ConnectedWireSegmentIndex":1,
      "Points":[{"x":-2.40937,"y":-1.52775},{"x":0.0,"y":0.0}]
    },
    {
      "SourcePinAddress":{
        "PinID":2,
        "PinOwnerID":1599541943
      },
      "TargetPinAddress":{
        "PinID":1203430114,
        "PinOwnerID":538773793
      },
      "ConnectionType":0,
      "ConnectedWireIndex":-1,
      "ConnectedWireSegmentIndex":-1,
      "Points":[{"x":0.0,"y":0.0},{"x":2.28192,"y":-2.64911},{"x":2.28192,"y":-1.38933},{"x":0.0,"y":0.0}]
    },
    {
      "SourcePinAddress":{
        "PinID":2,
        "PinOwnerID":1599541943
      },
      "TargetPinAddress":{
        "PinID":1620572655,
        "PinOwnerID":538773793
      },
      "ConnectionType":1,
      "ConnectedWireIndex":18,
      "ConnectedWireSegmentIndex":1,
      "Points":[{"x":2.28192,"y":-1.6041},{"x":0.0,"y":0.0}]
    },
    {
      "SourcePinAddress":{
        "PinID":3,
        "PinOwnerID":1599541943
      },
      "TargetPinAddress":{
        "PinID":1203430114,
        "PinOwnerID":1412097511
      },
      "ConnectionType":0,
      "ConnectedWireIndex":-1,
      "ConnectedWireSegmentIndex":-1,
      "Points":[{"x":0.0,"y":0.0},{"x":7.37436,"y":-2.89911},{"x":7.37436,"y":-1.30018},{"x":0.0,"y":0.0}]
    },
    {
      "SourcePinAddress":{
        "PinID":3,
        "PinOwnerID":1599541943
      },
      "TargetPinAddress":{
        "PinID":1620572655,
        "PinOwnerID":1412097511
      },
      "ConnectionType":1,
      "ConnectedWireIndex":20,
      "ConnectedWireSegmentIndex":1,
      "Points":[{"x":7.37436,"y":-1.59848},{"x":0.0,"y":0.0}]
    },
    {
      "SourcePinAddress":{
        "PinID":2049429507,
        "PinOwnerID":2078358748
      },
      "TargetPinAddress":{
        "PinID":1342414851,
        "PinOwnerID":1600638443
      },
      "ConnectionType":0,
      "ConnectedWireIndex":-1,
      "ConnectedWireSegmentIndex":-1,
      "Points":[{"x":0.0,"y":0.0},{"x":0.0,"y":0.0}]
    },
    {
      "SourcePinAddress":{
        "PinID":0,
        "PinOwnerID":517154503
      },
      "TargetPinAddress":{
        "PinID":598233324,
        "PinOwnerID":1600638443
      },
      "ConnectionType":1,
      "ConnectedWireIndex":11,
      "ConnectedWireSegmentIndex":1,
      "Points":[{"x":9.85599,"y":2.95835},{"x":15.04394,"y":2.95835},{"x":15.04394,"y":-0.12288},{"x":0.0,"y":0.0}]
    },
    {
      "SourcePinAddress":{
        "PinID":0,
        "PinOwnerID":1845440409
      },
      "TargetPinAddress":{
        "PinID":1558861748,
        "PinOwnerID":2078358748
      },
      "ConnectionType":1,
      "ConnectedWireIndex":12,
      "ConnectedWireSegmentIndex":1,
      "Points":[{"x":7.00601,"y":1.40042},{"x":12.53972,"y":1.40042},{"x":12.53972,"y":-0.34215},{"x":0.0,"y":0.0}]
    },
    {
      "SourcePinAddress":{
        "PinID":0,
        "PinOwnerID":1350062405
      },
      "TargetPinAddress":{
        "PinID":1470208277,
        "PinOwnerID":2078358748
      },
      "ConnectionType":1,
      "ConnectedWireIndex":13,
      "ConnectedWireSegmentIndex":1,
      "Points":[{"x":6.81998,"y":0.69647},{"x":12.27429,"y":0.69647},{"x":12.27429,"y":-0.51525},{"x":0.0,"y":0.0}]
    },
    {
      "SourcePinAddress":{
        "PinID":531080545,
        "PinOwnerID":333971671
      },
      "TargetPinAddress":{
        "PinID":742568768,
        "PinOwnerID":2078358748
      },
      "ConnectionType":0,
      "ConnectedWireIndex":-1,
      "ConnectedWireSegmentIndex":-1,
      "Points":[{"x":0.0,"y":0.0},{"x":11.75749,"y":-0.21083},{"x":11.75749,"y":-0.7576},{"x":0.0,"y":0.0}]
    },
    {
      "SourcePinAddress":{
        "PinID":531080545,
        "PinOwnerID":2135960808
      },
      "TargetPinAddress":{
        "PinID":2139724878,
        "PinOwnerID":522803934
      },
      "ConnectionType":1,
      "ConnectedWireIndex":14,
      "ConnectedWireSegmentIndex":1,
      "Points":[{"x":6.25736,"y":-0.17863},{"x":6.25736,"y":0.08797},{"x":-2.08403,"y":0.08797},{"x":-2.08403,"y":-1.04859},{"x":0.0,"y":0.0}]
    },
    {
      "SourcePinAddress":{
        "PinID":531080545,
        "PinOwnerID":333971671
      },
      "TargetPinAddress":{
        "PinID":2139724878,
        "PinOwnerID":538773793
      },
      "ConnectionType":1,
      "ConnectedWireIndex":26,
      "ConnectedWireSegmentIndex":1,
      "Points":[{"x":11.75749,"y":-0.24879},{"x":11.75749,"y":0.35457},{"x":2.61657,"y":0.35457},{"x":2.61657,"y":-1.13278},{"x":0.0,"y":0.0}]
    },
    {
      "SourcePinAddress":{
        "PinID":531080545,
        "PinOwnerID":1600638443
      },
      "TargetPinAddress":{
        "PinID":2139724878,
        "PinOwnerID":1412097511
      },
      "ConnectionType":0,
      "ConnectedWireIndex":-1,
      "ConnectedWireSegmentIndex":-1,
      "Points":[{"x":0.0,"y":0.0},{"x":16.89632,"y":-0.10563},{"x":16.89632,"y":0.17373},{"x":7.34932,"y":0.17373},{"x":7.34932,"y":-1.14853},{"x":0.0,"y":0.0}]
    },
    {
      "SourcePinAddress":{
        "PinID":0,
        "PinOwnerID":286840879
      },
      "TargetPinAddress":{
        "PinID":2139724878,
        "PinOwnerID":2078358748
      },
      "ConnectionType":1,
      "ConnectedWireIndex":3,
      "ConnectedWireSegmentIndex":0,
      "Points":[{"x":-3.05095,"y":2.40099},{"x":12.77317,"y":2.40099},{"x":12.77317,"y":-1.04971},{"x":0.0,"y":0.0}]
    },
    {
      "SourcePinAddress":{
        "PinID":4,
        "PinOwnerID":1599541943
      },
      "TargetPinAddress":{
        "PinID":1203430114,
        "PinOwnerID":2078358748
      },
      "ConnectionType":0,
      "ConnectedWireIndex":-1,
      "ConnectedWireSegmentIndex":-1,
      "Points":[{"x":0.0,"y":0.0},{"x":12.72647,"y":-3.14911},{"x":12.72647,"y":-1.24532},{"x":0.0,"y":0.0}]
    },
    {
      "SourcePinAddress":{
        "PinID":4,
        "PinOwnerID":1599541943
      },
      "TargetPinAddress":{
        "PinID":1620572655,
        "PinOwnerID":2078358748
      },
      "ConnectionType":1,
      "ConnectedWireIndex":31,
      "ConnectedWireSegmentIndex":1,
      "Points":[{"x":12.72647,"y":-1.52108},{"x":0.0,"y":0.0}]
    },
    {
      "SourcePinAddress":{
        "PinID":4,
        "PinOwnerID":1467303243
      },
      "TargetPinAddress":{
        "PinID":0,
        "PinOwnerID":269015652
      },
      "ConnectionType":0,
      "ConnectedWireIndex":-1,
      "ConnectedWireSegmentIndex":-1,
      "Points":[{"x":0.0,"y":0.0},{"x":0.0,"y":0.0}]
    },
    {
      "SourcePinAddress":{
        "PinID":276838383,
        "PinOwnerID":1600638443
      },
      "TargetPinAddress":{
        "PinID":3,
        "PinOwnerID":1467303243
      },
      "ConnectionType":0,
      "ConnectedWireIndex":-1,
      "ConnectedWireSegmentIndex":-1,
      "Points":[{"x":0.0,"y":0.0},{"x":16.95511,"y":-0.62533},{"x":16.95511,"y":-2.91911},{"x":0.0,"y":0.0}]
    },
    {
      "SourcePinAddress":{
        "PinID":276838383,
        "PinOwnerID":333971671
      },
      "TargetPinAddress":{
        "PinID":2,
        "PinOwnerID":1467303243
      },
      "ConnectionType":0,
      "ConnectedWireIndex":-1,
      "ConnectedWireSegmentIndex":-1,
      "Points":[{"x":0.0,"y":0.0},{"x":11.62711,"y":-0.67146},{"x":11.62711,"y":-2.66911},{"x":0.0,"y":0.0}]
    },
    {
      "SourcePinAddress":{
        "PinID":276838383,
        "PinOwnerID":2135960808
      },
      "TargetPinAddress":{
        "PinID":1,
        "PinOwnerID":1467303243
      },
      "ConnectionType":0,
      "ConnectedWireIndex":-1,
      "ConnectedWireSegmentIndex":-1,
      "Points":[{"x":0.0,"y":0.0},{"x":6.1146,"y":-0.64839},{"x":6.1146,"y":-2.41911},{"x":0.0,"y":0.0}]
    },
    {
      "SourcePinAddress":{
        "PinID":276838383,
        "PinOwnerID":1388460440
      },
      "TargetPinAddress":{
        "PinID":0,
        "PinOwnerID":1467303243
      },
      "ConnectionType":0,
      "ConnectedWireIndex":-1,
      "ConnectedWireSegmentIndex":-1,
      "Points":[{"x":0.0,"y":0.0},{"x":1.47887,"y":-0.62783},{"x":1.47887,"y":-2.16911},{"x":0.0,"y":0.0}]
    },
    {
      "SourcePinAddress":{
        "PinID":531080545,
        "PinOwnerID":1600638443
      },
      "TargetPinAddress":{
        "PinID":1759055145,
        "PinOwnerID":2042194559
      },
      "ConnectionType":1,
      "ConnectedWireIndex":29,
      "ConnectedWireSegmentIndex":0,
      "Points":[{"x":16.89632,"y":-0.10563},{"x":17.60859,"y":-0.10563},{"x":17.60859,"y":1.05233},{"x":0.0,"y":0.0}]
    },
    {
      "SourcePinAddress":{
        "PinID":531080545,
        "PinOwnerID":1388460440
      },
      "TargetPinAddress":{
        "PinID":1646085438,
        "PinOwnerID":2042194559
      },
      "ConnectionType":1,
      "ConnectedWireIndex":7,
      "ConnectedWireSegmentIndex":1,
      "Points":[{"x":1.76297,"y":-0.1884},{"x":1.76297,"y":0.8869},{"x":0.0,"y":0.0}]
    },
    {
      "SourcePinAddress":{
        "PinID":0,
        "PinOwnerID":1350062405
      },
      "TargetPinAddress":{
        "PinID":950059019,
        "PinOwnerID":2042194559
      },
      "ConnectionType":1,
      "ConnectedWireIndex":25,
      "ConnectedWireSegmentIndex":1,
      "Points":[{"x":12.27429,"y":0.63875},{"x":16.71526,"y":0.63875},{"x":16.71526,"y":1.36665},{"x":0.0,"y":0.0}]
    },
    {
      "SourcePinAddress":{
        "PinID":1891561407,
        "PinOwnerID":2042194559
      },
      "TargetPinAddress":{
        "PinID":0,
        "PinOwnerID":443483174
      },
      "ConnectionType":0,
      "ConnectedWireIndex":-1,
      "ConnectedWireSegmentIndex":-1,
      "Points":[{"x":0.0,"y":0.0},{"x":0.0,"y":0.0}]
    }
  ],
  "Displays": null
}