{
  "DLSVersion": "2.1.6",
  "Name": "GATE-4",
  "NameLocation": 0,
  "ChipType": 0,
  "Size": {
    "x": 1.025,
    "y": 0.625
  },
  "Colour": {
    "r": 0.485004961,
    "g": 0.950618863,
    "b": 0.6199995,
    "a": 1
  },
  "InputPins":[
    {
      "Name":"IN",
      "ID":507935886,
      "Position":{
        "x":-2.83465,
        "y":3.64173
      },
      "BitCount":1,
      "Colour":0,
      "ValueDisplayMode":0
    },
    {
      "Name":"IN",
      "ID":1789470071,
      "Position":{
        "x":-4.87205,
        "y":1.87992
      },
      "BitCount":4,
      "Colour":0,
      "ValueDisplayMode":0
    }
  ],
  "OutputPins":[
    {
      "Name":"OUT",
      "ID":1098149322,
      "Position":{
        "x":3.23819,
        "y":2.04724
      },
      "BitCount":4,
      "Colour":0,
      "ValueDisplayMode":0
    }
  ],
  "SubChips":[
    {
      "Name":"AND",
      "ID":1732078308,
      "Label":"",
      "Position":{
        "x":-0.77756,
        "y":2.76575
      },
      "OutputPinColourInfo":[{"PinColour":0,"PinID":406217789}],
      "InternalData":null
    },
    {
      "Name":"AND",
      "ID":705839737,
      "Label":"",
      "Position":{
        "x":-0.82677,
        "y":2.19488
      },
      "OutputPinColourInfo":[{"PinColour":0,"PinID":406217789}],
      "InternalData":null
    },
    {
      "Name":"AND",
      "ID":1399722202,
      "Label":"",
      "Position":{
        "x":-0.79724,
        "y":1.62402
      },
      "OutputPinColourInfo":[{"PinColour":0,"PinID":406217789}],
      "InternalData":null
    },
    {
      "Name":"AND",
      "ID":1489147913,
      "Label":"",
      "Position":{
        "x":-0.83661,
        "y":1.06299
      },
      "OutputPinColourInfo":[{"PinColour":0,"PinID":406217789}],
      "InternalData":null
    },
    {
      "Name":"4-1BIT",
      "ID":1725882740,
      "Label":"",
      "Position":{
        "x":-3.11024,
        "y":1.91929
      },
      "OutputPinColourInfo":[{"PinColour":0,"PinID":1},{"PinColour":0,"PinID":2},{"PinColour":0,"PinID":3},{"PinColour":0,"PinID":4}],
      "InternalData":null
    },
    {
      "Name":"1-4BIT",
      "ID":1290766155,
      "Label":"",
      "Position":{
        "x":1.3189,
        "y":2.00787
      },
      "OutputPinColourInfo":[{"PinColour":0,"PinID":4}],
      "InternalData":null
    }
  ],
  "Wires":[
    {
      "SourcePinAddress":{
        "PinID":0,
        "PinOwnerID":1789470071
      },
      "TargetPinAddress":{
        "PinID":0,
        "PinOwnerID":1725882740
      },
      "ConnectionType":0,
      "ConnectedWireIndex":-1,
      "ConnectedWireSegmentIndex":-1,
      "Points":[{"x":0.0,"y":0.0},{"x":0.0,"y":0.0}]
    },
    {
      "SourcePinAddress":{
        "PinID":4,
        "PinOwnerID":1290766155
      },
      "TargetPinAddress":{
        "PinID":0,
        "PinOwnerID":1098149322
      },
      "ConnectionType":0,
      "ConnectedWireIndex":-1,
      "ConnectedWireSegmentIndex":-1,
      "Points":[{"x":0.0,"y":0.0},{"x":0.0,"y":0.0}]
    },
    {
      "SourcePinAddress":{
        "PinID":406217789,
        "PinOwnerID":1732078308
      },
      "TargetPinAddress":{
        "PinID":0,
        "PinOwnerID":1290766155
      },
      "ConnectionType":0,
      "ConnectedWireIndex":-1,
      "ConnectedWireSegmentIndex":-1,
      "Points":[{"x":0.0,"y":0.0},{"x":0.0,"y":0.0}]
    },
    {
      "SourcePinAddress":{
        "PinID":406217789,
        "PinOwnerID":705839737
      },
      "TargetPinAddress":{
        "PinID":1,
        "PinOwnerID":1290766155
      },
      "ConnectionType":0,
      "ConnectedWireIndex":-1,
      "ConnectedWireSegmentIndex":-1,
      "Points":[{"x":0.0,"y":0.0},{"x":0.0,"y":0.0}]
    },
    {
      "SourcePinAddress":{
        "PinID":406217789,
        "PinOwnerID":1399722202
      },
      "TargetPinAddress":{
        "PinID":2,
        "PinOwnerID":1290766155
      },
      "ConnectionType":0,
      "ConnectedWireIndex":-1,
      "ConnectedWireSegmentIndex":-1,
      "Points":[{"x":0.0,"y":0.0},{"x":0.0,"y":0.0}]
    },
    {
      "SourcePinAddress":{
        "PinID":406217789,
        "PinOwnerID":1489147913
      },
      "TargetPinAddress":{
        "PinID":3,
        "PinOwnerID":1290766155
      },
      "ConnectionType":0,
      "ConnectedWireIndex":-1,
      "ConnectedWireSegmentIndex":-1,
      "Points":[{"x":0.0,"y":0.0},{"x":0.0,"y":0.0}]
    },
    {
      "SourcePinAddress":{
        "PinID":1,
        "PinOwnerID":1725882740
      },
      "TargetPinAddress":{
        "PinID":1351959728,
        "PinOwnerID":1732078308
      },
      "ConnectionType":0,
      "ConnectedWireIndex":-1,
      "ConnectedWireSegmentIndex":-1,
      "Points":[{"x":0.0,"y":0.0},{"x":0.0,"y":0.0}]
    },
    {
      "SourcePinAddress":{
        "PinID":2,
        "PinOwnerID":1725882740
      },
      "TargetPinAddress":{
        "PinID":1351959728,
        "PinOwnerID":705839737
      },
      "ConnectionType":0,
      "ConnectedWireIndex":-1,
      "ConnectedWireSegmentIndex":-1,
      "Points":[{"x":0.0,"y":0.0},{"x":0.0,"y":0.0}]
    },
    {
      "SourcePinAddress":{
        "PinID":3,
        "PinOwnerID":1725882740
      },
      "TargetPinAddress":{
        "PinID":1351959728,
        "PinOwnerID":1399722202
      },
      "ConnectionType":0,
      "ConnectedWireIndex":-1,
      "ConnectedWireSegmentIndex":-1,
      "Points":[{"x":0.0,"y":0.0},{"x":0.0,"y":0.0}]
    },
    {
      "SourcePinAddress":{
        "PinID":4,
        "PinOwnerID":1725882740
      },
      "TargetPinAddress":{
        "PinID":1351959728,
        "PinOwnerID":1489147913
      },
      "ConnectionType":0,
      "ConnectedWireIndex":-1,
      "ConnectedWireSegmentIndex":-1,
      "Points":[{"x":0.0,"y":0.0},{"x":0.0,"y":0.0}]
    },
    {
      "SourcePinAddress":{
        "PinID":0,
        "PinOwnerID":507935886
      },
      "TargetPinAddress":{
        "PinID":1792892232,
        "PinOwnerID":1489147913
      },
      "ConnectionType":0,
      "ConnectedWireIndex":-1,
      "ConnectedWireSegmentIndex":-1,
      "Points":[{"x":0.0,"y":0.0},{"x":-2.00787,"y":3.6122},{"x":-2.00787,"y":1.18799},{"x":0.0,"y":0.0}]
    },
    {
      "SourcePinAddress":{
        "PinID":0,
        "PinOwnerID":507935886
      },
      "TargetPinAddress":{
        "PinID":1792892232,
        "PinOwnerID":1732078308
      },
      "ConnectionType":1,
      "ConnectedWireIndex":10,
      "ConnectedWireSegmentIndex":1,
      "Points":[{"x":-2.00787,"y":2.89075},{"x":0.0,"y":0.0}]
    },
    {
      "SourcePinAddress":{
        "PinID":0,
        "PinOwnerID":507935886
      },
      "TargetPinAddress":{
        "PinID":1792892232,
        "PinOwnerID":705839737
      },
      "ConnectionType":1,
      "ConnectedWireIndex":10,
      "ConnectedWireSegmentIndex":1,
      "Points":[{"x":-2.00787,"y":2.31988},{"x":0.0,"y":0.0}]
    },
    {
      "SourcePinAddress":{
        "PinID":0,
        "PinOwnerID":507935886
      },
      "TargetPinAddress":{
        "PinID":1792892232,
        "PinOwnerID":1399722202
      },
      "ConnectionType":1,
      "ConnectedWireIndex":10,
      "ConnectedWireSegmentIndex":1,
      "Points":[{"x":-2.00787,"y":1.74902},{"x":0.0,"y":0.0}]
    }
  ],
  "Displays": null
}