{
  "DLSVersion": "2.1.6",
  "Name": "GATE-16",
  "NameLocation": 0,
  "ChipType": 0,
  "Size": {
    "x": 1.175,
    "y": 1.25
  },
  "Colour": {
    "r": 0.127177149,
    "g": 0.340004861,
    "b": 0.07858496,
    "a": 1
  },
  "InputPins":[
    {
      "Name":"IN",
      "ID":2073225816,
      "Position":{
        "x":-2.00295,
        "y":1.74508
      },
      "BitCount":1,
      "Colour":0,
      "ValueDisplayMode":0
    },
    {
      "Name":"IN",
      "ID":1370653146,
      "Position":{
        "x":-2.15453,
        "y":0.31594
      },
      "BitCount":8,
      "Colour":0,
      "ValueDisplayMode":0
    },
    {
      "Name":"IN",
      "ID":1209275541,
      "Position":{
        "x":-2.24114,
        "y":-0.49606
      },
      "BitCount":8,
      "Colour":0,
      "ValueDisplayMode":0
    }
  ],
  "OutputPins":[
    {
      "Name":"NC",
      "ID":2028739801,
      "Position":{
        "x":2.54429,
        "y":1.70177
      },
      "BitCount":1,
      "Colour":0,
      "ValueDisplayMode":0
    },
    {
      "Name":"OUT",
      "ID":178341933,
      "Position":{
        "x":2.6309,
        "y":0.5
      },
      "BitCount":8,
      "Colour":0,
      "ValueDisplayMode":0
    },
    {
      "Name":"OUT",
      "ID":1573752798,
      "Position":{
        "x":2.54429,
        "y":-0.39862
      },
      "BitCount":8,
      "Colour":0,
      "ValueDisplayMode":0
    }
  ],
  "SubChips":[
    {
      "Name":"GATE-8",
      "ID":1473903533,
      "Label":"",
      "Position":{
        "x":0.34449,
        "y":0.48228
      },
      "OutputPinColourInfo":[{"PinColour":0,"PinID":817989800}],
      "InternalData":null
    },
    {
      "Name":"GATE-8",
      "ID":1640693991,
      "Label":"",
      "Position":{
        "x":0.30512,
        "y":-0.40354
      },
      "OutputPinColourInfo":[{"PinColour":0,"PinID":817989800}],
      "InternalData":null
    }
  ],
  "Wires":[
    {
      "SourcePinAddress":{
        "PinID":0,
        "PinOwnerID":1370653146
      },
      "TargetPinAddress":{
        "PinID":389343068,
        "PinOwnerID":1473903533
      },
      "ConnectionType":0,
      "ConnectedWireIndex":-1,
      "ConnectedWireSegmentIndex":-1,
      "Points":[{"x":0.0,"y":0.0},{"x":0.0,"y":0.0}]
    },
    {
      "SourcePinAddress":{
        "PinID":0,
        "PinOwnerID":1209275541
      },
      "TargetPinAddress":{
        "PinID":389343068,
        "PinOwnerID":1640693991
      },
      "ConnectionType":0,
      "ConnectedWireIndex":-1,
      "ConnectedWireSegmentIndex":-1,
      "Points":[{"x":0.0,"y":0.0},{"x":0.0,"y":0.0}]
    },
    {
      "SourcePinAddress":{
        "PinID":817989800,
        "PinOwnerID":1640693991
      },
      "TargetPinAddress":{
        "PinID":0,
        "PinOwnerID":1573752798
      },
      "ConnectionType":0,
      "ConnectedWireIndex":-1,
      "ConnectedWireSegmentIndex":-1,
      "Points":[{"x":0.0,"y":0.0},{"x":0.0,"y":0.0}]
    },
    {
      "SourcePinAddress":{
        "PinID":817989800,
        "PinOwnerID":1473903533
      },
      "TargetPinAddress":{
        "PinID":0,
        "PinOwnerID":178341933
      },
      "ConnectionType":0,
      "ConnectedWireIndex":-1,
      "ConnectedWireSegmentIndex":-1,
      "Points":[{"x":0.0,"y":0.0},{"x":0.0,"y":0.0}]
    },
    {
      "SourcePinAddress":{
        "PinID":0,
        "PinOwnerID":2073225816
      },
      "TargetPinAddress":{
        "PinID":2030866645,
        "PinOwnerID":1640693991
      },
      "ConnectionType":0,
      "ConnectedWireIndex":-1,
      "ConnectedWireSegmentIndex":-1,
      "Points":[{"x":0.0,"y":0.0},{"x":-0.55217,"y":1.74508},{"x":-0.55217,"y":-0.20374},{"x":0.0,"y":0.0}]
    },
    {
      "SourcePinAddress":{
        "PinID":0,
        "PinOwnerID":2073225816
      },
      "TargetPinAddress":{
        "PinID":2030866645,
        "PinOwnerID":1473903533
      },
      "ConnectionType":1,
      "ConnectedWireIndex":4,
      "ConnectedWireSegmentIndex":1,
      "Points":[{"x":-0.55217,"y":0.73228},{"x":0.0,"y":0.0}]
    }
  ],
  "Displays": null
}