{
  "DLSVersion": "2.1.6",
  "Name": "GATE-8",
  "NameLocation": 0,
  "ChipType": 0,
  "Size": {
    "x": 1.025,
    "y": 0.75
  },
  "Colour": {
    "r": 0.01063365,
    "g": 0.104021363,
    "b": 0.4599356,
    "a": 1
  },
  "InputPins":[
    {
      "Name":"Activate",
      "ID":2030866645,
      "Position":{
        "x":-0.2078,
        "y":3.22823
      },
      "BitCount":1,
      "Colour":0,
      "ValueDisplayMode":0
    },
    {
      "Name":"IN",
      "ID":389343068,
      "Position":{
        "x":-3.70018,
        "y":0.41238
      },
      "BitCount":8,
      "Colour":0,
      "ValueDisplayMode":0
    }
  ],
  "OutputPins":[
    {
      "Name":"OUT",
      "ID":817989800,
      "Position":{
        "x":6.28327,
        "y":0.30267
      },
      "BitCount":8,
      "Colour":0,
      "ValueDisplayMode":0
    }
  ],
  "SubChips":[
    {
      "Name":"8-1BIT",
      "ID":1043321384,
      "Label":"",
      "Position":{
        "x":-0.75634,
        "y":0.37581
      },
      "OutputPinColourInfo":[{"PinColour":0,"PinID":1},{"PinColour":0,"PinID":2},{"PinColour":0,"PinID":3},{"PinColour":0,"PinID":4},{"PinColour":0,"PinID":5},{"PinColour":0,"PinID":6},{"PinColour":0,"PinID":7},{"PinColour":0,"PinID":8}],
      "InternalData":null
    },
    {
      "Name":"1-8BIT",
      "ID":984063550,
      "Label":"",
      "Position":{
        "x":3.79656,
        "y":0.3301
      },
      "OutputPinColourInfo":[{"PinColour":0,"PinID":8}],
      "InternalData":null
    },
    {
      "Name":"AND",
      "ID":1569324344,
      "Label":"",
      "Position":{
        "x":1.66639,
        "y":2.50598
      },
      "OutputPinColourInfo":[{"PinColour":0,"PinID":406217789}],
      "InternalData":null
    },
    {
      "Name":"AND",
      "ID":1382687657,
      "Label":"",
      "Position":{
        "x":1.6481,
        "y":1.93916
      },
      "OutputPinColourInfo":[{"PinColour":0,"PinID":406217789}],
      "InternalData":null
    },
    {
      "Name":"AND",
      "ID":27266917,
      "Label":"",
      "Position":{
        "x":1.65724,
        "y":1.35405
      },
      "OutputPinColourInfo":[{"PinColour":0,"PinID":406217789}],
      "InternalData":null
    },
    {
      "Name":"AND",
      "ID":2057202671,
      "Label":"",
      "Position":{
        "x":1.65724,
        "y":0.76893
      },
      "OutputPinColourInfo":[{"PinColour":0,"PinID":406217789}],
      "InternalData":null
    },
    {
      "Name":"AND",
      "ID":1650437047,
      "Label":"",
      "Position":{
        "x":1.68467,
        "y":0.19297
      },
      "OutputPinColourInfo":[{"PinColour":0,"PinID":406217789}],
      "InternalData":null
    },
    {
      "Name":"AND",
      "ID":1829419787,
      "Label":"",
      "Position":{
        "x":1.73038,
        "y":-0.383
      },
      "OutputPinColourInfo":[{"PinColour":0,"PinID":406217789}],
      "InternalData":null
    },
    {
      "Name":"AND",
      "ID":651659394,
      "Label":"",
      "Position":{
        "x":1.70296,
        "y":-0.96811
      },
      "OutputPinColourInfo":[{"PinColour":0,"PinID":406217789}],
      "InternalData":null
    },
    {
      "Name":"AND",
      "ID":192175141,
      "Label":"",
      "Position":{
        "x":1.7121,
        "y":-1.56237
      },
      "OutputPinColourInfo":[{"PinColour":0,"PinID":406217789}],
      "InternalData":null
    }
  ],
  "Wires":[
    {
      "SourcePinAddress":{
        "PinID":0,
        "PinOwnerID":389343068
      },
      "TargetPinAddress":{
        "PinID":0,
        "PinOwnerID":1043321384
      },
      "ConnectionType":0,
      "ConnectedWireIndex":-1,
      "ConnectedWireSegmentIndex":-1,
      "Points":[{"x":0.0,"y":0.0},{"x":0.0,"y":0.0}]
    },
    {
      "SourcePinAddress":{
        "PinID":1,
        "PinOwnerID":1043321384
      },
      "TargetPinAddress":{
        "PinID":1792892232,
        "PinOwnerID":1569324344
      },
      "ConnectionType":0,
      "ConnectedWireIndex":-1,
      "ConnectedWireSegmentIndex":-1,
      "Points":[{"x":0.0,"y":0.0},{"x":0.0,"y":0.0}]
    },
    {
      "SourcePinAddress":{
        "PinID":2,
        "PinOwnerID":1043321384
      },
      "TargetPinAddress":{
        "PinID":1792892232,
        "PinOwnerID":1382687657
      },
      "ConnectionType":0,
      "ConnectedWireIndex":-1,
      "ConnectedWireSegmentIndex":-1,
      "Points":[{"x":0.0,"y":0.0},{"x":0.0,"y":0.0}]
    },
    {
      "SourcePinAddress":{
        "PinID":3,
        "PinOwnerID":1043321384
      },
      "TargetPinAddress":{
        "PinID":1792892232,
        "PinOwnerID":27266917
      },
      "ConnectionType":0,
      "ConnectedWireIndex":-1,
      "ConnectedWireSegmentIndex":-1,
      "Points":[{"x":0.0,"y":0.0},{"x":0.0,"y":0.0}]
    },
    {
      "SourcePinAddress":{
        "PinID":4,
        "PinOwnerID":1043321384
      },
      "TargetPinAddress":{
        "PinID":1792892232,
        "PinOwnerID":2057202671
      },
      "ConnectionType":0,
      "ConnectedWireIndex":-1,
      "ConnectedWireSegmentIndex":-1,
      "Points":[{"x":0.0,"y":0.0},{"x":0.0,"y":0.0}]
    },
    {
      "SourcePinAddress":{
        "PinID":5,
        "PinOwnerID":1043321384
      },
      "TargetPinAddress":{
        "PinID":1792892232,
        "PinOwnerID":1650437047
      },
      "ConnectionType":0,
      "ConnectedWireIndex":-1,
      "ConnectedWireSegmentIndex":-1,
      "Points":[{"x":0.0,"y":0.0},{"x":0.0,"y":0.0}]
    },
    {
      "SourcePinAddress":{
        "PinID":6,
        "PinOwnerID":1043321384
      },
      "TargetPinAddress":{
        "PinID":1792892232,
        "PinOwnerID":1829419787
      },
      "ConnectionType":0,
      "ConnectedWireIndex":-1,
      "ConnectedWireSegmentIndex":-1,
      "Points":[{"x":0.0,"y":0.0},{"x":0.0,"y":0.0}]
    },
    {
      "SourcePinAddress":{
        "PinID":7,
        "PinOwnerID":1043321384
      },
      "TargetPinAddress":{
        "PinID":1792892232,
        "PinOwnerID":651659394
      },
      "ConnectionType":0,
      "ConnectedWireIndex":-1,
      "ConnectedWireSegmentIndex":-1,
      "Points":[{"x":0.0,"y":0.0},{"x":0.0,"y":0.0}]
    },
    {
      "SourcePinAddress":{
        "PinID":8,
        "PinOwnerID":1043321384
      },
      "TargetPinAddress":{
        "PinID":1792892232,
        "PinOwnerID":192175141
      },
      "ConnectionType":0,
      "ConnectedWireIndex":-1,
      "ConnectedWireSegmentIndex":-1,
      "Points":[{"x":0.0,"y":0.0},{"x":0.0,"y":0.0}]
    },
    {
      "SourcePinAddress":{
        "PinID":406217789,
        "PinOwnerID":1569324344
      },
      "TargetPinAddress":{
        "PinID":0,
        "PinOwnerID":984063550
      },
      "ConnectionType":0,
      "ConnectedWireIndex":-1,
      "ConnectedWireSegmentIndex":-1,
      "Points":[{"x":0.0,"y":0.0},{"x":0.0,"y":0.0}]
    },
    {
      "SourcePinAddress":{
        "PinID":406217789,
        "PinOwnerID":1382687657
      },
      "TargetPinAddress":{
        "PinID":1,
        "PinOwnerID":984063550
      },
      "ConnectionType":0,
      "ConnectedWireIndex":-1,
      "ConnectedWireSegmentIndex":-1,
      "Points":[{"x":0.0,"y":0.0},{"x":0.0,"y":0.0}]
    },
    {
      "SourcePinAddress":{
        "PinID":406217789,
        "PinOwnerID":27266917
      },
      "TargetPinAddress":{
        "PinID":2,
        "PinOwnerID":984063550
      },
      "ConnectionType":0,
      "ConnectedWireIndex":-1,
      "ConnectedWireSegmentIndex":-1,
      "Points":[{"x":0.0,"y":0.0},{"x":0.0,"y":0.0}]
    },
    {
      "SourcePinAddress":{
        "PinID":406217789,
        "PinOwnerID":2057202671
      },
      "TargetPinAddress":{
        "PinID":3,
        "PinOwnerID":984063550
      },
      "ConnectionType":0,
      "ConnectedWireIndex":-1,
      "ConnectedWireSegmentIndex":-1,
      "Points":[{"x":0.0,"y":0.0},{"x":0.0,"y":0.0}]
    },
    {
      "SourcePinAddress":{
        "PinID":406217789,
        "PinOwnerID":1650437047
      },
      "TargetPinAddress":{
        "PinID":4,
        "PinOwnerID":984063550
      },
      "ConnectionType":0,
      "ConnectedWireIndex":-1,
      "ConnectedWireSegmentIndex":-1,
      "Points":[{"x":0.0,"y":0.0},{"x":0.0,"y":0.0}]
    },
    {
      "SourcePinAddress":{
        "PinID":406217789,
        "PinOwnerID":1829419787
      },
      "TargetPinAddress":{
        "PinID":5,
        "PinOwnerID":984063550
      },
      "ConnectionType":0,
      "ConnectedWireIndex":-1,
      "ConnectedWireSegmentIndex":-1,
      "Points":[{"x":0.0,"y":0.0},{"x":0.0,"y":0.0}]
    },
    {
      "SourcePinAddress":{
        "PinID":406217789,
        "PinOwnerID":651659394
      },
      "TargetPinAddress":{
        "PinID":6,
        "PinOwnerID":984063550
      },
      "ConnectionType":0,
      "ConnectedWireIndex":-1,
      "ConnectedWireSegmentIndex":-1,
      "Points":[{"x":0.0,"y":0.0},{"x":0.0,"y":0.0}]
    },
    {
      "SourcePinAddress":{
        "PinID":406217789,
        "PinOwnerID":192175141
      },
      "TargetPinAddress":{
        "PinID":7,
        "PinOwnerID":984063550
      },
      "ConnectionType":0,
      "ConnectedWireIndex":-1,
      "ConnectedWireSegmentIndex":-1,
      "Points":[{"x":0.0,"y":0.0},{"x":0.0,"y":0.0}]
    },
    {
      "SourcePinAddress":{
        "PinID":8,
        "PinOwnerID":984063550
      },
      "TargetPinAddress":{
        "PinID":0,
        "PinOwnerID":817989800
      },
      "ConnectionType":0,
      "ConnectedWireIndex":-1,
      "ConnectedWireSegmentIndex":-1,
      "Points":[{"x":0.0,"y":0.0},{"x":0.0,"y":0.0}]
    },
    {
      "SourcePinAddress":{
        "PinID":0,
        "PinOwnerID":2030866645
      },
      "TargetPinAddress":{
        "PinID":1351959728,
        "PinOwnerID":192175141
      },
      "ConnectionType":0,
      "ConnectedWireIndex":-1,
      "ConnectedWireSegmentIndex":-1,
      "Points":[{"x":0.0,"y":0.0},{"x":0.96242,"y":3.22823},{"x":0.96242,"y":-1.73607},{"x":0.0,"y":0.0}]
    },
    {
      "SourcePinAddress":{
        "PinID":0,
        "PinOwnerID":2030866645
      },
      "TargetPinAddress":{
        "PinID":1351959728,
        "PinOwnerID":651659394
      },
      "ConnectionType":1,
      "ConnectedWireIndex":18,
      "ConnectedWireSegmentIndex":1,
      "Points":[{"x":0.96242,"y":-1.09311},{"x":0.0,"y":0.0}]
    },
    {
      "SourcePinAddress":{
        "PinID":0,
        "PinOwnerID":2030866645
      },
      "TargetPinAddress":{
        "PinID":1351959728,
        "PinOwnerID":1829419787
      },
      "ConnectionType":1,
      "ConnectedWireIndex":18,
      "ConnectedWireSegmentIndex":1,
      "Points":[{"x":0.96242,"y":-0.508},{"x":0.0,"y":0.0}]
    },
    {
      "SourcePinAddress":{
        "PinID":0,
        "PinOwnerID":2030866645
      },
      "TargetPinAddress":{
        "PinID":1351959728,
        "PinOwnerID":1650437047
      },
      "ConnectionType":1,
      "ConnectedWireIndex":18,
      "ConnectedWireSegmentIndex":1,
      "Points":[{"x":0.96242,"y":0.06797},{"x":0.0,"y":0.0}]
    },
    {
      "SourcePinAddress":{
        "PinID":0,
        "PinOwnerID":2030866645
      },
      "TargetPinAddress":{
        "PinID":1351959728,
        "PinOwnerID":2057202671
      },
      "ConnectionType":1,
      "ConnectedWireIndex":18,
      "ConnectedWireSegmentIndex":1,
      "Points":[{"x":0.96242,"y":0.64393},{"x":0.0,"y":0.0}]
    },
    {
      "SourcePinAddress":{
        "PinID":0,
        "PinOwnerID":2030866645
      },
      "TargetPinAddress":{
        "PinID":1351959728,
        "PinOwnerID":27266917
      },
      "ConnectionType":1,
      "ConnectedWireIndex":18,
      "ConnectedWireSegmentIndex":1,
      "Points":[{"x":0.96242,"y":1.22905},{"x":0.0,"y":0.0}]
    },
    {
      "SourcePinAddress":{
        "PinID":0,
        "PinOwnerID":2030866645
      },
      "TargetPinAddress":{
        "PinID":1351959728,
        "PinOwnerID":1382687657
      },
      "ConnectionType":1,
      "ConnectedWireIndex":18,
      "ConnectedWireSegmentIndex":1,
      "Points":[{"x":0.96242,"y":1.81416},{"x":0.0,"y":0.0}]
    },
    {
      "SourcePinAddress":{
        "PinID":0,
        "PinOwnerID":2030866645
      },
      "TargetPinAddress":{
        "PinID":1351959728,
        "PinOwnerID":1569324344
      },
      "ConnectionType":1,
      "ConnectedWireIndex":18,
      "ConnectedWireSegmentIndex":1,
      "Points":[{"x":0.96242,"y":2.38098},{"x":0.0,"y":0.0}]
    }
  ],
  "Displays": null
}