{
  "DLSVersion": "2.1.6",
  "Name": "HI",
  "NameLocation": 0,
  "ChipType": 0,
  "Size": {
    "x": 0.425,
    "y": 0.375
  },
  "Colour": {
    "r": 0.8089836,
    "g": 0.7648876,
    "b": 0.62498796,
    "a": 1
  },
  "InputPins":[],
  "OutputPins":[
    {
      "Name":"OUT",
      "ID":1575616495,
      "Position":{
        "x":-0.69882,
        "y":-0.38386
      },
      "BitCount":1,
      "Colour":0,
      "ValueDisplayMode":0
    }
  ],
  "SubChips":[
    {
      "Name":"NAND",
      "ID":1328421300,
      "Label":"",
      "Position":{
        "x":-3.23819,
        "y":-0.3937
      },
      "OutputPinColourInfo":[{"PinColour":0,"PinID":2}],
      "InternalData":null
    }
  ],
  "Wires":[
    {
      "SourcePinAddress":{
        "PinID":2,
        "PinOwnerID":1328421300
      },
      "TargetPinAddress":{
        "PinID":0,
        "PinOwnerID":1575616495
      },
      "ConnectionType":0,
      "ConnectedWireIndex":-1,
      "ConnectedWireSegmentIndex":-1,
      "Points":[{"x":0.0,"y":0.0},{"x":0.0,"y":0.0}]
    }
  ],
  "Displays":[]
}