{
  "DLSVersion": "2.1.6",
  "Name": "LO",
  "NameLocation": 0,
  "ChipType": 0,
  "Size": {
    "x": 0.425,
    "y": 0.375
  },
  "Colour": {
    "r": 0.4732826,
    "g": 0.8243774,
    "b": 0.751437068,
    "a": 1
  },
  "InputPins":[],
  "OutputPins":[
    {
      "Name":"OUT",
      "ID":224697959,
      "Position":{
        "x":-0.62992,
        "y":-1.55512
      },
      "BitCount":1,
      "Colour":0,
      "ValueDisplayMode":0
    }
  ],
  "SubChips":[
    {
      "Name":"NAND",
      "ID":133013326,
      "Label":"",
      "Position":{
        "x":-4.24213,
        "y":-1.62402
      },
      "OutputPinColourInfo":[{"PinColour":0,"PinID":2}],
      "InternalData":null
    },
    {
      "Name":"NAND",
      "ID":1071413595,
      "Label":"",
      "Position":{
        "x":-2.59843,
        "y":-1.70276
      },
      "OutputPinColourInfo":[{"PinColour":0,"PinID":2}],
      "InternalData":null
    }
  ],
  "Wires":[
    {
      "SourcePinAddress":{
        "PinID":2,
        "PinOwnerID":133013326
      },
      "TargetPinAddress":{
        "PinID":0,
        "PinOwnerID":1071413595
      },
      "ConnectionType":0,
      "ConnectedWireIndex":-1,
      "ConnectedWireSegmentIndex":-1,
      "Points":[{"x":0.0,"y":0.0},{"x":0.0,"y":0.0}]
    },
    {
      "SourcePinAddress":{
        "PinID":2,
        "PinOwnerID":133013326
      },
      "TargetPinAddress":{
        "PinID":1,
        "PinOwnerID":1071413595
      },
      "ConnectionType":0,
      "ConnectedWireIndex":-1,
      "ConnectedWireSegmentIndex":-1,
      "Points":[{"x":0.0,"y":0.0},{"x":0.0,"y":0.0}]
    },
    {
      "SourcePinAddress":{
        "PinID":2,
        "PinOwnerID":1071413595
      },
      "TargetPinAddress":{
        "PinID":0,
        "PinOwnerID":224697959
      },
      "ConnectionType":0,
      "ConnectedWireIndex":-1,
      "ConnectedWireSegmentIndex":-1,
      "Points":[{"x":0.0,"y":0.0},{"x":0.0,"y":0.0}]
    }
  ],
  "Displays": null
}