{
  "DLSVersion": "2.1.6",
  "Name": "LOG2",
  "NameLocation": 0,
  "ChipType": 0,
  "Size": {
    "x": 0.725,
    "y": 1.0
  },
  "Colour": {
    "r": 0.03573496,
    "g": 0.158042416,
    "b": 0.377039015,
    "a": 1
  },
  "InputPins":[
    {
      "Name":"IN",
      "ID":1663219558,
      "Position":{
        "x":-4.13386,
        "y":1.32874
      },
      "BitCount":8,
      "Colour":0,
      "ValueDisplayMode":1
    }
  ],
  "OutputPins":[
    {
      "Name":"OUT",
      "ID":1270951361,
      "Position":{
        "x":24.2819,
        "y":3.38324
      },
      "BitCount":8,
      "Colour":0,
      "ValueDisplayMode":1
    },
    {
      "Name":"Error",
      "ID":1666921373,
      "Position":{
        "x":23.10878,
        "y":-0.82982
      },
      "BitCount":1,
      "Colour":0,
      "ValueDisplayMode":0
    }
  ],
  "SubChips":[
    {
      "Name":"NONE-8",
      "ID":930895726,
      "Label":"",
      "Position":{
        "x":0.72023,
        "y":-0.48228
      },
      "OutputPinColourInfo":[{"PinColour":0,"PinID":1564861363}],
      "InternalData":null
    },
    {
      "Name":"NOT-8",
      "ID":1872226713,
      "Label":"",
      "Position":{
        "x":-0.93074,
        "y":3.57345
      },
      "OutputPinColourInfo":[{"PinColour":0,"PinID":2007435006}],
      "InternalData":null
    },
    {
      "Name":"8-1BIT",
      "ID":1320564778,
      "Label":"",
      "Position":{
        "x":0.58297,
        "y":4.4939
      },
      "OutputPinColourInfo":[{"PinColour":0,"PinID":1},{"PinColour":0,"PinID":2},{"PinColour":0,"PinID":3},{"PinColour":0,"PinID":4},{"PinColour":0,"PinID":5},{"PinColour":0,"PinID":6},{"PinColour":0,"PinID":7},{"PinColour":0,"PinID":8}],
      "InternalData":null
    },
    {
      "Name":"AND",
      "ID":903506681,
      "Label":"",
      "Position":{
        "x":2.00313,
        "y":5.2603
      },
      "OutputPinColourInfo":[{"PinColour":0,"PinID":406217789}],
      "InternalData":null
    },
    {
      "Name":"AND",
      "ID":385424283,
      "Label":"",
      "Position":{
        "x":2.92156,
        "y":5.03657
      },
      "OutputPinColourInfo":[{"PinColour":0,"PinID":406217789}],
      "InternalData":null
    },
    {
      "Name":"AND",
      "ID":892364521,
      "Label":"",
      "Position":{
        "x":3.94044,
        "y":4.76625
      },
      "OutputPinColourInfo":[{"PinColour":0,"PinID":406217789}],
      "InternalData":null
    },
    {
      "Name":"AND",
      "ID":274967845,
      "Label":"",
      "Position":{
        "x":4.91772,
        "y":4.52713
      },
      "OutputPinColourInfo":[{"PinColour":0,"PinID":406217789}],
      "InternalData":null
    },
    {
      "Name":"AND",
      "ID":1428593450,
      "Label":"",
      "Position":{
        "x":5.99897,
        "y":4.24642
      },
      "OutputPinColourInfo":[{"PinColour":0,"PinID":406217789}],
      "InternalData":null
    },
    {
      "Name":"AND",
      "ID":2112506000,
      "Label":"",
      "Position":{
        "x":7.12288,
        "y":4.07058
      },
      "OutputPinColourInfo":[{"PinColour":0,"PinID":406217789}],
      "InternalData":null
    },
    {
      "Name":"1-8BIT",
      "ID":1422498047,
      "Label":"",
      "Position":{
        "x":9.65043,
        "y":5.72848
      },
      "OutputPinColourInfo":[{"PinColour":0,"PinID":8}],
      "InternalData":null
    },
    {
      "Name":"AND-8",
      "ID":1423769025,
      "Label":"",
      "Position":{
        "x":12.51882,
        "y":2.48554
      },
      "OutputPinColourInfo":[{"PinColour":0,"PinID":1085026806}],
      "InternalData":null
    },
    {
      "Name":"HI",
      "ID":1761309247,
      "Label":"",
      "Position":{
        "x":7.59469,
        "y":7.20688
      },
      "OutputPinColourInfo":[{"PinColour":0,"PinID":1575616495}],
      "InternalData":null
    },
    {
      "Name":"8-1BIT",
      "ID":1864444162,
      "Label":"",
      "Position":{
        "x":14.93517,
        "y":2.85108
      },
      "OutputPinColourInfo":[{"PinColour":0,"PinID":1},{"PinColour":0,"PinID":2},{"PinColour":0,"PinID":3},{"PinColour":0,"PinID":4},{"PinColour":0,"PinID":5},{"PinColour":0,"PinID":6},{"PinColour":0,"PinID":7},{"PinColour":0,"PinID":8}],
      "InternalData":null
    },
    {
      "Name":"OR",
      "ID":1521268721,
      "Label":"",
      "Position":{
        "x":19.50834,
        "y":0.93556
      },
      "OutputPinColourInfo":[{"PinColour":0,"PinID":1460349536}],
      "InternalData":null
    },
    {
      "Name":"OR",
      "ID":114371307,
      "Label":"",
      "Position":{
        "x":18.49542,
        "y":0.35389
      },
      "OutputPinColourInfo":[{"PinColour":0,"PinID":1460349536}],
      "InternalData":null
    },
    {
      "Name":"OR",
      "ID":1614579904,
      "Label":"",
      "Position":{
        "x":18.65588,
        "y":1.36681
      },
      "OutputPinColourInfo":[{"PinColour":0,"PinID":1460349536}],
      "InternalData":null
    },
    {
      "Name":"OR",
      "ID":2091888896,
      "Label":"",
      "Position":{
        "x":19.62869,
        "y":2.88117
      },
      "OutputPinColourInfo":[{"PinColour":0,"PinID":1460349536}],
      "InternalData":null
    },
    {
      "Name":"OR",
      "ID":662183458,
      "Label":"",
      "Position":{
        "x":18.57565,
        "y":2.52013
      },
      "OutputPinColourInfo":[{"PinColour":0,"PinID":1460349536}],
      "InternalData":null
    },
    {
      "Name":"OR",
      "ID":1239781580,
      "Label":"",
      "Position":{
        "x":18.48539,
        "y":3.43275
      },
      "OutputPinColourInfo":[{"PinColour":0,"PinID":1460349536}],
      "InternalData":null
    },
    {
      "Name":"OR",
      "ID":19278008,
      "Label":"",
      "Position":{
        "x":19.63871,
        "y":5.0474
      },
      "OutputPinColourInfo":[{"PinColour":0,"PinID":1460349536}],
      "InternalData":null
    },
    {
      "Name":"OR",
      "ID":1413061928,
      "Label":"",
      "Position":{
        "x":18.49542,
        "y":4.55599
      },
      "OutputPinColourInfo":[{"PinColour":0,"PinID":1460349536}],
      "InternalData":null
    },
    {
      "Name":"OR",
      "ID":63442619,
      "Label":"",
      "Position":{
        "x":18.49542,
        "y":5.52879
      },
      "OutputPinColourInfo":[{"PinColour":0,"PinID":1460349536}],
      "InternalData":null
    },
    {
      "Name":"1-8BIT",
      "ID":749548775,
      "Label":"",
      "Position":{
        "x":21.9576,
        "y":3.363
      },
      "OutputPinColourInfo":[{"PinColour":0,"PinID":8}],
      "InternalData":null
    },
    {
      "Name":"LO",
      "ID":1738494159,
      "Label":"",
      "Position":{
        "x":20.49862,
        "y":4.84594
      },
      "OutputPinColourInfo":[{"PinColour":0,"PinID":224697959}],
      "InternalData":null
    }
  ],
  "Wires":[
    {
      "SourcePinAddress":{
        "PinID":0,
        "PinOwnerID":1663219558
      },
      "TargetPinAddress":{
        "PinID":55791929,
        "PinOwnerID":930895726
      },
      "ConnectionType":0,
      "ConnectedWireIndex":-1,
      "ConnectedWireSegmentIndex":-1,
      "Points":[{"x":0.0,"y":0.0},{"x":-2.91225,"y":1.53813},{"x":-2.44942,"y":-0.48228},{"x":0.0,"y":0.0}]
    },
    {
      "SourcePinAddress":{
        "PinID":0,
        "PinOwnerID":1663219558
      },
      "TargetPinAddress":{
        "PinID":753433383,
        "PinOwnerID":1872226713
      },
      "ConnectionType":0,
      "ConnectedWireIndex":-1,
      "ConnectedWireSegmentIndex":-1,
      "Points":[{"x":0.0,"y":0.0},{"x":0.0,"y":0.0}]
    },
    {
      "SourcePinAddress":{
        "PinID":2007435006,
        "PinOwnerID":1872226713
      },
      "TargetPinAddress":{
        "PinID":0,
        "PinOwnerID":1320564778
      },
      "ConnectionType":0,
      "ConnectedWireIndex":-1,
      "ConnectedWireSegmentIndex":-1,
      "Points":[{"x":0.0,"y":0.0},{"x":0.0,"y":0.0}]
    },
    {
      "SourcePinAddress":{
        "PinID":1,
        "PinOwnerID":1320564778
      },
      "TargetPinAddress":{
        "PinID":1792892232,
        "PinOwnerID":903506681
      },
      "ConnectionType":0,
      "ConnectedWireIndex":-1,
      "ConnectedWireSegmentIndex":-1,
      "Points":[{"x":0.0,"y":0.0},{"x":0.0,"y":0.0}]
    },
    {
      "SourcePinAddress":{
        "PinID":2,
        "PinOwnerID":1320564778
      },
      "TargetPinAddress":{
        "PinID":1351959728,
        "PinOwnerID":903506681
      },
      "ConnectionType":0,
      "ConnectedWireIndex":-1,
      "ConnectedWireSegmentIndex":-1,
      "Points":[{"x":0.0,"y":0.0},{"x":0.0,"y":0.0}]
    },
    {
      "SourcePinAddress":{
        "PinID":406217789,
        "PinOwnerID":903506681
      },
      "TargetPinAddress":{
        "PinID":1792892232,
        "PinOwnerID":385424283
      },
      "ConnectionType":0,
      "ConnectedWireIndex":-1,
      "ConnectedWireSegmentIndex":-1,
      "Points":[{"x":0.0,"y":0.0},{"x":0.0,"y":0.0}]
    },
    {
      "SourcePinAddress":{
        "PinID":3,
        "PinOwnerID":1320564778
      },
      "TargetPinAddress":{
        "PinID":1351959728,
        "PinOwnerID":385424283
      },
      "ConnectionType":0,
      "ConnectedWireIndex":-1,
      "ConnectedWireSegmentIndex":-1,
      "Points":[{"x":0.0,"y":0.0},{"x":0.0,"y":0.0}]
    },
    {
      "SourcePinAddress":{
        "PinID":406217789,
        "PinOwnerID":385424283
      },
      "TargetPinAddress":{
        "PinID":1792892232,
        "PinOwnerID":892364521
      },
      "ConnectionType":0,
      "ConnectedWireIndex":-1,
      "ConnectedWireSegmentIndex":-1,
      "Points":[{"x":0.0,"y":0.0},{"x":0.0,"y":0.0}]
    },
    {
      "SourcePinAddress":{
        "PinID":4,
        "PinOwnerID":1320564778
      },
      "TargetPinAddress":{
        "PinID":1351959728,
        "PinOwnerID":892364521
      },
      "ConnectionType":0,
      "ConnectedWireIndex":-1,
      "ConnectedWireSegmentIndex":-1,
      "Points":[{"x":0.0,"y":0.0},{"x":0.0,"y":0.0}]
    },
    {
      "SourcePinAddress":{
        "PinID":5,
        "PinOwnerID":1320564778
      },
      "TargetPinAddress":{
        "PinID":1351959728,
        "PinOwnerID":274967845
      },
      "ConnectionType":0,
      "ConnectedWireIndex":-1,
      "ConnectedWireSegmentIndex":-1,
      "Points":[{"x":0.0,"y":0.0},{"x":0.0,"y":0.0}]
    },
    {
      "SourcePinAddress":{
        "PinID":406217789,
        "PinOwnerID":892364521
      },
      "TargetPinAddress":{
        "PinID":1792892232,
        "PinOwnerID":274967845
      },
      "ConnectionType":0,
      "ConnectedWireIndex":-1,
      "ConnectedWireSegmentIndex":-1,
      "Points":[{"x":0.0,"y":0.0},{"x":0.0,"y":0.0}]
    },
    {
      "SourcePinAddress":{
        "PinID":406217789,
        "PinOwnerID":274967845
      },
      "TargetPinAddress":{
        "PinID":1792892232,
        "PinOwnerID":1428593450
      },
      "ConnectionType":0,
      "ConnectedWireIndex":-1,
      "ConnectedWireSegmentIndex":-1,
      "Points":[{"x":0.0,"y":0.0},{"x":0.0,"y":0.0}]
    },
    {
      "SourcePinAddress":{
        "PinID":6,
        "PinOwnerID":1320564778
      },
      "TargetPinAddress":{
        "PinID":1351959728,
        "PinOwnerID":1428593450
      },
      "ConnectionType":0,
      "ConnectedWireIndex":-1,
      "ConnectedWireSegmentIndex":-1,
      "Points":[{"x":0.0,"y":0.0},{"x":0.0,"y":0.0}]
    },
    {
      "SourcePinAddress":{
        "PinID":406217789,
        "PinOwnerID":1428593450
      },
      "TargetPinAddress":{
        "PinID":1792892232,
        "PinOwnerID":2112506000
      },
      "ConnectionType":0,
      "ConnectedWireIndex":-1,
      "ConnectedWireSegmentIndex":-1,
      "Points":[{"x":0.0,"y":0.0},{"x":0.0,"y":0.0}]
    },
    {
      "SourcePinAddress":{
        "PinID":7,
        "PinOwnerID":1320564778
      },
      "TargetPinAddress":{
        "PinID":1351959728,
        "PinOwnerID":2112506000
      },
      "ConnectionType":0,
      "ConnectedWireIndex":-1,
      "ConnectedWireSegmentIndex":-1,
      "Points":[{"x":0.0,"y":0.0},{"x":0.0,"y":0.0}]
    },
    {
      "SourcePinAddress":{
        "PinID":1,
        "PinOwnerID":1320564778
      },
      "TargetPinAddress":{
        "PinID":1,
        "PinOwnerID":1422498047
      },
      "ConnectionType":0,
      "ConnectedWireIndex":-1,
      "ConnectedWireSegmentIndex":-1,
      "Points":[{"x":0.0,"y":0.0},{"x":0.0,"y":0.0}]
    },
    {
      "SourcePinAddress":{
        "PinID":406217789,
        "PinOwnerID":903506681
      },
      "TargetPinAddress":{
        "PinID":2,
        "PinOwnerID":1422498047
      },
      "ConnectionType":0,
      "ConnectedWireIndex":-1,
      "ConnectedWireSegmentIndex":-1,
      "Points":[{"x":0.0,"y":0.0},{"x":0.0,"y":0.0}]
    },
    {
      "SourcePinAddress":{
        "PinID":406217789,
        "PinOwnerID":385424283
      },
      "TargetPinAddress":{
        "PinID":3,
        "PinOwnerID":1422498047
      },
      "ConnectionType":0,
      "ConnectedWireIndex":-1,
      "ConnectedWireSegmentIndex":-1,
      "Points":[{"x":0.0,"y":0.0},{"x":0.0,"y":0.0}]
    },
    {
      "SourcePinAddress":{
        "PinID":406217789,
        "PinOwnerID":892364521
      },
      "TargetPinAddress":{
        "PinID":4,
        "PinOwnerID":1422498047
      },
      "ConnectionType":0,
      "ConnectedWireIndex":-1,
      "ConnectedWireSegmentIndex":-1,
      "Points":[{"x":0.0,"y":0.0},{"x":0.0,"y":0.0}]
    },
    {
      "SourcePinAddress":{
        "PinID":406217789,
        "PinOwnerID":274967845
      },
      "TargetPinAddress":{
        "PinID":5,
        "PinOwnerID":1422498047
      },
      "ConnectionType":0,
      "ConnectedWireIndex":-1,
      "ConnectedWireSegmentIndex":-1,
      "Points":[{"x":0.0,"y":0.0},{"x":0.0,"y":0.0}]
    },
    {
      "SourcePinAddress":{
        "PinID":406217789,
        "PinOwnerID":1428593450
      },
      "TargetPinAddress":{
        "PinID":6,
        "PinOwnerID":1422498047
      },
      "ConnectionType":0,
      "ConnectedWireIndex":-1,
      "ConnectedWireSegmentIndex":-1,
      "Points":[{"x":0.0,"y":0.0},{"x":0.0,"y":0.0}]
    },
    {
      "SourcePinAddress":{
        "PinID":406217789,
        "PinOwnerID":2112506000
      },
      "TargetPinAddress":{
        "PinID":7,
        "PinOwnerID":1422498047
      },
      "ConnectionType":0,
      "ConnectedWireIndex":-1,
      "ConnectedWireSegmentIndex":-1,
      "Points":[{"x":0.0,"y":0.0},{"x":0.0,"y":0.0}]
    },
    {
      "SourcePinAddress":{
        "PinID":8,
        "PinOwnerID":1422498047
      },
      "TargetPinAddress":{
        "PinID":804514004,
        "PinOwnerID":1423769025
      },
      "ConnectionType":0,
      "ConnectedWireIndex":-1,
      "ConnectedWireSegmentIndex":-1,
      "Points":[{"x":0.0,"y":0.0},{"x":0.0,"y":0.0}]
    },
    {
      "SourcePinAddress":{
        "PinID":0,
        "PinOwnerID":1663219558
      },
      "TargetPinAddress":{
        "PinID":580270854,
        "PinOwnerID":1423769025
      },
      "ConnectionType":0,
      "ConnectedWireIndex":-1,
      "ConnectedWireSegmentIndex":-1,
      "Points":[{"x":0.0,"y":0.0},{"x":0.0,"y":0.0}]
    },
    {
      "SourcePinAddress":{
        "PinID":1575616495,
        "PinOwnerID":1761309247
      },
      "TargetPinAddress":{
        "PinID":0,
        "PinOwnerID":1422498047
      },
      "ConnectionType":0,
      "ConnectedWireIndex":-1,
      "ConnectedWireSegmentIndex":-1,
      "Points":[{"x":0.0,"y":0.0},{"x":0.0,"y":0.0}]
    },
    {
      "SourcePinAddress":{
        "PinID":1085026806,
        "PinOwnerID":1423769025
      },
      "TargetPinAddress":{
        "PinID":0,
        "PinOwnerID":1864444162
      },
      "ConnectionType":0,
      "ConnectedWireIndex":-1,
      "ConnectedWireSegmentIndex":-1,
      "Points":[{"x":0.0,"y":0.0},{"x":0.0,"y":0.0}]
    },
    {
      "SourcePinAddress":{
        "PinID":1460349536,
        "PinOwnerID":1614579904
      },
      "TargetPinAddress":{
        "PinID":1595053635,
        "PinOwnerID":1521268721
      },
      "ConnectionType":0,
      "ConnectedWireIndex":-1,
      "ConnectedWireSegmentIndex":-1,
      "Points":[{"x":0.0,"y":0.0},{"x":0.0,"y":0.0}]
    },
    {
      "SourcePinAddress":{
        "PinID":1460349536,
        "PinOwnerID":114371307
      },
      "TargetPinAddress":{
        "PinID":657869569,
        "PinOwnerID":1521268721
      },
      "ConnectionType":0,
      "ConnectedWireIndex":-1,
      "ConnectedWireSegmentIndex":-1,
      "Points":[{"x":0.0,"y":0.0},{"x":0.0,"y":0.0}]
    },
    {
      "SourcePinAddress":{
        "PinID":1,
        "PinOwnerID":1864444162
      },
      "TargetPinAddress":{
        "PinID":1595053635,
        "PinOwnerID":1614579904
      },
      "ConnectionType":0,
      "ConnectedWireIndex":-1,
      "ConnectedWireSegmentIndex":-1,
      "Points":[{"x":0.0,"y":0.0},{"x":0.0,"y":0.0}]
    },
    {
      "SourcePinAddress":{
        "PinID":3,
        "PinOwnerID":1864444162
      },
      "TargetPinAddress":{
        "PinID":657869569,
        "PinOwnerID":1614579904
      },
      "ConnectionType":0,
      "ConnectedWireIndex":-1,
      "ConnectedWireSegmentIndex":-1,
      "Points":[{"x":0.0,"y":0.0},{"x":0.0,"y":0.0}]
    },
    {
      "SourcePinAddress":{
        "PinID":5,
        "PinOwnerID":1864444162
      },
      "TargetPinAddress":{
        "PinID":1595053635,
        "PinOwnerID":114371307
      },
      "ConnectionType":0,
      "ConnectedWireIndex":-1,
      "ConnectedWireSegmentIndex":-1,
      "Points":[{"x":0.0,"y":0.0},{"x":0.0,"y":0.0}]
    },
    {
      "SourcePinAddress":{
        "PinID":7,
        "PinOwnerID":1864444162
      },
      "TargetPinAddress":{
        "PinID":657869569,
        "PinOwnerID":114371307
      },
      "ConnectionType":0,
      "ConnectedWireIndex":-1,
      "ConnectedWireSegmentIndex":-1,
      "Points":[{"x":0.0,"y":0.0},{"x":0.0,"y":0.0}]
    },
    {
      "SourcePinAddress":{
        "PinID":1460349536,
        "PinOwnerID":1239781580
      },
      "TargetPinAddress":{
        "PinID":1595053635,
        "PinOwnerID":2091888896
      },
      "ConnectionType":0,
      "ConnectedWireIndex":-1,
      "ConnectedWireSegmentIndex":-1,
      "Points":[{"x":0.0,"y":0.0},{"x":0.0,"y":0.0}]
    },
    {
      "SourcePinAddress":{
        "PinID":1460349536,
        "PinOwnerID":662183458
      },
      "TargetPinAddress":{
        "PinID":657869569,
        "PinOwnerID":2091888896
      },
      "ConnectionType":0,
      "ConnectedWireIndex":-1,
      "ConnectedWireSegmentIndex":-1,
      "Points":[{"x":0.0,"y":0.0},{"x":0.0,"y":0.0}]
    },
    {
      "SourcePinAddress":{
        "PinID":6,
        "PinOwnerID":1864444162
      },
      "TargetPinAddress":{
        "PinID":657869569,
        "PinOwnerID":662183458
      },
      "ConnectionType":0,
      "ConnectedWireIndex":-1,
      "ConnectedWireSegmentIndex":-1,
      "Points":[{"x":0.0,"y":0.0},{"x":0.0,"y":0.0}]
    },
    {
      "SourcePinAddress":{
        "PinID":5,
        "PinOwnerID":1864444162
      },
      "TargetPinAddress":{
        "PinID":1595053635,
        "PinOwnerID":662183458
      },
      "ConnectionType":0,
      "ConnectedWireIndex":-1,
      "ConnectedWireSegmentIndex":-1,
      "Points":[{"x":0.0,"y":0.0},{"x":0.0,"y":0.0}]
    },
    {
      "SourcePinAddress":{
        "PinID":2,
        "PinOwnerID":1864444162
      },
      "TargetPinAddress":{
        "PinID":657869569,
        "PinOwnerID":1239781580
      },
      "ConnectionType":0,
      "ConnectedWireIndex":-1,
      "ConnectedWireSegmentIndex":-1,
      "Points":[{"x":0.0,"y":0.0},{"x":0.0,"y":0.0}]
    },
    {
      "SourcePinAddress":{
        "PinID":1,
        "PinOwnerID":1864444162
      },
      "TargetPinAddress":{
        "PinID":1595053635,
        "PinOwnerID":1239781580
      },
      "ConnectionType":0,
      "ConnectedWireIndex":-1,
      "ConnectedWireSegmentIndex":-1,
      "Points":[{"x":0.0,"y":0.0},{"x":0.0,"y":0.0}]
    },
    {
      "SourcePinAddress":{
        "PinID":1460349536,
        "PinOwnerID":63442619
      },
      "TargetPinAddress":{
        "PinID":1595053635,
        "PinOwnerID":19278008
      },
      "ConnectionType":0,
      "ConnectedWireIndex":-1,
      "ConnectedWireSegmentIndex":-1,
      "Points":[{"x":0.0,"y":0.0},{"x":0.0,"y":0.0}]
    },
    {
      "SourcePinAddress":{
        "PinID":1460349536,
        "PinOwnerID":1413061928
      },
      "TargetPinAddress":{
        "PinID":657869569,
        "PinOwnerID":19278008
      },
      "ConnectionType":0,
      "ConnectedWireIndex":-1,
      "ConnectedWireSegmentIndex":-1,
      "Points":[{"x":0.0,"y":0.0},{"x":0.0,"y":0.0}]
    },
    {
      "SourcePinAddress":{
        "PinID":4,
        "PinOwnerID":1864444162
      },
      "TargetPinAddress":{
        "PinID":657869569,
        "PinOwnerID":1413061928
      },
      "ConnectionType":0,
      "ConnectedWireIndex":-1,
      "ConnectedWireSegmentIndex":-1,
      "Points":[{"x":0.0,"y":0.0},{"x":0.0,"y":0.0}]
    },
    {
      "SourcePinAddress":{
        "PinID":3,
        "PinOwnerID":1864444162
      },
      "TargetPinAddress":{
        "PinID":1595053635,
        "PinOwnerID":1413061928
      },
      "ConnectionType":0,
      "ConnectedWireIndex":-1,
      "ConnectedWireSegmentIndex":-1,
      "Points":[{"x":0.0,"y":0.0},{"x":0.0,"y":0.0}]
    },
    {
      "SourcePinAddress":{
        "PinID":2,
        "PinOwnerID":1864444162
      },
      "TargetPinAddress":{
        "PinID":657869569,
        "PinOwnerID":63442619
      },
      "ConnectionType":0,
      "ConnectedWireIndex":-1,
      "ConnectedWireSegmentIndex":-1,
      "Points":[{"x":0.0,"y":0.0},{"x":0.0,"y":0.0}]
    },
    {
      "SourcePinAddress":{
        "PinID":1,
        "PinOwnerID":1864444162
      },
      "TargetPinAddress":{
        "PinID":1595053635,
        "PinOwnerID":63442619
      },
      "ConnectionType":0,
      "ConnectedWireIndex":-1,
      "ConnectedWireSegmentIndex":-1,
      "Points":[{"x":0.0,"y":0.0},{"x":0.0,"y":0.0}]
    },
    {
      "SourcePinAddress":{
        "PinID":1564861363,
        "PinOwnerID":930895726
      },
      "TargetPinAddress":{
        "PinID":0,
        "PinOwnerID":1666921373
      },
      "ConnectionType":0,
      "ConnectedWireIndex":-1,
      "ConnectedWireSegmentIndex":-1,
      "Points":[{"x":0.0,"y":0.0},{"x":0.0,"y":0.0}]
    },
    {
      "SourcePinAddress":{
        "PinID":1460349536,
        "PinOwnerID":1521268721
      },
      "TargetPinAddress":{
        "PinID":7,
        "PinOwnerID":749548775
      },
      "ConnectionType":0,
      "ConnectedWireIndex":-1,
      "ConnectedWireSegmentIndex":-1,
      "Points":[{"x":0.0,"y":0.0},{"x":0.0,"y":0.0}]
    },
    {
      "SourcePinAddress":{
        "PinID":1460349536,
        "PinOwnerID":2091888896
      },
      "TargetPinAddress":{
        "PinID":6,
        "PinOwnerID":749548775
      },
      "ConnectionType":0,
      "ConnectedWireIndex":-1,
      "ConnectedWireSegmentIndex":-1,
      "Points":[{"x":0.0,"y":0.0},{"x":0.0,"y":0.0}]
    },
    {
      "SourcePinAddress":{
        "PinID":1460349536,
        "PinOwnerID":19278008
      },
      "TargetPinAddress":{
        "PinID":5,
        "PinOwnerID":749548775
      },
      "ConnectionType":0,
      "ConnectedWireIndex":-1,
      "ConnectedWireSegmentIndex":-1,
      "Points":[{"x":0.0,"y":0.0},{"x":0.0,"y":0.0}]
    },
    {
      "SourcePinAddress":{
        "PinID":8,
        "PinOwnerID":749548775
      },
      "TargetPinAddress":{
        "PinID":0,
        "PinOwnerID":1270951361
      },
      "ConnectionType":0,
      "ConnectedWireIndex":-1,
      "ConnectedWireSegmentIndex":-1,
      "Points":[{"x":0.0,"y":0.0},{"x":0.0,"y":0.0}]
    },
    {
      "SourcePinAddress":{
        "PinID":224697959,
        "PinOwnerID":1738494159
      },
      "TargetPinAddress":{
        "PinID":0,
        "PinOwnerID":749548775
      },
      "ConnectionType":0,
      "ConnectedWireIndex":-1,
      "ConnectedWireSegmentIndex":-1,
      "Points":[{"x":0.0,"y":0.0},{"x":0.0,"y":0.0}]
    },
    {
      "SourcePinAddress":{
        "PinID":224697959,
        "PinOwnerID":1738494159
      },
      "TargetPinAddress":{
        "PinID":1,
        "PinOwnerID":749548775
      },
      "ConnectionType":0,
      "ConnectedWireIndex":-1,
      "ConnectedWireSegmentIndex":-1,
      "Points":[{"x":0.0,"y":0.0},{"x":0.0,"y":0.0}]
    },
    {
      "SourcePinAddress":{
        "PinID":224697959,
        "PinOwnerID":1738494159
      },
      "TargetPinAddress":{
        "PinID":2,
        "PinOwnerID":749548775
      },
      "ConnectionType":0,
      "ConnectedWireIndex":-1,
      "ConnectedWireSegmentIndex":-1,
      "Points":[{"x":0.0,"y":0.0},{"x":0.0,"y":0.0}]
    },
    {
      "SourcePinAddress":{
        "PinID":224697959,
        "PinOwnerID":1738494159
      },
      "TargetPinAddress":{
        "PinID":3,
        "PinOwnerID":749548775
      },
      "ConnectionType":0,
      "ConnectedWireIndex":-1,
      "ConnectedWireSegmentIndex":-1,
      "Points":[{"x":0.0,"y":0.0},{"x":0.0,"y":0.0}]
    },
    {
      "SourcePinAddress":{
        "PinID":224697959,
        "PinOwnerID":1738494159
      },
      "TargetPinAddress":{
        "PinID":4,
        "PinOwnerID":749548775
      },
      "ConnectionType":0,
      "ConnectedWireIndex":-1,
      "ConnectedWireSegmentIndex":-1,
      "Points":[{"x":0.0,"y":0.0},{"x":0.0,"y":0.0}]
    }
  ],
  "Displays": null
}