{
  "DLSVersion": "2.1.6",
  "Name": "LSHIFTx8",
  "NameLocation": 0,
  "ChipType": 0,
  "Size": {
    "x": 1.325,
    "y": 4.0
  },
  "Colour": {
    "r": 0.535053968,
    "g": 0.7682894,
    "b": 0.6384714,
    "a": 1
  },
  "InputPins":[
    {
      "Name":"IN",
      "ID":725100279,
      "Position":{
        "x":-8.64011,
        "y":-4.98579
      },
      "BitCount":8,
      "Colour":0,
      "ValueDisplayMode":0
    }
  ],
  "OutputPins":[
    {
      "Name":"OUT",
      "ID":376139185,
      "Position":{
        "x":10.40034,
        "y":-5.03601
      },
      "BitCount":8,
      "Colour":0,
      "ValueDisplayMode":0
    },
    {
      "Name":"OUT",
      "ID":3406967,
      "Position":{
        "x":10.45539,
        "y":-5.93986
      },
      "BitCount":8,
      "Colour":0,
      "ValueDisplayMode":0
    },
    {
      "Name":"OUT",
      "ID":1620364287,
      "Position":{
        "x":10.48166,
        "y":-6.73246
      },
      "BitCount":8,
      "Colour":0,
      "ValueDisplayMode":0
    },
    {
      "Name":"OUT",
      "ID":1813149800,
      "Position":{
        "x":10.47607,
        "y":-7.59459
      },
      "BitCount":8,
      "Colour":0,
      "ValueDisplayMode":0
    },
    {
      "Name":"OUT",
      "ID":705903319,
      "Position":{
        "x":10.47453,
        "y":-8.41501
      },
      "BitCount":8,
      "Colour":0,
      "ValueDisplayMode":0
    },
    {
      "Name":"OUT",
      "ID":215214252,
      "Position":{
        "x":10.49779,
        "y":-9.22681
      },
      "BitCount":8,
      "Colour":0,
      "ValueDisplayMode":0
    },
    {
      "Name":"OUT",
      "ID":1012903011,
      "Position":{
        "x":10.56325,
        "y":-9.90757
      },
      "BitCount":8,
      "Colour":0,
      "ValueDisplayMode":0
    },
    {
      "Name":"OUT",
      "ID":2051020537,
      "Position":{
        "x":10.56325,
        "y":-10.56215
      },
      "BitCount":8,
      "Colour":0,
      "ValueDisplayMode":0
    }
  ],
  "SubChips":[
    {
      "Name":"LSHIFT",
      "ID":1793793094,
      "Label":"",
      "Position":{
        "x":-5.79117,
        "y":-5.9392
      },
      "OutputPinColourInfo":[{"PinColour":0,"PinID":599426432}],
      "InternalData":null
    },
    {
      "Name":"LSHIFT",
      "ID":1135549096,
      "Label":"",
      "Position":{
        "x":-3.40684,
        "y":-6.74637
      },
      "OutputPinColourInfo":[{"PinColour":0,"PinID":599426432}],
      "InternalData":null
    },
    {
      "Name":"LSHIFT",
      "ID":1141271883,
      "Label":"",
      "Position":{
        "x":-1.07074,
        "y":-7.6085
      },
      "OutputPinColourInfo":[{"PinColour":0,"PinID":599426432}],
      "InternalData":null
    },
    {
      "Name":"LSHIFT",
      "ID":1589051418,
      "Label":"",
      "Position":{
        "x":1.11239,
        "y":-8.4011
      },
      "OutputPinColourInfo":[{"PinColour":0,"PinID":599426432}],
      "InternalData":null
    },
    {
      "Name":"LSHIFT",
      "ID":452126113,
      "Label":"",
      "Position":{
        "x":3.44849,
        "y":-9.20761
      },
      "OutputPinColourInfo":[{"PinColour":0,"PinID":599426432}],
      "InternalData":null
    },
    {
      "Name":"LSHIFT",
      "ID":1118039609,
      "Label":"",
      "Position":{
        "x":5.79791,
        "y":-9.90757
      },
      "OutputPinColourInfo":[{"PinColour":0,"PinID":599426432}],
      "InternalData":null
    },
    {
      "Name":"LSHIFT",
      "ID":1181738218,
      "Label":"",
      "Position":{
        "x":8.15439,
        "y":-10.56215
      },
      "OutputPinColourInfo":[{"PinColour":0,"PinID":599426432}],
      "InternalData":null
    }
  ],
  "Wires":[
    {
      "SourcePinAddress":{
        "PinID":0,
        "PinOwnerID":725100279
      },
      "TargetPinAddress":{
        "PinID":0,
        "PinOwnerID":376139185
      },
      "ConnectionType":0,
      "ConnectedWireIndex":-1,
      "ConnectedWireSegmentIndex":-1,
      "Points":[{"x":0.0,"y":0.0},{"x":0.0,"y":0.0}]
    },
    {
      "SourcePinAddress":{
        "PinID":0,
        "PinOwnerID":725100279
      },
      "TargetPinAddress":{
        "PinID":1510674635,
        "PinOwnerID":1793793094
      },
      "ConnectionType":1,
      "ConnectedWireIndex":0,
      "ConnectedWireSegmentIndex":0,
      "Points":[{"x":-7.03481,"y":-4.98723},{"x":-7.03482,"y":-5.91205},{"x":0.0,"y":0.0}]
    },
    {
      "SourcePinAddress":{
        "PinID":599426432,
        "PinOwnerID":1793793094
      },
      "TargetPinAddress":{
        "PinID":0,
        "PinOwnerID":3406967
      },
      "ConnectionType":0,
      "ConnectedWireIndex":-1,
      "ConnectedWireSegmentIndex":-1,
      "Points":[{"x":0.0,"y":0.0},{"x":-4.31068,"y":-5.95376},{"x":-4.53317,"y":-5.92595},{"x":0.0,"y":0.0}]
    },
    {
      "SourcePinAddress":{
        "PinID":599426432,
        "PinOwnerID":1793793094
      },
      "TargetPinAddress":{
        "PinID":1510674635,
        "PinOwnerID":1135549096
      },
      "ConnectionType":1,
      "ConnectedWireIndex":2,
      "ConnectedWireSegmentIndex":0,
      "Points":[{"x":-4.61455,"y":-5.94773},{"x":-4.61455,"y":-6.73246},{"x":0.0,"y":0.0}]
    },
    {
      "SourcePinAddress":{
        "PinID":599426432,
        "PinOwnerID":1135549096
      },
      "TargetPinAddress":{
        "PinID":0,
        "PinOwnerID":1620364287
      },
      "ConnectionType":0,
      "ConnectedWireIndex":-1,
      "ConnectedWireSegmentIndex":-1,
      "Points":[{"x":0.0,"y":0.0},{"x":0.0,"y":0.0}]
    },
    {
      "SourcePinAddress":{
        "PinID":599426432,
        "PinOwnerID":1135549096
      },
      "TargetPinAddress":{
        "PinID":1510674635,
        "PinOwnerID":1141271883
      },
      "ConnectionType":1,
      "ConnectedWireIndex":4,
      "ConnectedWireSegmentIndex":0,
      "Points":[{"x":-2.29649,"y":-6.74595},{"x":-2.2965,"y":-7.6224},{"x":0.0,"y":0.0}]
    },
    {
      "SourcePinAddress":{
        "PinID":599426432,
        "PinOwnerID":1141271883
      },
      "TargetPinAddress":{
        "PinID":0,
        "PinOwnerID":1813149800
      },
      "ConnectionType":0,
      "ConnectedWireIndex":-1,
      "ConnectedWireSegmentIndex":-1,
      "Points":[{"x":0.0,"y":0.0},{"x":0.0,"y":0.0}]
    },
    {
      "SourcePinAddress":{
        "PinID":599426432,
        "PinOwnerID":1141271883
      },
      "TargetPinAddress":{
        "PinID":1510674635,
        "PinOwnerID":1589051418
      },
      "ConnectionType":1,
      "ConnectedWireIndex":6,
      "ConnectedWireSegmentIndex":0,
      "Points":[{"x":-0.01541,"y":-7.60806},{"x":-0.01394,"y":-8.4011},{"x":0.0,"y":0.0}]
    },
    {
      "SourcePinAddress":{
        "PinID":599426432,
        "PinOwnerID":1589051418
      },
      "TargetPinAddress":{
        "PinID":0,
        "PinOwnerID":705903319
      },
      "ConnectionType":0,
      "ConnectedWireIndex":-1,
      "ConnectedWireSegmentIndex":-1,
      "Points":[{"x":0.0,"y":0.0},{"x":0.0,"y":0.0}]
    },
    {
      "SourcePinAddress":{
        "PinID":599426432,
        "PinOwnerID":1589051418
      },
      "TargetPinAddress":{
        "PinID":1510674635,
        "PinOwnerID":452126113
      },
      "ConnectionType":1,
      "ConnectedWireIndex":8,
      "ConnectedWireSegmentIndex":0,
      "Points":[{"x":2.19842,"y":-8.40173},{"x":2.19701,"y":-9.20761},{"x":0.0,"y":0.0}]
    },
    {
      "SourcePinAddress":{
        "PinID":599426432,
        "PinOwnerID":452126113
      },
      "TargetPinAddress":{
        "PinID":0,
        "PinOwnerID":215214252
      },
      "ConnectionType":0,
      "ConnectedWireIndex":-1,
      "ConnectedWireSegmentIndex":-1,
      "Points":[{"x":0.0,"y":0.0},{"x":0.0,"y":0.0}]
    },
    {
      "SourcePinAddress":{
        "PinID":599426432,
        "PinOwnerID":452126113
      },
      "TargetPinAddress":{
        "PinID":1510674635,
        "PinOwnerID":1118039609
      },
      "ConnectionType":1,
      "ConnectedWireIndex":10,
      "ConnectedWireSegmentIndex":0,
      "Points":[{"x":4.48024,"y":-9.20866},{"x":4.47566,"y":-9.90757},{"x":0.0,"y":0.0}]
    },
    {
      "SourcePinAddress":{
        "PinID":599426432,
        "PinOwnerID":1118039609
      },
      "TargetPinAddress":{
        "PinID":0,
        "PinOwnerID":1012903011
      },
      "ConnectionType":0,
      "ConnectedWireIndex":-1,
      "ConnectedWireSegmentIndex":-1,
      "Points":[{"x":0.0,"y":0.0},{"x":0.0,"y":0.0}]
    },
    {
      "SourcePinAddress":{
        "PinID":599426432,
        "PinOwnerID":1118039609
      },
      "TargetPinAddress":{
        "PinID":1510674635,
        "PinOwnerID":1181738218
      },
      "ConnectionType":1,
      "ConnectedWireIndex":12,
      "ConnectedWireSegmentIndex":0,
      "Points":[{"x":6.8976,"y":-9.90757},{"x":6.8976,"y":-10.56215},{"x":0.0,"y":0.0}]
    },
    {
      "SourcePinAddress":{
        "PinID":599426432,
        "PinOwnerID":1181738218
      },
      "TargetPinAddress":{
        "PinID":0,
        "PinOwnerID":2051020537
      },
      "ConnectionType":0,
      "ConnectedWireIndex":-1,
      "ConnectedWireSegmentIndex":-1,
      "Points":[{"x":0.0,"y":0.0},{"x":0.0,"y":0.0}]
    }
  ],
  "Displays": null
}