{
  "DLSVersion": "2.1.6",
  "Name": "LSHIFT-HIx8",
  "NameLocation": 0,
  "ChipType": 0,
  "Size": {
    "x": 1.775,
    "y": 4.0
  },
  "Colour": {
    "r": 0.535053968,
    "g": 0.7682894,
    "b": 0.6384714,
    "a": 1
  },
  "InputPins":[
    {
      "Name":"IN",
      "ID":725100279,
      "Position":{
        "x":-8.64011,
        "y":-4.98579
      },
      "BitCount":8,
      "Colour":0,
      "ValueDisplayMode":0
    }
  ],
  "OutputPins":[
    {
      "Name":"OUT",
      "ID":376139185,
      "Position":{
        "x":10.40034,
        "y":-5.03601
      },
      "BitCount":8,
      "Colour":0,
      "ValueDisplayMode":0
    },
    {
      "Name":"OUT",
      "ID":3406967,
      "Position":{
        "x":10.45539,
        "y":-5.93986
      },
      "BitCount":8,
      "Colour":0,
      "ValueDisplayMode":0
    },
    {
      "Name":"OUT",
      "ID":1620364287,
      "Position":{
        "x":10.48166,
        "y":-6.73246
      },
      "BitCount":8,
      "Colour":0,
      "ValueDisplayMode":0
    },
    {
      "Name":"OUT",
      "ID":1813149800,
      "Position":{
        "x":10.47607,
        "y":-7.59459
      },
      "BitCount":8,
      "Colour":0,
      "ValueDisplayMode":0
    },
    {
      "Name":"OUT",
      "ID":705903319,
      "Position":{
        "x":10.47453,
        "y":-8.41501
      },
      "BitCount":8,
      "Colour":0,
      "ValueDisplayMode":0
    },
    {
      "Name":"OUT",
      "ID":215214252,
      "Position":{
        "x":10.49779,
        "y":-9.22681
      },
      "BitCount":8,
      "Colour":0,
      "ValueDisplayMode":0
    },
    {
      "Name":"OUT",
      "ID":1012903011,
      "Position":{
        "x":10.56325,
        "y":-9.90757
      },
      "BitCount":8,
      "Colour":0,
      "ValueDisplayMode":0
    },
    {
      "Name":"OUT",
      "ID":2051020537,
      "Position":{
        "x":10.56325,
        "y":-10.56215
      },
      "BitCount":8,
      "Colour":0,
      "ValueDisplayMode":0
    }
  ],
  "SubChips":[
    {
      "Name":"LSHIFT-HI",
      "ID":248692315,
      "Label":"",
      "Position":{
        "x":-5.86463,
        "y":-5.70083
      },
      "OutputPinColourInfo":[{"PinColour":0,"PinID":599426432}],
      "InternalData":null
    },
    {
      "Name":"LSHIFT-HI",
      "ID":2090492818,
      "Label":"",
      "Position":{
        "x":-3.63212,
        "y":-6.40935
      },
      "OutputPinColourInfo":[{"PinColour":0,"PinID":599426432}],
      "InternalData":null
    },
    {
      "Name":"LSHIFT-HI",
      "ID":1358180397,
      "Label":"",
      "Position":{
        "x":-1.30604,
        "y":-7.17134
      },
      "OutputPinColourInfo":[{"PinColour":0,"PinID":599426432}],
      "InternalData":null
    },
    {
      "Name":"LSHIFT-HI",
      "ID":1890096656,
      "Label":"",
      "Position":{
        "x":0.84626,
        "y":-7.83975
      },
      "OutputPinColourInfo":[{"PinColour":0,"PinID":599426432}],
      "InternalData":null
    },
    {
      "Name":"LSHIFT-HI",
      "ID":1275795730,
      "Label":"",
      "Position":{
        "x":2.99855,
        "y":-8.62848
      },
      "OutputPinColourInfo":[{"PinColour":0,"PinID":599426432}],
      "InternalData":null
    },
    {
      "Name":"LSHIFT-HI",
      "ID":221050182,
      "Label":"",
      "Position":{
        "x":5.12411,
        "y":-9.43058
      },
      "OutputPinColourInfo":[{"PinColour":0,"PinID":599426432}],
      "InternalData":null
    },
    {
      "Name":"LSHIFT-HI",
      "ID":1512509249,
      "Label":"",
      "Position":{
        "x":7.67746,
        "y":-10.47331
      },
      "OutputPinColourInfo":[{"PinColour":0,"PinID":599426432}],
      "InternalData":null
    }
  ],
  "Wires":[
    {
      "SourcePinAddress":{
        "PinID":0,
        "PinOwnerID":725100279
      },
      "TargetPinAddress":{
        "PinID":0,
        "PinOwnerID":376139185
      },
      "ConnectionType":0,
      "ConnectedWireIndex":-1,
      "ConnectedWireSegmentIndex":-1,
      "Points":[{"x":0.0,"y":0.0},{"x":0.0,"y":0.0}]
    },
    {
      "SourcePinAddress":{
        "PinID":0,
        "PinOwnerID":725100279
      },
      "TargetPinAddress":{
        "PinID":1510674635,
        "PinOwnerID":248692315
      },
      "ConnectionType":1,
      "ConnectedWireIndex":0,
      "ConnectedWireSegmentIndex":0,
      "Points":[{"x":-7.10802,"y":-4.98701},{"x":-7.10802,"y":-5.67409},{"x":0.0,"y":0.0}]
    },
    {
      "SourcePinAddress":{
        "PinID":599426432,
        "PinOwnerID":248692315
      },
      "TargetPinAddress":{
        "PinID":0,
        "PinOwnerID":3406967
      },
      "ConnectionType":0,
      "ConnectedWireIndex":-1,
      "ConnectedWireSegmentIndex":-1,
      "Points":[{"x":0.0,"y":0.0},{"x":0.0,"y":0.0}]
    },
    {
      "SourcePinAddress":{
        "PinID":599426432,
        "PinOwnerID":248692315
      },
      "TargetPinAddress":{
        "PinID":1510674635,
        "PinOwnerID":2090492818
      },
      "ConnectionType":1,
      "ConnectedWireIndex":2,
      "ConnectedWireSegmentIndex":0,
      "Points":[{"x":-4.78056,"y":-5.70639},{"x":-4.78056,"y":-6.3024},{"x":0.0,"y":0.0}]
    },
    {
      "SourcePinAddress":{
        "PinID":599426432,
        "PinOwnerID":2090492818
      },
      "TargetPinAddress":{
        "PinID":0,
        "PinOwnerID":1620364287
      },
      "ConnectionType":0,
      "ConnectedWireIndex":-1,
      "ConnectedWireSegmentIndex":-1,
      "Points":[{"x":0.0,"y":0.0},{"x":0.0,"y":0.0}]
    },
    {
      "SourcePinAddress":{
        "PinID":599426432,
        "PinOwnerID":2090492818
      },
      "TargetPinAddress":{
        "PinID":1510674635,
        "PinOwnerID":1358180397
      },
      "ConnectionType":1,
      "ConnectedWireIndex":4,
      "ConnectedWireSegmentIndex":0,
      "Points":[{"x":-2.42718,"y":-6.42142},{"x":-2.42718,"y":-7.06439},{"x":0.0,"y":0.0}]
    },
    {
      "SourcePinAddress":{
        "PinID":599426432,
        "PinOwnerID":1358180397
      },
      "TargetPinAddress":{
        "PinID":0,
        "PinOwnerID":1813149800
      },
      "ConnectionType":0,
      "ConnectedWireIndex":-1,
      "ConnectedWireSegmentIndex":-1,
      "Points":[{"x":0.0,"y":0.0},{"x":0.0,"y":0.0}]
    },
    {
      "SourcePinAddress":{
        "PinID":599426432,
        "PinOwnerID":1358180397
      },
      "TargetPinAddress":{
        "PinID":1510674635,
        "PinOwnerID":1890096656
      },
      "ConnectionType":1,
      "ConnectedWireIndex":6,
      "ConnectedWireSegmentIndex":0,
      "Points":[{"x":-0.19599,"y":-7.18682},{"x":-0.22321,"y":-7.79965},{"x":0.0,"y":0.0}]
    },
    {
      "SourcePinAddress":{
        "PinID":599426432,
        "PinOwnerID":1890096656
      },
      "TargetPinAddress":{
        "PinID":0,
        "PinOwnerID":705903319
      },
      "ConnectionType":0,
      "ConnectedWireIndex":-1,
      "ConnectedWireSegmentIndex":-1,
      "Points":[{"x":0.0,"y":0.0},{"x":0.0,"y":0.0}]
    },
    {
      "SourcePinAddress":{
        "PinID":599426432,
        "PinOwnerID":1890096656
      },
      "TargetPinAddress":{
        "PinID":1510674635,
        "PinOwnerID":1275795730
      },
      "ConnectionType":1,
      "ConnectedWireIndex":8,
      "ConnectedWireSegmentIndex":0,
      "Points":[{"x":1.95779,"y":-7.86675},{"x":1.88898,"y":-8.56164},{"x":0.0,"y":0.0}]
    },
    {
      "SourcePinAddress":{
        "PinID":599426432,
        "PinOwnerID":1275795730
      },
      "TargetPinAddress":{
        "PinID":0,
        "PinOwnerID":215214252
      },
      "ConnectionType":0,
      "ConnectedWireIndex":-1,
      "ConnectedWireSegmentIndex":-1,
      "Points":[{"x":0.0,"y":0.0},{"x":0.0,"y":0.0}]
    },
    {
      "SourcePinAddress":{
        "PinID":599426432,
        "PinOwnerID":1275795730
      },
      "TargetPinAddress":{
        "PinID":1510674635,
        "PinOwnerID":221050182
      },
      "ConnectionType":1,
      "ConnectedWireIndex":10,
      "ConnectedWireSegmentIndex":0,
      "Points":[{"x":4.08326,"y":-8.66434},{"x":4.05465,"y":-9.39048},{"x":0.0,"y":0.0}]
    },
    {
      "SourcePinAddress":{
        "PinID":599426432,
        "PinOwnerID":221050182
      },
      "TargetPinAddress":{
        "PinID":0,
        "PinOwnerID":1012903011
      },
      "ConnectionType":0,
      "ConnectedWireIndex":-1,
      "ConnectedWireSegmentIndex":-1,
      "Points":[{"x":0.0,"y":0.0},{"x":0.0,"y":0.0}]
    },
    {
      "SourcePinAddress":{
        "PinID":599426432,
        "PinOwnerID":1512509249
      },
      "TargetPinAddress":{
        "PinID":0,
        "PinOwnerID":2051020537
      },
      "ConnectionType":0,
      "ConnectedWireIndex":-1,
      "ConnectedWireSegmentIndex":-1,
      "Points":[{"x":0.0,"y":0.0},{"x":0.0,"y":0.0}]
    },
    {
      "SourcePinAddress":{
        "PinID":599426432,
        "PinOwnerID":221050182
      },
      "TargetPinAddress":{
        "PinID":1510674635,
        "PinOwnerID":1512509249
      },
      "ConnectionType":1,
      "ConnectedWireIndex":12,
      "ConnectedWireSegmentIndex":0,
      "Points":[{"x":6.59338,"y":-9.52711},{"x":6.48768,"y":-10.35299},{"x":0.0,"y":0.0}]
    }
  ],
  "Displays": null
}