{
  "DLSVersion": "2.1.6",
  "Name": "MSD",
  "NameLocation": 0,
  "ChipType": 0,
  "Size": {
    "x": 0.725,
    "y": 0.5
  },
  "Colour": {
    "r": 0.00719482871,
    "g": 0.145823762,
    "b": 0.224961132,
    "a": 1
  },
  "InputPins":[
    {
      "Name":"D",
      "ID":1461479021,
      "Position":{
        "x":-6.25,
        "y":1.79134
      },
      "BitCount":1,
      "Colour":0,
      "ValueDisplayMode":0
    },
    {
      "Name":"Clk",
      "ID":709295404,
      "Position":{
        "x":-6.48622,
        "y":-0.62008
      },
      "BitCount":1,
      "Colour":0,
      "ValueDisplayMode":0
    }
  ],
  "OutputPins":[
    {
      "Name":"Q",
      "ID":1766593182,
      "Position":{
        "x":7.15551,
        "y":1.03346
      },
      "BitCount":1,
      "Colour":0,
      "ValueDisplayMode":0
    },
    {
      "Name":"¬Q",
      "ID":1697598321,
      "Position":{
        "x":7.26378,
        "y":-0.3248
      },
      "BitCount":1,
      "Colour":0,
      "ValueDisplayMode":0
    }
  ],
  "SubChips":[
    {
      "Name":"NOT",
      "ID":444462281,
      "Label":"",
      "Position":{
        "x":-3.0315,
        "y":-0.61024
      },
      "OutputPinColourInfo":[{"PinColour":0,"PinID":892159555}],
      "InternalData":null
    },
    {
      "Name":"NOT",
      "ID":2106907098,
      "Label":"",
      "Position":{
        "x":-4.71457,
        "y":-0.60039
      },
      "OutputPinColourInfo":[{"PinColour":0,"PinID":892159555}],
      "InternalData":null
    },
    {
      "Name":"NAND",
      "ID":80542751,
      "Label":"",
      "Position":{
        "x":-3.13976,
        "y":1.66339
      },
      "OutputPinColourInfo":[{"PinColour":0,"PinID":2}],
      "InternalData":null
    },
    {
      "Name":"NAND",
      "ID":277840611,
      "Label":"",
      "Position":{
        "x":-2.95276,
        "y":0.61024
      },
      "OutputPinColourInfo":[{"PinColour":0,"PinID":2}],
      "InternalData":null
    },
    {
      "Name":"NAND",
      "ID":1986464481,
      "Label":"",
      "Position":{
        "x":-1.13189,
        "y":1.7126
      },
      "OutputPinColourInfo":[{"PinColour":0,"PinID":2}],
      "InternalData":null
    },
    {
      "Name":"NAND",
      "ID":852004879,
      "Label":"",
      "Position":{
        "x":-1.08268,
        "y":0.65945
      },
      "OutputPinColourInfo":[{"PinColour":0,"PinID":2}],
      "InternalData":null
    },
    {
      "Name":"NAND",
      "ID":134375432,
      "Label":"",
      "Position":{
        "x":1.34843,
        "y":1.09252
      },
      "OutputPinColourInfo":[{"PinColour":0,"PinID":2}],
      "InternalData":null
    },
    {
      "Name":"NAND",
      "ID":1229655161,
      "Label":"",
      "Position":{
        "x":1.46654,
        "y":-0.1378
      },
      "OutputPinColourInfo":[{"PinColour":0,"PinID":2}],
      "InternalData":null
    },
    {
      "Name":"NAND",
      "ID":1094140165,
      "Label":"",
      "Position":{
        "x":3.97638,
        "y":1.08268
      },
      "OutputPinColourInfo":[{"PinColour":0,"PinID":2}],
      "InternalData":null
    },
    {
      "Name":"NAND",
      "ID":1352266395,
      "Label":"",
      "Position":{
        "x":3.98622,
        "y":-0.19685
      },
      "OutputPinColourInfo":[{"PinColour":0,"PinID":2}],
      "InternalData":null
    }
  ],
  "Wires":[
    {
      "SourcePinAddress":{
        "PinID":0,
        "PinOwnerID":709295404
      },
      "TargetPinAddress":{
        "PinID":113608822,
        "PinOwnerID":2106907098
      },
      "ConnectionType":0,
      "ConnectedWireIndex":-1,
      "ConnectedWireSegmentIndex":-1,
      "Points":[{"x":0.0,"y":0.0},{"x":0.0,"y":0.0}]
    },
    {
      "SourcePinAddress":{
        "PinID":892159555,
        "PinOwnerID":2106907098
      },
      "TargetPinAddress":{
        "PinID":113608822,
        "PinOwnerID":444462281
      },
      "ConnectionType":0,
      "ConnectedWireIndex":-1,
      "ConnectedWireSegmentIndex":-1,
      "Points":[{"x":0.0,"y":0.0},{"x":0.0,"y":0.0}]
    },
    {
      "SourcePinAddress":{
        "PinID":892159555,
        "PinOwnerID":2106907098
      },
      "TargetPinAddress":{
        "PinID":1,
        "PinOwnerID":80542751
      },
      "ConnectionType":1,
      "ConnectedWireIndex":1,
      "ConnectedWireSegmentIndex":0,
      "Points":[{"x":-4.01587,"y":-0.60402},{"x":-4.01587,"y":1.52559},{"x":0.0,"y":0.0}]
    },
    {
      "SourcePinAddress":{
        "PinID":892159555,
        "PinOwnerID":2106907098
      },
      "TargetPinAddress":{
        "PinID":1,
        "PinOwnerID":277840611
      },
      "ConnectionType":1,
      "ConnectedWireIndex":2,
      "ConnectedWireSegmentIndex":0,
      "Points":[{"x":-4.01587,"y":0.49508},{"x":0.0,"y":0.0}]
    },
    {
      "SourcePinAddress":{
        "PinID":0,
        "PinOwnerID":1461479021
      },
      "TargetPinAddress":{
        "PinID":0,
        "PinOwnerID":80542751
      },
      "ConnectionType":0,
      "ConnectedWireIndex":-1,
      "ConnectedWireSegmentIndex":-1,
      "Points":[{"x":0.0,"y":0.0},{"x":0.0,"y":0.0}]
    },
    {
      "SourcePinAddress":{
        "PinID":2,
        "PinOwnerID":80542751
      },
      "TargetPinAddress":{
        "PinID":0,
        "PinOwnerID":277840611
      },
      "ConnectionType":0,
      "ConnectedWireIndex":-1,
      "ConnectedWireSegmentIndex":-1,
      "Points":[{"x":0.0,"y":0.0},{"x":-2.36221,"y":1.66339},{"x":-2.36221,"y":1.3878},{"x":-3.76969,"y":0.94488},{"x":-3.76969,"y":0.74803},{"x":0.0,"y":0.0}]
    },
    {
      "SourcePinAddress":{
        "PinID":2,
        "PinOwnerID":1986464481
      },
      "TargetPinAddress":{
        "PinID":0,
        "PinOwnerID":852004879
      },
      "ConnectionType":0,
      "ConnectedWireIndex":-1,
      "ConnectedWireSegmentIndex":-1,
      "Points":[{"x":0.0,"y":0.0},{"x":-0.35433,"y":1.7126},{"x":-0.35433,"y":1.43701},{"x":-1.80118,"y":1.04331},{"x":-1.80118,"y":0.81693},{"x":0.0,"y":0.0}]
    },
    {
      "SourcePinAddress":{
        "PinID":2,
        "PinOwnerID":852004879
      },
      "TargetPinAddress":{
        "PinID":1,
        "PinOwnerID":1986464481
      },
      "ConnectionType":0,
      "ConnectedWireIndex":-1,
      "ConnectedWireSegmentIndex":-1,
      "Points":[{"x":0.0,"y":0.0},{"x":-0.38386,"y":0.65945},{"x":-0.38386,"y":0.95472},{"x":-1.90945,"y":1.45669},{"x":-1.90945,"y":1.61417},{"x":0.0,"y":0.0}]
    },
    {
      "SourcePinAddress":{
        "PinID":2,
        "PinOwnerID":80542751
      },
      "TargetPinAddress":{
        "PinID":0,
        "PinOwnerID":1986464481
      },
      "ConnectionType":1,
      "ConnectedWireIndex":5,
      "ConnectedWireSegmentIndex":1,
      "Points":[{"x":-2.36221,"y":1.65354},{"x":0.0,"y":0.0}]
    },
    {
      "SourcePinAddress":{
        "PinID":2,
        "PinOwnerID":277840611
      },
      "TargetPinAddress":{
        "PinID":1,
        "PinOwnerID":852004879
      },
      "ConnectionType":0,
      "ConnectedWireIndex":-1,
      "ConnectedWireSegmentIndex":-1,
      "Points":[{"x":0.0,"y":0.0},{"x":0.0,"y":0.0}]
    },
    {
      "SourcePinAddress":{
        "PinID":2,
        "PinOwnerID":1986464481
      },
      "TargetPinAddress":{
        "PinID":0,
        "PinOwnerID":134375432
      },
      "ConnectionType":1,
      "ConnectedWireIndex":6,
      "ConnectedWireSegmentIndex":1,
      "Points":[{"x":-0.35433,"y":1.70276},{"x":0.0,"y":0.0}]
    },
    {
      "SourcePinAddress":{
        "PinID":892159555,
        "PinOwnerID":444462281
      },
      "TargetPinAddress":{
        "PinID":1,
        "PinOwnerID":134375432
      },
      "ConnectionType":0,
      "ConnectedWireIndex":-1,
      "ConnectedWireSegmentIndex":-1,
      "Points":[{"x":0.0,"y":0.0},{"x":0.52165,"y":-0.61024},{"x":0.52165,"y":0.96457},{"x":0.0,"y":0.0}]
    },
    {
      "SourcePinAddress":{
        "PinID":892159555,
        "PinOwnerID":444462281
      },
      "TargetPinAddress":{
        "PinID":1,
        "PinOwnerID":1229655161
      },
      "ConnectionType":1,
      "ConnectedWireIndex":11,
      "ConnectedWireSegmentIndex":1,
      "Points":[{"x":0.52165,"y":-0.29232},{"x":0.0,"y":0.0}]
    },
    {
      "SourcePinAddress":{
        "PinID":2,
        "PinOwnerID":134375432
      },
      "TargetPinAddress":{
        "PinID":0,
        "PinOwnerID":1229655161
      },
      "ConnectionType":0,
      "ConnectedWireIndex":-1,
      "ConnectedWireSegmentIndex":-1,
      "Points":[{"x":0.0,"y":0.0},{"x":2.08661,"y":1.09252},{"x":2.08661,"y":0.84646},{"x":0.63976,"y":0.12795},{"x":0.63976,"y":-0.01969},{"x":0.0,"y":0.0}]
    },
    {
      "SourcePinAddress":{
        "PinID":2,
        "PinOwnerID":134375432
      },
      "TargetPinAddress":{
        "PinID":0,
        "PinOwnerID":1094140165
      },
      "ConnectionType":1,
      "ConnectedWireIndex":13,
      "ConnectedWireSegmentIndex":1,
      "Points":[{"x":2.08661,"y":1.06299},{"x":0.0,"y":0.0}]
    },
    {
      "SourcePinAddress":{
        "PinID":2,
        "PinOwnerID":1229655161
      },
      "TargetPinAddress":{
        "PinID":1,
        "PinOwnerID":1352266395
      },
      "ConnectionType":0,
      "ConnectedWireIndex":-1,
      "ConnectedWireSegmentIndex":-1,
      "Points":[{"x":0.0,"y":0.0},{"x":0.0,"y":0.0}]
    },
    {
      "SourcePinAddress":{
        "PinID":2,
        "PinOwnerID":1094140165
      },
      "TargetPinAddress":{
        "PinID":0,
        "PinOwnerID":1352266395
      },
      "ConnectionType":0,
      "ConnectedWireIndex":-1,
      "ConnectedWireSegmentIndex":-1,
      "Points":[{"x":0.0,"y":0.0},{"x":4.76378,"y":1.08268},{"x":4.76378,"y":0.8563},{"x":3.23819,"y":0.16732},{"x":3.23819,"y":-0.03937},{"x":0.0,"y":0.0}]
    },
    {
      "SourcePinAddress":{
        "PinID":2,
        "PinOwnerID":1352266395
      },
      "TargetPinAddress":{
        "PinID":1,
        "PinOwnerID":1094140165
      },
      "ConnectionType":0,
      "ConnectedWireIndex":-1,
      "ConnectedWireSegmentIndex":-1,
      "Points":[{"x":0.0,"y":0.0},{"x":4.73425,"y":-0.19685},{"x":4.73425,"y":0.0689},{"x":3.2185,"y":0.67913},{"x":3.2185,"y":0.91535},{"x":0.0,"y":0.0}]
    },
    {
      "SourcePinAddress":{
        "PinID":2,
        "PinOwnerID":1094140165
      },
      "TargetPinAddress":{
        "PinID":0,
        "PinOwnerID":1766593182
      },
      "ConnectionType":1,
      "ConnectedWireIndex":16,
      "ConnectedWireSegmentIndex":0,
      "Points":[{"x":4.76378,"y":1.08268},{"x":0.0,"y":0.0}]
    },
    {
      "SourcePinAddress":{
        "PinID":2,
        "PinOwnerID":1352266395
      },
      "TargetPinAddress":{
        "PinID":0,
        "PinOwnerID":1697598321
      },
      "ConnectionType":1,
      "ConnectedWireIndex":17,
      "ConnectedWireSegmentIndex":0,
      "Points":[{"x":4.73425,"y":-0.19685},{"x":0.0,"y":0.0}]
    }
  ],
  "Displays": null
}