{
  "DLSVersion": "2.1.6",
  "Name": "Multiplyer",
  "NameLocation": 0,
  "ChipType": 0,
  "Size": {
    "x": 1.625,
    "y": 1.5
  },
  "Colour": {
    "r": 0.150684655,
    "g": 0.109322928,
    "b": 0.691225,
    "a": 1
  },
  "InputPins":[
    {
      "Name":"Clk",
      "ID":387323185,
      "Position":{
        "x":-5.9252,
        "y":2.93307
      },
      "BitCount":1,
      "Colour":0,
      "ValueDisplayMode":0
    },
    {
      "Name":"Reset",
      "ID":1360347171,
      "Position":{
        "x":-5.89867,
        "y":2.47186
      },
      "BitCount":1,
      "Colour":0,
      "ValueDisplayMode":0
    },
    {
      "Name":"IN",
      "ID":1210782921,
      "Position":{
        "x":-6.13189,
        "y":0.84646
      },
      "BitCount":8,
      "Colour":0,
      "ValueDisplayMode":1
    },
    {
      "Name":"IN",
      "ID":1023694572,
      "Position":{
        "x":-6.08268,
        "y":-1.07283
      },
      "BitCount":8,
      "Colour":0,
      "ValueDisplayMode":1
    }
  ],
  "OutputPins":[
    {
      "Name":"OUT",
      "ID":1839714469,
      "Position":{
        "x":11.27116,
        "y":-0.49521
      },
      "BitCount":8,
      "Colour":0,
      "ValueDisplayMode":1
    }
  ],
  "SubChips":[
    {
      "Name":"BARREL-8",
      "ID":1587337050,
      "Label":"",
      "Position":{
        "x":-1.42717,
        "y":-0.56102
      },
      "OutputPinColourInfo":[{"PinColour":0,"PinID":1733309502},{"PinColour":0,"PinID":1836432385}],
      "InternalData":null
    },
    {
      "Name":"ADD-8",
      "ID":1280303729,
      "Label":"",
      "Position":{
        "x":3.1283,
        "y":-0.80775
      },
      "OutputPinColourInfo":[{"PinColour":0,"PinID":1356732077},{"PinColour":0,"PinID":624498342}],
      "InternalData":null
    },
    {
      "Name":"EDGE-MSD-8",
      "ID":2127447854,
      "Label":"",
      "Position":{
        "x":8.07974,
        "y":-0.76129
      },
      "OutputPinColourInfo":[{"PinColour":0,"PinID":1457863638},{"PinColour":0,"PinID":1999242044}],
      "InternalData":null
    },
    {
      "Name":"HI",
      "ID":999978701,
      "Label":"",
      "Position":{
        "x":-3.12992,
        "y":-0.60039
      },
      "OutputPinColourInfo":[{"PinColour":0,"PinID":1575616495}],
      "InternalData":null
    },
    {
      "Name":"BARREL-8",
      "ID":1796396615,
      "Label":"",
      "Position":{
        "x":-1.42717,
        "y":1.32874
      },
      "OutputPinColourInfo":[{"PinColour":0,"PinID":1733309502},{"PinColour":0,"PinID":1836432385}],
      "InternalData":null
    },
    {
      "Name":"GATE-8",
      "ID":592762227,
      "Label":"",
      "Position":{
        "x":0.92585,
        "y":-0.93154
      },
      "OutputPinColourInfo":[{"PinColour":0,"PinID":817989800}],
      "InternalData":null
    },
    {
      "Name":"GATE-8",
      "ID":2069390416,
      "Label":"",
      "Position":{
        "x":6.23038,
        "y":-1.0122
      },
      "OutputPinColourInfo":[{"PinColour":0,"PinID":817989800}],
      "InternalData":null
    },
    {
      "Name":"NOT",
      "ID":1163073456,
      "Label":"",
      "Position":{
        "x":4.93002,
        "y":-0.68083
      },
      "OutputPinColourInfo":[{"PinColour":0,"PinID":892159555}],
      "InternalData":null
    }
  ],
  "Wires":[
    {
      "SourcePinAddress":{
        "PinID":1575616495,
        "PinOwnerID":999978701
      },
      "TargetPinAddress":{
        "PinID":2010787096,
        "PinOwnerID":1587337050
      },
      "ConnectionType":0,
      "ConnectedWireIndex":-1,
      "ConnectedWireSegmentIndex":-1,
      "Points":[{"x":0.0,"y":0.0},{"x":0.0,"y":0.0}]
    },
    {
      "SourcePinAddress":{
        "PinID":0,
        "PinOwnerID":1210782921
      },
      "TargetPinAddress":{
        "PinID":1501118011,
        "PinOwnerID":1796396615
      },
      "ConnectionType":0,
      "ConnectedWireIndex":-1,
      "ConnectedWireSegmentIndex":-1,
      "Points":[{"x":0.0,"y":0.0},{"x":0.0,"y":0.0}]
    },
    {
      "SourcePinAddress":{
        "PinID":0,
        "PinOwnerID":1023694572
      },
      "TargetPinAddress":{
        "PinID":1501118011,
        "PinOwnerID":1587337050
      },
      "ConnectionType":0,
      "ConnectedWireIndex":-1,
      "ConnectedWireSegmentIndex":-1,
      "Points":[{"x":0.0,"y":0.0},{"x":0.0,"y":0.0}]
    },
    {
      "SourcePinAddress":{
        "PinID":0,
        "PinOwnerID":1360347171
      },
      "TargetPinAddress":{
        "PinID":1357911044,
        "PinOwnerID":1587337050
      },
      "ConnectionType":0,
      "ConnectedWireIndex":-1,
      "ConnectedWireSegmentIndex":-1,
      "Points":[{"x":0.0,"y":0.0},{"x":-2.71611,"y":2.42545},{"x":-2.71611,"y":-0.44702},{"x":0.0,"y":0.0}]
    },
    {
      "SourcePinAddress":{
        "PinID":0,
        "PinOwnerID":1360347171
      },
      "TargetPinAddress":{
        "PinID":1357911044,
        "PinOwnerID":1796396615
      },
      "ConnectionType":1,
      "ConnectedWireIndex":3,
      "ConnectedWireSegmentIndex":1,
      "Points":[{"x":-2.71611,"y":1.45374},{"x":0.0,"y":0.0}]
    },
    {
      "SourcePinAddress":{
        "PinID":0,
        "PinOwnerID":387323185
      },
      "TargetPinAddress":{
        "PinID":807420416,
        "PinOwnerID":1587337050
      },
      "ConnectionType":0,
      "ConnectedWireIndex":-1,
      "ConnectedWireSegmentIndex":-1,
      "Points":[{"x":0.0,"y":0.0},{"x":-2.42337,"y":2.89375},{"x":-2.42337,"y":0.06398},{"x":0.0,"y":0.0}]
    },
    {
      "SourcePinAddress":{
        "PinID":0,
        "PinOwnerID":387323185
      },
      "TargetPinAddress":{
        "PinID":807420416,
        "PinOwnerID":1796396615
      },
      "ConnectionType":1,
      "ConnectedWireIndex":5,
      "ConnectedWireSegmentIndex":1,
      "Points":[{"x":-2.42337,"y":1.95374},{"x":0.0,"y":0.0}]
    },
    {
      "SourcePinAddress":{
        "PinID":1836432385,
        "PinOwnerID":1587337050
      },
      "TargetPinAddress":{
        "PinID":389343068,
        "PinOwnerID":592762227
      },
      "ConnectionType":0,
      "ConnectedWireIndex":-1,
      "ConnectedWireSegmentIndex":-1,
      "Points":[{"x":0.0,"y":0.0},{"x":0.0,"y":0.0}]
    },
    {
      "SourcePinAddress":{
        "PinID":1733309502,
        "PinOwnerID":1796396615
      },
      "TargetPinAddress":{
        "PinID":2030866645,
        "PinOwnerID":592762227
      },
      "ConnectionType":0,
      "ConnectedWireIndex":-1,
      "ConnectedWireSegmentIndex":-1,
      "Points":[{"x":0.0,"y":0.0},{"x":-0.02495,"y":1.95374},{"x":-0.02495,"y":-0.73041},{"x":0.0,"y":0.0}]
    },
    {
      "SourcePinAddress":{
        "PinID":817989800,
        "PinOwnerID":592762227
      },
      "TargetPinAddress":{
        "PinID":1424414258,
        "PinOwnerID":1280303729
      },
      "ConnectionType":0,
      "ConnectedWireIndex":-1,
      "ConnectedWireSegmentIndex":-1,
      "Points":[{"x":0.0,"y":0.0},{"x":0.0,"y":0.0}]
    },
    {
      "SourcePinAddress":{
        "PinID":624498342,
        "PinOwnerID":1280303729
      },
      "TargetPinAddress":{
        "PinID":389343068,
        "PinOwnerID":2069390416
      },
      "ConnectionType":0,
      "ConnectedWireIndex":-1,
      "ConnectedWireSegmentIndex":-1,
      "Points":[{"x":0.0,"y":0.0},{"x":0.0,"y":0.0}]
    },
    {
      "SourcePinAddress":{
        "PinID":817989800,
        "PinOwnerID":2069390416
      },
      "TargetPinAddress":{
        "PinID":510471440,
        "PinOwnerID":2127447854
      },
      "ConnectionType":0,
      "ConnectedWireIndex":-1,
      "ConnectedWireSegmentIndex":-1,
      "Points":[{"x":0.0,"y":0.0},{"x":0.0,"y":0.0}]
    },
    {
      "SourcePinAddress":{
        "PinID":892159555,
        "PinOwnerID":1163073456
      },
      "TargetPinAddress":{
        "PinID":2030866645,
        "PinOwnerID":2069390416
      },
      "ConnectionType":0,
      "ConnectedWireIndex":-1,
      "ConnectedWireSegmentIndex":-1,
      "Points":[{"x":0.0,"y":0.0},{"x":0.0,"y":0.0}]
    },
    {
      "SourcePinAddress":{
        "PinID":0,
        "PinOwnerID":1360347171
      },
      "TargetPinAddress":{
        "PinID":113608822,
        "PinOwnerID":1163073456
      },
      "ConnectionType":1,
      "ConnectedWireIndex":3,
      "ConnectedWireSegmentIndex":0,
      "Points":[{"x":-2.79544,"y":2.42696},{"x":4.33266,"y":2.42696},{"x":4.33266,"y":-0.74057},{"x":0.0,"y":0.0}]
    },
    {
      "SourcePinAddress":{
        "PinID":1457863638,
        "PinOwnerID":2127447854
      },
      "TargetPinAddress":{
        "PinID":323717979,
        "PinOwnerID":1280303729
      },
      "ConnectionType":0,
      "ConnectedWireIndex":-1,
      "ConnectedWireSegmentIndex":-1,
      "Points":[{"x":0.0,"y":0.0},{"x":9.36045,"y":-0.51129},{"x":9.36045,"y":0.4991},{"x":2.07228,"y":0.4991},{"x":2.07228,"y":-0.43474},{"x":0.0,"y":0.0}]
    },
    {
      "SourcePinAddress":{
        "PinID":1457863638,
        "PinOwnerID":2127447854
      },
      "TargetPinAddress":{
        "PinID":0,
        "PinOwnerID":1839714469
      },
      "ConnectionType":1,
      "ConnectedWireIndex":14,
      "ConnectedWireSegmentIndex":1,
      "Points":[{"x":9.36045,"y":-0.50655},{"x":0.0,"y":0.0}]
    },
    {
      "SourcePinAddress":{
        "PinID":0,
        "PinOwnerID":387323185
      },
      "TargetPinAddress":{
        "PinID":16909473,
        "PinOwnerID":2127447854
      },
      "ConnectionType":1,
      "ConnectedWireIndex":5,
      "ConnectedWireSegmentIndex":0,
      "Points":[{"x":-2.44048,"y":2.89399},{"x":6.82272,"y":2.89399},{"x":6.82272,"y":-0.42569},{"x":0.0,"y":0.0}]
    }
  ],
  "Displays": null
}