{
  "DLSVersion": "2.1.6",
  "Name": "NONE-8",
  "NameLocation": 0,
  "ChipType": 0,
  "Size": {
    "x": 1.025,
    "y": 0.5
  },
  "Colour": {
    "r": 0.3398807,
    "g": 0.495170832,
    "b": 0.100628152,
    "a": 1
  },
  "InputPins":[
    {
      "Name":"IN",
      "ID":55791929,
      "Position":{
        "x":0.13246,
        "y":-3.79633
      },
      "BitCount":8,
      "Colour":0,
      "ValueDisplayMode":0
    }
  ],
  "OutputPins":[
    {
      "Name":"OUT",
      "ID":1564861363,
      "Position":{
        "x":5.92473,
        "y":-3.77272
      },
      "BitCount":1,
      "Colour":0,
      "ValueDisplayMode":0
    }
  ],
  "SubChips":[
    {
      "Name":"ANY-8",
      "ID":1197340275,
      "Label":"",
      "Position":{
        "x":3.02859,
        "y":-3.78059
      },
      "OutputPinColourInfo":[{"PinColour":0,"PinID":151859881}],
      "InternalData":null
    },
    {
      "Name":"NOT",
      "ID":18518871,
      "Label":"",
      "Position":{
        "x":4.31926,
        "y":-3.78059
      },
      "OutputPinColourInfo":[{"PinColour":0,"PinID":892159555}],
      "InternalData":null
    }
  ],
  "Wires":[
    {
      "SourcePinAddress":{
        "PinID":0,
        "PinOwnerID":55791929
      },
      "TargetPinAddress":{
        "PinID":1104547163,
        "PinOwnerID":1197340275
      },
      "ConnectionType":0,
      "ConnectedWireIndex":-1,
      "ConnectedWireSegmentIndex":-1,
      "Points":[{"x":0.0,"y":0.0},{"x":0.0,"y":0.0}]
    },
    {
      "SourcePinAddress":{
        "PinID":151859881,
        "PinOwnerID":1197340275
      },
      "TargetPinAddress":{
        "PinID":113608822,
        "PinOwnerID":18518871
      },
      "ConnectionType":0,
      "ConnectedWireIndex":-1,
      "ConnectedWireSegmentIndex":-1,
      "Points":[{"x":0.0,"y":0.0},{"x":0.0,"y":0.0}]
    },
    {
      "SourcePinAddress":{
        "PinID":892159555,
        "PinOwnerID":18518871
      },
      "TargetPinAddress":{
        "PinID":0,
        "PinOwnerID":1564861363
      },
      "ConnectionType":0,
      "ConnectedWireIndex":-1,
      "ConnectedWireSegmentIndex":-1,
      "Points":[{"x":0.0,"y":0.0},{"x":0.0,"y":0.0}]
    }
  ],
  "Displays": null
}