{
  "DLSVersion": "2.1.6",
  "Name": "NOT-8",
  "NameLocation": 0,
  "ChipType": 0,
  "Size": {
    "x": 0.875,
    "y": 0.5
  },
  "Colour": {
    "r": 0.51975435,
    "g": 0.38730368,
    "b": 0.378119349,
    "a": 1
  },
  "InputPins":[
    {
      "Name":"IN",
      "ID":753433383,
      "Position":{
        "x":-1.80724,
        "y":4.44811
      },
      "BitCount":8,
      "Colour":0,
      "ValueDisplayMode":0
    }
  ],
  "OutputPins":[
    {
      "Name":"OUT",
      "ID":2007435006,
      "Position":{
        "x":8.76557,
        "y":4.34148
      },
      "BitCount":8,
      "Colour":0,
      "ValueDisplayMode":0
    }
  ],
  "SubChips":[
    {
      "Name":"8-1BIT",
      "ID":799915916,
      "Label":"",
      "Position":{
        "x":0.64022,
        "y":4.40124
      },
      "OutputPinColourInfo":[{"PinColour":0,"PinID":1},{"PinColour":0,"PinID":2},{"PinColour":0,"PinID":3},{"PinColour":0,"PinID":4},{"PinColour":0,"PinID":5},{"PinColour":0,"PinID":6},{"PinColour":0,"PinID":7},{"PinColour":0,"PinID":8}],
      "InternalData":null
    },
    {
      "Name":"1-8BIT",
      "ID":875375735,
      "Label":"",
      "Position":{
        "x":5.9302,
        "y":4.36039
      },
      "OutputPinColourInfo":[{"PinColour":0,"PinID":8}],
      "InternalData":null
    },
    {
      "Name":"NOT",
      "ID":1984825444,
      "Label":"",
      "Position":{
        "x":3.25457,
        "y":6.03462
      },
      "OutputPinColourInfo":[{"PinColour":0,"PinID":892159555}],
      "InternalData":null
    },
    {
      "Name":"NOT",
      "ID":96364304,
      "Label":"",
      "Position":{
        "x":3.27198,
        "y":5.60755
      },
      "OutputPinColourInfo":[{"PinColour":0,"PinID":892159555}],
      "InternalData":null
    },
    {
      "Name":"NOT",
      "ID":918493380,
      "Label":"",
      "Position":{
        "x":3.25275,
        "y":5.17171
      },
      "OutputPinColourInfo":[{"PinColour":0,"PinID":892159555}],
      "InternalData":null
    },
    {
      "Name":"NOT",
      "ID":252619150,
      "Label":"",
      "Position":{
        "x":3.25275,
        "y":4.74228
      },
      "OutputPinColourInfo":[{"PinColour":0,"PinID":892159555}],
      "InternalData":null
    },
    {
      "Name":"NOT",
      "ID":851346455,
      "Label":"",
      "Position":{
        "x":3.23993,
        "y":4.31284
      },
      "OutputPinColourInfo":[{"PinColour":0,"PinID":892159555}],
      "InternalData":null
    },
    {
      "Name":"NOT",
      "ID":1633323562,
      "Label":"",
      "Position":{
        "x":3.20788,
        "y":3.88341
      },
      "OutputPinColourInfo":[{"PinColour":0,"PinID":892159555}],
      "InternalData":null
    },
    {
      "Name":"NOT",
      "ID":1036783584,
      "Label":"",
      "Position":{
        "x":3.2207,
        "y":3.44115
      },
      "OutputPinColourInfo":[{"PinColour":0,"PinID":892159555}],
      "InternalData":null
    },
    {
      "Name":"NOT",
      "ID":79951376,
      "Label":"",
      "Position":{
        "x":3.23352,
        "y":2.99249
      },
      "OutputPinColourInfo":[{"PinColour":0,"PinID":892159555}],
      "InternalData":null
    }
  ],
  "Wires":[
    {
      "SourcePinAddress":{
        "PinID":1,
        "PinOwnerID":799915916
      },
      "TargetPinAddress":{
        "PinID":113608822,
        "PinOwnerID":1984825444
      },
      "ConnectionType":0,
      "ConnectedWireIndex":-1,
      "ConnectedWireSegmentIndex":-1,
      "Points":[{"x":0.0,"y":0.0},{"x":0.0,"y":0.0}]
    },
    {
      "SourcePinAddress":{
        "PinID":892159555,
        "PinOwnerID":1984825444
      },
      "TargetPinAddress":{
        "PinID":0,
        "PinOwnerID":875375735
      },
      "ConnectionType":0,
      "ConnectedWireIndex":-1,
      "ConnectedWireSegmentIndex":-1,
      "Points":[{"x":0.0,"y":0.0},{"x":0.0,"y":0.0}]
    },
    {
      "SourcePinAddress":{
        "PinID":2,
        "PinOwnerID":799915916
      },
      "TargetPinAddress":{
        "PinID":113608822,
        "PinOwnerID":96364304
      },
      "ConnectionType":0,
      "ConnectedWireIndex":-1,
      "ConnectedWireSegmentIndex":-1,
      "Points":[{"x":0.0,"y":0.0},{"x":0.0,"y":0.0}]
    },
    {
      "SourcePinAddress":{
        "PinID":892159555,
        "PinOwnerID":96364304
      },
      "TargetPinAddress":{
        "PinID":1,
        "PinOwnerID":875375735
      },
      "ConnectionType":0,
      "ConnectedWireIndex":-1,
      "ConnectedWireSegmentIndex":-1,
      "Points":[{"x":0.0,"y":0.0},{"x":0.0,"y":0.0}]
    },
    {
      "SourcePinAddress":{
        "PinID":3,
        "PinOwnerID":799915916
      },
      "TargetPinAddress":{
        "PinID":113608822,
        "PinOwnerID":918493380
      },
      "ConnectionType":0,
      "ConnectedWireIndex":-1,
      "ConnectedWireSegmentIndex":-1,
      "Points":[{"x":0.0,"y":0.0},{"x":0.0,"y":0.0}]
    },
    {
      "SourcePinAddress":{
        "PinID":892159555,
        "PinOwnerID":918493380
      },
      "TargetPinAddress":{
        "PinID":2,
        "PinOwnerID":875375735
      },
      "ConnectionType":0,
      "ConnectedWireIndex":-1,
      "ConnectedWireSegmentIndex":-1,
      "Points":[{"x":0.0,"y":0.0},{"x":0.0,"y":0.0}]
    },
    {
      "SourcePinAddress":{
        "PinID":4,
        "PinOwnerID":799915916
      },
      "TargetPinAddress":{
        "PinID":113608822,
        "PinOwnerID":252619150
      },
      "ConnectionType":0,
      "ConnectedWireIndex":-1,
      "ConnectedWireSegmentIndex":-1,
      "Points":[{"x":0.0,"y":0.0},{"x":0.0,"y":0.0}]
    },
    {
      "SourcePinAddress":{
        "PinID":892159555,
        "PinOwnerID":252619150
      },
      "TargetPinAddress":{
        "PinID":3,
        "PinOwnerID":875375735
      },
      "ConnectionType":0,
      "ConnectedWireIndex":-1,
      "ConnectedWireSegmentIndex":-1,
      "Points":[{"x":0.0,"y":0.0},{"x":0.0,"y":0.0}]
    },
    {
      "SourcePinAddress":{
        "PinID":5,
        "PinOwnerID":799915916
      },
      "TargetPinAddress":{
        "PinID":113608822,
        "PinOwnerID":851346455
      },
      "ConnectionType":0,
      "ConnectedWireIndex":-1,
      "ConnectedWireSegmentIndex":-1,
      "Points":[{"x":0.0,"y":0.0},{"x":0.0,"y":0.0}]
    },
    {
      "SourcePinAddress":{
        "PinID":892159555,
        "PinOwnerID":851346455
      },
      "TargetPinAddress":{
        "PinID":4,
        "PinOwnerID":875375735
      },
      "ConnectionType":0,
      "ConnectedWireIndex":-1,
      "ConnectedWireSegmentIndex":-1,
      "Points":[{"x":0.0,"y":0.0},{"x":0.0,"y":0.0}]
    },
    {
      "SourcePinAddress":{
        "PinID":6,
        "PinOwnerID":799915916
      },
      "TargetPinAddress":{
        "PinID":113608822,
        "PinOwnerID":1633323562
      },
      "ConnectionType":0,
      "ConnectedWireIndex":-1,
      "ConnectedWireSegmentIndex":-1,
      "Points":[{"x":0.0,"y":0.0},{"x":0.0,"y":0.0}]
    },
    {
      "SourcePinAddress":{
        "PinID":892159555,
        "PinOwnerID":1633323562
      },
      "TargetPinAddress":{
        "PinID":5,
        "PinOwnerID":875375735
      },
      "ConnectionType":0,
      "ConnectedWireIndex":-1,
      "ConnectedWireSegmentIndex":-1,
      "Points":[{"x":0.0,"y":0.0},{"x":0.0,"y":0.0}]
    },
    {
      "SourcePinAddress":{
        "PinID":7,
        "PinOwnerID":799915916
      },
      "TargetPinAddress":{
        "PinID":113608822,
        "PinOwnerID":1036783584
      },
      "ConnectionType":0,
      "ConnectedWireIndex":-1,
      "ConnectedWireSegmentIndex":-1,
      "Points":[{"x":0.0,"y":0.0},{"x":0.0,"y":0.0}]
    },
    {
      "SourcePinAddress":{
        "PinID":892159555,
        "PinOwnerID":1036783584
      },
      "TargetPinAddress":{
        "PinID":6,
        "PinOwnerID":875375735
      },
      "ConnectionType":0,
      "ConnectedWireIndex":-1,
      "ConnectedWireSegmentIndex":-1,
      "Points":[{"x":0.0,"y":0.0},{"x":0.0,"y":0.0}]
    },
    {
      "SourcePinAddress":{
        "PinID":8,
        "PinOwnerID":799915916
      },
      "TargetPinAddress":{
        "PinID":113608822,
        "PinOwnerID":79951376
      },
      "ConnectionType":0,
      "ConnectedWireIndex":-1,
      "ConnectedWireSegmentIndex":-1,
      "Points":[{"x":0.0,"y":0.0},{"x":0.0,"y":0.0}]
    },
    {
      "SourcePinAddress":{
        "PinID":892159555,
        "PinOwnerID":79951376
      },
      "TargetPinAddress":{
        "PinID":7,
        "PinOwnerID":875375735
      },
      "ConnectionType":0,
      "ConnectedWireIndex":-1,
      "ConnectedWireSegmentIndex":-1,
      "Points":[{"x":0.0,"y":0.0},{"x":0.0,"y":0.0}]
    },
    {
      "SourcePinAddress":{
        "PinID":0,
        "PinOwnerID":753433383
      },
      "TargetPinAddress":{
        "PinID":0,
        "PinOwnerID":799915916
      },
      "ConnectionType":0,
      "ConnectedWireIndex":-1,
      "ConnectedWireSegmentIndex":-1,
      "Points":[{"x":0.0,"y":0.0},{"x":0.0,"y":0.0}]
    },
    {
      "SourcePinAddress":{
        "PinID":8,
        "PinOwnerID":875375735
      },
      "TargetPinAddress":{
        "PinID":0,
        "PinOwnerID":2007435006
      },
      "ConnectionType":0,
      "ConnectedWireIndex":-1,
      "ConnectedWireSegmentIndex":-1,
      "Points":[{"x":0.0,"y":0.0},{"x":0.0,"y":0.0}]
    }
  ],
  "Displays": null
}