{
  "DLSVersion": "2.1.6",
  "Name": "NOT",
  "NameLocation": 0,
  "ChipType": 0,
  "Size": {
    "x": 0.575,
    "y": 0.375
  },
  "Colour": {
    "r": 0.297347933,
    "g": 0.2582596,
    "b": 0.225638464,
    "a": 1
  },
  "InputPins":[
    {
      "Name":"IN",
      "ID":113608822,
      "Position":{
        "x":-3.6811,
        "y":1.67323
      },
      "BitCount":1,
      "Colour":0,
      "ValueDisplayMode":0
    }
  ],
  "OutputPins":[
    {
      "Name":"OUT",
      "ID":892159555,
      "Position":{
        "x":1.42717,
        "y":1.6437
      },
      "BitCount":1,
      "Colour":0,
      "ValueDisplayMode":0
    }
  ],
  "SubChips":[
    {
      "Name":"NAND",
      "ID":1628658040,
      "Label":"",
      "Position":{
        "x":-1.27953,
        "y":1.66339
      },
      "OutputPinColourInfo":[{"PinColour":0,"PinID":2}],
      "InternalData":null
    }
  ],
  "Wires":[
    {
      "SourcePinAddress":{
        "PinID":0,
        "PinOwnerID":113608822
      },
      "TargetPinAddress":{
        "PinID":0,
        "PinOwnerID":1628658040
      },
      "ConnectionType":0,
      "ConnectedWireIndex":-1,
      "ConnectedWireSegmentIndex":-1,
      "Points":[{"x":0.0,"y":0.0},{"x":0.0,"y":0.0}]
    },
    {
      "SourcePinAddress":{
        "PinID":0,
        "PinOwnerID":113608822
      },
      "TargetPinAddress":{
        "PinID":1,
        "PinOwnerID":1628658040
      },
      "ConnectionType":0,
      "ConnectedWireIndex":-1,
      "ConnectedWireSegmentIndex":-1,
      "Points":[{"x":0.0,"y":0.0},{"x":0.0,"y":0.0}]
    },
    {
      "SourcePinAddress":{
        "PinID":2,
        "PinOwnerID":1628658040
      },
      "TargetPinAddress":{
        "PinID":0,
        "PinOwnerID":892159555
      },
      "ConnectionType":0,
      "ConnectedWireIndex":-1,
      "ConnectedWireSegmentIndex":-1,
      "Points":[{"x":0.0,"y":0.0},{"x":0.0,"y":0.0}]
    }
  ],
  "Displays": null
}