{
  "DLSVersion": "2.1.6",
  "Name": "NULL",
  "NameLocation": 0,
  "ChipType": 0,
  "Size": {
    "x": 0.725,
    "y": 0.375
  },
  "Colour": {
    "r": 0.73171103,
    "g": 0.426588029,
    "b": 0.889614642,
    "a": 1
  },
  "InputPins":[
    {
      "Name":"IN",
      "ID":477618195,
      "Position":{
        "x":0.3287,
        "y":2.86024
      },
      "BitCount":1,
      "Colour":0,
      "ValueDisplayMode":0
    }
  ],
  "OutputPins":[],
  "SubChips":[],
  "Wires":[],
  "Displays": null
}