{
  "DLSVersion": "2.1.6",
  "Name": "OR-8",
  "NameLocation": 0,
  "ChipType": 0,
  "Size": {
    "x": 0.725,
    "y": 1.0
  },
  "Colour": {
    "r": 0.125809,
    "g": 0.195160925,
    "b": 0.229981914,
    "a": 1
  },
  "InputPins":[
    {
      "Name":"IN",
      "ID":2046108047,
      "Position":{
        "x":-3.98622,
        "y":1.62402
      },
      "BitCount":8,
      "Colour":0,
      "ValueDisplayMode":0
    },
    {
      "Name":"IN",
      "ID":302456598,
      "Position":{
        "x":-4.05512,
        "y":-1.06299
      },
      "BitCount":8,
      "Colour":0,
      "ValueDisplayMode":0
    }
  ],
  "OutputPins":[
    {
      "Name":"OUT",
      "ID":510400247,
      "Position":{
        "x":4.39961,
        "y":0.25591
      },
      "BitCount":8,
      "Colour":0,
      "ValueDisplayMode":0
    }
  ],
  "SubChips":[
    {
      "Name":"8-1BIT",
      "ID":598957380,
      "Label":"",
      "Position":{
        "x":-1.60433,
        "y":1.5748
      },
      "OutputPinColourInfo":[{"PinColour":0,"PinID":1},{"PinColour":0,"PinID":2},{"PinColour":0,"PinID":3},{"PinColour":0,"PinID":4},{"PinColour":0,"PinID":5},{"PinColour":0,"PinID":6},{"PinColour":0,"PinID":7},{"PinColour":0,"PinID":8}],
      "InternalData":null
    },
    {
      "Name":"1-8BIT",
      "ID":715450325,
      "Label":"",
      "Position":{
        "x":2.28346,
        "y":0.28543
      },
      "OutputPinColourInfo":[{"PinColour":0,"PinID":8}],
      "InternalData":null
    },
    {
      "Name":"8-1BIT",
      "ID":357914291,
      "Label":"",
      "Position":{
        "x":-1.65354,
        "y":-1.07283
      },
      "OutputPinColourInfo":[{"PinColour":0,"PinID":1},{"PinColour":0,"PinID":2},{"PinColour":0,"PinID":3},{"PinColour":0,"PinID":4},{"PinColour":0,"PinID":5},{"PinColour":0,"PinID":6},{"PinColour":0,"PinID":7},{"PinColour":0,"PinID":8}],
      "InternalData":null
    },
    {
      "Name":"OR",
      "ID":1762563480,
      "Label":"",
      "Position":{
        "x":0.35433,
        "y":2.25394
      },
      "OutputPinColourInfo":[{"PinColour":0,"PinID":1460349536}],
      "InternalData":null
    },
    {
      "Name":"OR",
      "ID":1516279937,
      "Label":"",
      "Position":{
        "x":0.34449,
        "y":1.69291
      },
      "OutputPinColourInfo":[{"PinColour":0,"PinID":1460349536}],
      "InternalData":null
    },
    {
      "Name":"OR",
      "ID":978674292,
      "Label":"",
      "Position":{
        "x":0.36417,
        "y":1.13189
      },
      "OutputPinColourInfo":[{"PinColour":0,"PinID":1460349536}],
      "InternalData":null
    },
    {
      "Name":"OR",
      "ID":581868281,
      "Label":"",
      "Position":{
        "x":0.37402,
        "y":0.55118
      },
      "OutputPinColourInfo":[{"PinColour":0,"PinID":1460349536}],
      "InternalData":null
    },
    {
      "Name":"OR",
      "ID":1481509619,
      "Label":"",
      "Position":{
        "x":0.37402,
        "y":-0.00984
      },
      "OutputPinColourInfo":[{"PinColour":0,"PinID":1460349536}],
      "InternalData":null
    },
    {
      "Name":"OR",
      "ID":152702293,
      "Label":"",
      "Position":{
        "x":0.38386,
        "y":-0.61024
      },
      "OutputPinColourInfo":[{"PinColour":0,"PinID":1460349536}],
      "InternalData":null
    },
    {
      "Name":"OR",
      "ID":1385400347,
      "Label":"",
      "Position":{
        "x":0.38386,
        "y":-1.22047
      },
      "OutputPinColourInfo":[{"PinColour":0,"PinID":1460349536}],
      "InternalData":null
    },
    {
      "Name":"OR",
      "ID":1906838497,
      "Label":"",
      "Position":{
        "x":0.42323,
        "y":-1.79134
      },
      "OutputPinColourInfo":[{"PinColour":0,"PinID":1460349536}],
      "InternalData":null
    }
  ],
  "Wires":[
    {
      "SourcePinAddress":{
        "PinID":0,
        "PinOwnerID":302456598
      },
      "TargetPinAddress":{
        "PinID":0,
        "PinOwnerID":357914291
      },
      "ConnectionType":0,
      "ConnectedWireIndex":-1,
      "ConnectedWireSegmentIndex":-1,
      "Points":[{"x":0.0,"y":0.0},{"x":0.0,"y":0.0}]
    },
    {
      "SourcePinAddress":{
        "PinID":0,
        "PinOwnerID":2046108047
      },
      "TargetPinAddress":{
        "PinID":0,
        "PinOwnerID":598957380
      },
      "ConnectionType":0,
      "ConnectedWireIndex":-1,
      "ConnectedWireSegmentIndex":-1,
      "Points":[{"x":0.0,"y":0.0},{"x":0.0,"y":0.0}]
    },
    {
      "SourcePinAddress":{
        "PinID":1,
        "PinOwnerID":598957380
      },
      "TargetPinAddress":{
        "PinID":1595053635,
        "PinOwnerID":1762563480
      },
      "ConnectionType":0,
      "ConnectedWireIndex":-1,
      "ConnectedWireSegmentIndex":-1,
      "Points":[{"x":0.0,"y":0.0},{"x":0.0,"y":0.0}]
    },
    {
      "SourcePinAddress":{
        "PinID":2,
        "PinOwnerID":598957380
      },
      "TargetPinAddress":{
        "PinID":1595053635,
        "PinOwnerID":1516279937
      },
      "ConnectionType":0,
      "ConnectedWireIndex":-1,
      "ConnectedWireSegmentIndex":-1,
      "Points":[{"x":0.0,"y":0.0},{"x":0.0,"y":0.0}]
    },
    {
      "SourcePinAddress":{
        "PinID":3,
        "PinOwnerID":598957380
      },
      "TargetPinAddress":{
        "PinID":1595053635,
        "PinOwnerID":978674292
      },
      "ConnectionType":0,
      "ConnectedWireIndex":-1,
      "ConnectedWireSegmentIndex":-1,
      "Points":[{"x":0.0,"y":0.0},{"x":0.0,"y":0.0}]
    },
    {
      "SourcePinAddress":{
        "PinID":4,
        "PinOwnerID":598957380
      },
      "TargetPinAddress":{
        "PinID":1595053635,
        "PinOwnerID":581868281
      },
      "ConnectionType":0,
      "ConnectedWireIndex":-1,
      "ConnectedWireSegmentIndex":-1,
      "Points":[{"x":0.0,"y":0.0},{"x":0.0,"y":0.0}]
    },
    {
      "SourcePinAddress":{
        "PinID":5,
        "PinOwnerID":598957380
      },
      "TargetPinAddress":{
        "PinID":1595053635,
        "PinOwnerID":1481509619
      },
      "ConnectionType":0,
      "ConnectedWireIndex":-1,
      "ConnectedWireSegmentIndex":-1,
      "Points":[{"x":0.0,"y":0.0},{"x":0.0,"y":0.0}]
    },
    {
      "SourcePinAddress":{
        "PinID":6,
        "PinOwnerID":598957380
      },
      "TargetPinAddress":{
        "PinID":1595053635,
        "PinOwnerID":152702293
      },
      "ConnectionType":0,
      "ConnectedWireIndex":-1,
      "ConnectedWireSegmentIndex":-1,
      "Points":[{"x":0.0,"y":0.0},{"x":0.0,"y":0.0}]
    },
    {
      "SourcePinAddress":{
        "PinID":7,
        "PinOwnerID":598957380
      },
      "TargetPinAddress":{
        "PinID":1595053635,
        "PinOwnerID":1385400347
      },
      "ConnectionType":0,
      "ConnectedWireIndex":-1,
      "ConnectedWireSegmentIndex":-1,
      "Points":[{"x":0.0,"y":0.0},{"x":0.0,"y":0.0}]
    },
    {
      "SourcePinAddress":{
        "PinID":8,
        "PinOwnerID":598957380
      },
      "TargetPinAddress":{
        "PinID":1595053635,
        "PinOwnerID":1906838497
      },
      "ConnectionType":0,
      "ConnectedWireIndex":-1,
      "ConnectedWireSegmentIndex":-1,
      "Points":[{"x":0.0,"y":0.0},{"x":0.0,"y":0.0}]
    },
    {
      "SourcePinAddress":{
        "PinID":1,
        "PinOwnerID":357914291
      },
      "TargetPinAddress":{
        "PinID":657869569,
        "PinOwnerID":1762563480
      },
      "ConnectionType":0,
      "ConnectedWireIndex":-1,
      "ConnectedWireSegmentIndex":-1,
      "Points":[{"x":0.0,"y":0.0},{"x":0.0,"y":0.0}]
    },
    {
      "SourcePinAddress":{
        "PinID":2,
        "PinOwnerID":357914291
      },
      "TargetPinAddress":{
        "PinID":657869569,
        "PinOwnerID":1516279937
      },
      "ConnectionType":0,
      "ConnectedWireIndex":-1,
      "ConnectedWireSegmentIndex":-1,
      "Points":[{"x":0.0,"y":0.0},{"x":0.0,"y":0.0}]
    },
    {
      "SourcePinAddress":{
        "PinID":3,
        "PinOwnerID":357914291
      },
      "TargetPinAddress":{
        "PinID":657869569,
        "PinOwnerID":978674292
      },
      "ConnectionType":0,
      "ConnectedWireIndex":-1,
      "ConnectedWireSegmentIndex":-1,
      "Points":[{"x":0.0,"y":0.0},{"x":0.0,"y":0.0}]
    },
    {
      "SourcePinAddress":{
        "PinID":4,
        "PinOwnerID":357914291
      },
      "TargetPinAddress":{
        "PinID":657869569,
        "PinOwnerID":581868281
      },
      "ConnectionType":0,
      "ConnectedWireIndex":-1,
      "ConnectedWireSegmentIndex":-1,
      "Points":[{"x":0.0,"y":0.0},{"x":0.0,"y":0.0}]
    },
    {
      "SourcePinAddress":{
        "PinID":5,
        "PinOwnerID":357914291
      },
      "TargetPinAddress":{
        "PinID":657869569,
        "PinOwnerID":1481509619
      },
      "ConnectionType":0,
      "ConnectedWireIndex":-1,
      "ConnectedWireSegmentIndex":-1,
      "Points":[{"x":0.0,"y":0.0},{"x":0.0,"y":0.0}]
    },
    {
      "SourcePinAddress":{
        "PinID":6,
        "PinOwnerID":357914291
      },
      "TargetPinAddress":{
        "PinID":657869569,
        "PinOwnerID":152702293
      },
      "ConnectionType":0,
      "ConnectedWireIndex":-1,
      "ConnectedWireSegmentIndex":-1,
      "Points":[{"x":0.0,"y":0.0},{"x":0.0,"y":0.0}]
    },
    {
      "SourcePinAddress":{
        "PinID":7,
        "PinOwnerID":357914291
      },
      "TargetPinAddress":{
        "PinID":657869569,
        "PinOwnerID":1385400347
      },
      "ConnectionType":0,
      "ConnectedWireIndex":-1,
      "ConnectedWireSegmentIndex":-1,
      "Points":[{"x":0.0,"y":0.0},{"x":0.0,"y":0.0}]
    },
    {
      "SourcePinAddress":{
        "PinID":8,
        "PinOwnerID":357914291
      },
      "TargetPinAddress":{
        "PinID":657869569,
        "PinOwnerID":1906838497
      },
      "ConnectionType":0,
      "ConnectedWireIndex":-1,
      "ConnectedWireSegmentIndex":-1,
      "Points":[{"x":0.0,"y":0.0},{"x":0.0,"y":0.0}]
    },
    {
      "SourcePinAddress":{
        "PinID":1460349536,
        "PinOwnerID":1762563480
      },
      "TargetPinAddress":{
        "PinID":0,
        "PinOwnerID":715450325
      },
      "ConnectionType":0,
      "ConnectedWireIndex":-1,
      "ConnectedWireSegmentIndex":-1,
      "Points":[{"x":0.0,"y":0.0},{"x":0.0,"y":0.0}]
    },
    {
      "SourcePinAddress":{
        "PinID":1460349536,
        "PinOwnerID":1516279937
      },
      "TargetPinAddress":{
        "PinID":1,
        "PinOwnerID":715450325
      },
      "ConnectionType":0,
      "ConnectedWireIndex":-1,
      "ConnectedWireSegmentIndex":-1,
      "Points":[{"x":0.0,"y":0.0},{"x":0.0,"y":0.0}]
    },
    {
      "SourcePinAddress":{
        "PinID":1460349536,
        "PinOwnerID":978674292
      },
      "TargetPinAddress":{
        "PinID":2,
        "PinOwnerID":715450325
      },
      "ConnectionType":0,
      "ConnectedWireIndex":-1,
      "ConnectedWireSegmentIndex":-1,
      "Points":[{"x":0.0,"y":0.0},{"x":0.0,"y":0.0}]
    },
    {
      "SourcePinAddress":{
        "PinID":1460349536,
        "PinOwnerID":581868281
      },
      "TargetPinAddress":{
        "PinID":3,
        "PinOwnerID":715450325
      },
      "ConnectionType":0,
      "ConnectedWireIndex":-1,
      "ConnectedWireSegmentIndex":-1,
      "Points":[{"x":0.0,"y":0.0},{"x":0.0,"y":0.0}]
    },
    {
      "SourcePinAddress":{
        "PinID":1460349536,
        "PinOwnerID":1481509619
      },
      "TargetPinAddress":{
        "PinID":4,
        "PinOwnerID":715450325
      },
      "ConnectionType":0,
      "ConnectedWireIndex":-1,
      "ConnectedWireSegmentIndex":-1,
      "Points":[{"x":0.0,"y":0.0},{"x":0.0,"y":0.0}]
    },
    {
      "SourcePinAddress":{
        "PinID":1460349536,
        "PinOwnerID":152702293
      },
      "TargetPinAddress":{
        "PinID":5,
        "PinOwnerID":715450325
      },
      "ConnectionType":0,
      "ConnectedWireIndex":-1,
      "ConnectedWireSegmentIndex":-1,
      "Points":[{"x":0.0,"y":0.0},{"x":0.0,"y":0.0}]
    },
    {
      "SourcePinAddress":{
        "PinID":1460349536,
        "PinOwnerID":1385400347
      },
      "TargetPinAddress":{
        "PinID":6,
        "PinOwnerID":715450325
      },
      "ConnectionType":0,
      "ConnectedWireIndex":-1,
      "ConnectedWireSegmentIndex":-1,
      "Points":[{"x":0.0,"y":0.0},{"x":0.0,"y":0.0}]
    },
    {
      "SourcePinAddress":{
        "PinID":1460349536,
        "PinOwnerID":1906838497
      },
      "TargetPinAddress":{
        "PinID":7,
        "PinOwnerID":715450325
      },
      "ConnectionType":0,
      "ConnectedWireIndex":-1,
      "ConnectedWireSegmentIndex":-1,
      "Points":[{"x":0.0,"y":0.0},{"x":0.0,"y":0.0}]
    },
    {
      "SourcePinAddress":{
        "PinID":8,
        "PinOwnerID":715450325
      },
      "TargetPinAddress":{
        "PinID":0,
        "PinOwnerID":510400247
      },
      "ConnectionType":0,
      "ConnectedWireIndex":-1,
      "ConnectedWireSegmentIndex":-1,
      "Points":[{"x":0.0,"y":0.0},{"x":0.0,"y":0.0}]
    }
  ],
  "Displays": null
}