{
  "DLSVersion": "2.1.6",
  "Name": "OR",
  "NameLocation": 0,
  "ChipType": 0,
  "Size": {
    "x": 0.425,
    "y": 0.5
  },
  "Colour": {
    "r": 0.142458484,
    "g": 0.155123413,
    "b": 0.228029266,
    "a": 1
  },
  "InputPins":[
    {
      "Name":"IN",
      "ID":1595053635,
      "Position":{
        "x":-5.87598,
        "y":-0.11811
      },
      "BitCount":1,
      "Colour":0,
      "ValueDisplayMode":0
    },
    {
      "Name":"IN",
      "ID":657869569,
      "Position":{
        "x":-5.87598,
        "y":-1.40748
      },
      "BitCount":1,
      "Colour":0,
      "ValueDisplayMode":0
    }
  ],
  "OutputPins":[
    {
      "Name":"OUT",
      "ID":1460349536,
      "Position":{
        "x":1.63386,
        "y":-0.72835
      },
      "BitCount":1,
      "Colour":0,
      "ValueDisplayMode":0
    }
  ],
  "SubChips":[
    {
      "Name":"NAND",
      "ID":1327627041,
      "Label":"",
      "Position":{
        "x":-3.47441,
        "y":-0.10827
      },
      "OutputPinColourInfo":[{"PinColour":0,"PinID":2}],
      "InternalData":null
    },
    {
      "Name":"NAND",
      "ID":446396178,
      "Label":"",
      "Position":{
        "x":-3.45472,
        "y":-1.39764
      },
      "OutputPinColourInfo":[{"PinColour":0,"PinID":2}],
      "InternalData":null
    },
    {
      "Name":"NAND",
      "ID":115313604,
      "Label":"",
      "Position":{
        "x":-1.10236,
        "y":-0.66929
      },
      "OutputPinColourInfo":[{"PinColour":0,"PinID":2}],
      "InternalData":null
    }
  ],
  "Wires":[
    {
      "SourcePinAddress":{
        "PinID":0,
        "PinOwnerID":1595053635
      },
      "TargetPinAddress":{
        "PinID":0,
        "PinOwnerID":1327627041
      },
      "ConnectionType":0,
      "ConnectedWireIndex":-1,
      "ConnectedWireSegmentIndex":-1,
      "Points":[{"x":0.0,"y":0.0},{"x":0.0,"y":0.0}]
    },
    {
      "SourcePinAddress":{
        "PinID":0,
        "PinOwnerID":1595053635
      },
      "TargetPinAddress":{
        "PinID":1,
        "PinOwnerID":1327627041
      },
      "ConnectionType":0,
      "ConnectedWireIndex":-1,
      "ConnectedWireSegmentIndex":-1,
      "Points":[{"x":0.0,"y":0.0},{"x":0.0,"y":0.0}]
    },
    {
      "SourcePinAddress":{
        "PinID":0,
        "PinOwnerID":657869569
      },
      "TargetPinAddress":{
        "PinID":1,
        "PinOwnerID":446396178
      },
      "ConnectionType":0,
      "ConnectedWireIndex":-1,
      "ConnectedWireSegmentIndex":-1,
      "Points":[{"x":0.0,"y":0.0},{"x":0.0,"y":0.0}]
    },
    {
      "SourcePinAddress":{
        "PinID":0,
        "PinOwnerID":657869569
      },
      "TargetPinAddress":{
        "PinID":0,
        "PinOwnerID":446396178
      },
      "ConnectionType":0,
      "ConnectedWireIndex":-1,
      "ConnectedWireSegmentIndex":-1,
      "Points":[{"x":0.0,"y":0.0},{"x":0.0,"y":0.0}]
    },
    {
      "SourcePinAddress":{
        "PinID":2,
        "PinOwnerID":1327627041
      },
      "TargetPinAddress":{
        "PinID":0,
        "PinOwnerID":115313604
      },
      "ConnectionType":0,
      "ConnectedWireIndex":-1,
      "ConnectedWireSegmentIndex":-1,
      "Points":[{"x":0.0,"y":0.0},{"x":0.0,"y":0.0}]
    },
    {
      "SourcePinAddress":{
        "PinID":2,
        "PinOwnerID":446396178
      },
      "TargetPinAddress":{
        "PinID":1,
        "PinOwnerID":115313604
      },
      "ConnectionType":0,
      "ConnectedWireIndex":-1,
      "ConnectedWireSegmentIndex":-1,
      "Points":[{"x":0.0,"y":0.0},{"x":0.0,"y":0.0}]
    },
    {
      "SourcePinAddress":{
        "PinID":2,
        "PinOwnerID":115313604
      },
      "TargetPinAddress":{
        "PinID":0,
        "PinOwnerID":1460349536
      },
      "ConnectionType":0,
      "ConnectedWireIndex":-1,
      "ConnectedWireSegmentIndex":-1,
      "Points":[{"x":0.0,"y":0.0},{"x":0.0,"y":0.0}]
    }
  ],
  "Displays": null
}