{
  "DLSVersion": "2.1.6",
  "Name": "RAM-256",
  "NameLocation": 0,
  "ChipType": 0,
  "Size": {
    "x": 2.02146,
    "y": 2.0
  },
  "Colour": {
    "r": 0.22837086,
    "g": 0.17420423,
    "b": 0.183175847,
    "a": 1
  },
  "InputPins":[
    {
      "Name":"Data",
      "ID":1229379721,
      "Position":{
        "x":-13.68338,
        "y":17.25327
      },
      "BitCount":8,
      "Colour":0,
      "ValueDisplayMode":1
    },
    {
      "Name":"Write Clk",
      "ID":1416378532,
      "Position":{
        "x":-13.42759,
        "y":14.81739
      },
      "BitCount":1,
      "Colour":0,
      "ValueDisplayMode":0
    },
    {
      "Name":"Actvate",
      "ID":1585922942,
      "Position":{
        "x":-14.25344,
        "y":7.79529
      },
      "BitCount":1,
      "Colour":0,
      "ValueDisplayMode":0
    },
    {
      "Name":"Address",
      "ID":1834294471,
      "Position":{
        "x":-15.71981,
        "y":4.79393
      },
      "BitCount":8,
      "Colour":0,
      "ValueDisplayMode":1
    }
  ],
  "OutputPins":[
    {
      "Name":"OUT",
      "ID":589633701,
      "Position":{
        "x":17.29174,
        "y":6.77092
      },
      "BitCount":8,
      "Colour":0,
      "ValueDisplayMode":1
    }
  ],
  "SubChips":[
    {
      "Name":"DEMUX-16",
      "ID":1028594381,
      "Label":"",
      "Position":{
        "x":-10.64801,
        "y":5.76725
      },
      "OutputPinColourInfo":[{"PinColour":0,"PinID":221599395},{"PinColour":0,"PinID":1151734468}],
      "InternalData":null
    },
    {
      "Name":"8-1BIT",
      "ID":550797911,
      "Label":"",
      "Position":{
        "x":-8.27268,
        "y":7.29425
      },
      "OutputPinColourInfo":[{"PinColour":0,"PinID":1},{"PinColour":0,"PinID":2},{"PinColour":0,"PinID":3},{"PinColour":0,"PinID":4},{"PinColour":0,"PinID":5},{"PinColour":0,"PinID":6},{"PinColour":0,"PinID":7},{"PinColour":0,"PinID":8}],
      "InternalData":null
    },
    {
      "Name":"8-1BIT",
      "ID":1628134114,
      "Label":"",
      "Position":{
        "x":-8.2759,
        "y":4.16462
      },
      "OutputPinColourInfo":[{"PinColour":0,"PinID":1},{"PinColour":0,"PinID":2},{"PinColour":0,"PinID":3},{"PinColour":0,"PinID":4},{"PinColour":0,"PinID":5},{"PinColour":0,"PinID":6},{"PinColour":0,"PinID":7},{"PinColour":0,"PinID":8}],
      "InternalData":null
    },
    {
      "Name":"OR-8",
      "ID":1322911633,
      "Label":"",
      "Position":{
        "x":9.36539,
        "y":13.79655
      },
      "OutputPinColourInfo":[{"PinColour":0,"PinID":510400247}],
      "InternalData":null
    },
    {
      "Name":"OR-8",
      "ID":473021750,
      "Label":"",
      "Position":{
        "x":9.18525,
        "y":11.60909
      },
      "OutputPinColourInfo":[{"PinColour":0,"PinID":510400247}],
      "InternalData":null
    },
    {
      "Name":"OR-8",
      "ID":1532166338,
      "Label":"",
      "Position":{
        "x":9.21099,
        "y":9.37015
      },
      "OutputPinColourInfo":[{"PinColour":0,"PinID":510400247}],
      "InternalData":null
    },
    {
      "Name":"OR-8",
      "ID":527721287,
      "Label":"",
      "Position":{
        "x":9.03084,
        "y":7.23415
      },
      "OutputPinColourInfo":[{"PinColour":0,"PinID":510400247}],
      "InternalData":null
    },
    {
      "Name":"OR-8",
      "ID":1923875149,
      "Label":"",
      "Position":{
        "x":8.95364,
        "y":4.99521
      },
      "OutputPinColourInfo":[{"PinColour":0,"PinID":510400247}],
      "InternalData":null
    },
    {
      "Name":"OR-8",
      "ID":1831048157,
      "Label":"",
      "Position":{
        "x":9.00511,
        "y":2.78201
      },
      "OutputPinColourInfo":[{"PinColour":0,"PinID":510400247}],
      "InternalData":null
    },
    {
      "Name":"OR-8",
      "ID":402473424,
      "Label":"",
      "Position":{
        "x":8.90217,
        "y":0.80043
      },
      "OutputPinColourInfo":[{"PinColour":0,"PinID":510400247}],
      "InternalData":null
    },
    {
      "Name":"OR-8",
      "ID":624404408,
      "Label":"",
      "Position":{
        "x":8.8507,
        "y":-1.72159
      },
      "OutputPinColourInfo":[{"PinColour":0,"PinID":510400247}],
      "InternalData":null
    },
    {
      "Name":"OR-8",
      "ID":384285881,
      "Label":"",
      "Position":{
        "x":10.88375,
        "y":12.71569
      },
      "OutputPinColourInfo":[{"PinColour":0,"PinID":510400247}],
      "InternalData":null
    },
    {
      "Name":"OR-8",
      "ID":1240976622,
      "Label":"",
      "Position":{
        "x":10.90949,
        "y":8.34075
      },
      "OutputPinColourInfo":[{"PinColour":0,"PinID":510400247}],
      "InternalData":null
    },
    {
      "Name":"OR-8",
      "ID":980695312,
      "Label":"",
      "Position":{
        "x":10.85802,
        "y":4.01729
      },
      "OutputPinColourInfo":[{"PinColour":0,"PinID":510400247}],
      "InternalData":null
    },
    {
      "Name":"OR-8",
      "ID":513699833,
      "Label":"",
      "Position":{
        "x":10.39479,
        "y":-0.35764
      },
      "OutputPinColourInfo":[{"PinColour":0,"PinID":510400247}],
      "InternalData":null
    },
    {
      "Name":"OR-8",
      "ID":482269453,
      "Label":"",
      "Position":{
        "x":12.42785,
        "y":10.32234
      },
      "OutputPinColourInfo":[{"PinColour":0,"PinID":510400247}],
      "InternalData":null
    },
    {
      "Name":"OR-8",
      "ID":1607732114,
      "Label":"",
      "Position":{
        "x":12.1705,
        "y":1.59821
      },
      "OutputPinColourInfo":[{"PinColour":0,"PinID":510400247}],
      "InternalData":null
    },
    {
      "Name":"OR-8",
      "ID":1470291299,
      "Label":"",
      "Position":{
        "x":13.89474,
        "y":6.59078
      },
      "OutputPinColourInfo":[{"PinColour":0,"PinID":510400247}],
      "InternalData":null
    },
    {
      "Name":"AND",
      "ID":232247985,
      "Label":"",
      "Position":{
        "x":-2.80083,
        "y":14.0362
      },
      "OutputPinColourInfo":[{"PinColour":0,"PinID":406217789}],
      "InternalData":null
    },
    {
      "Name":"AND",
      "ID":653186950,
      "Label":"",
      "Position":{
        "x":-2.90795,
        "y":12.85781
      },
      "OutputPinColourInfo":[{"PinColour":0,"PinID":406217789}],
      "InternalData":null
    },
    {
      "Name":"AND",
      "ID":2060074126,
      "Label":"",
      "Position":{
        "x":-2.90795,
        "y":11.85082
      },
      "OutputPinColourInfo":[{"PinColour":0,"PinID":406217789}],
      "InternalData":null
    },
    {
      "Name":"AND",
      "ID":1849332049,
      "Label":"",
      "Position":{
        "x":-3.01508,
        "y":10.88669
      },
      "OutputPinColourInfo":[{"PinColour":0,"PinID":406217789}],
      "InternalData":null
    },
    {
      "Name":"AND",
      "ID":2109248302,
      "Label":"",
      "Position":{
        "x":-3.1222,
        "y":9.68687
      },
      "OutputPinColourInfo":[{"PinColour":0,"PinID":406217789}],
      "InternalData":null
    },
    {
      "Name":"AND",
      "ID":832672976,
      "Label":"",
      "Position":{
        "x":-3.1222,
        "y":8.48706
      },
      "OutputPinColourInfo":[{"PinColour":0,"PinID":406217789}],
      "InternalData":null
    },
    {
      "Name":"AND",
      "ID":832495960,
      "Label":"",
      "Position":{
        "x":-3.1222,
        "y":7.5015
      },
      "OutputPinColourInfo":[{"PinColour":0,"PinID":406217789}],
      "InternalData":null
    },
    {
      "Name":"AND",
      "ID":1032514007,
      "Label":"",
      "Position":{
        "x":-3.05793,
        "y":6.47309
      },
      "OutputPinColourInfo":[{"PinColour":0,"PinID":406217789}],
      "InternalData":null
    },
    {
      "Name":"AND",
      "ID":1981605327,
      "Label":"",
      "Position":{
        "x":-3.07935,
        "y":5.31612
      },
      "OutputPinColourInfo":[{"PinColour":0,"PinID":406217789}],
      "InternalData":null
    },
    {
      "Name":"AND",
      "ID":1255274354,
      "Label":"",
      "Position":{
        "x":-3.10078,
        "y":4.26629
      },
      "OutputPinColourInfo":[{"PinColour":0,"PinID":406217789}],
      "InternalData":null
    },
    {
      "Name":"AND",
      "ID":1311500049,
      "Label":"",
      "Position":{
        "x":-3.1222,
        "y":3.13075
      },
      "OutputPinColourInfo":[{"PinColour":0,"PinID":406217789}],
      "InternalData":null
    },
    {
      "Name":"AND",
      "ID":549161003,
      "Label":"",
      "Position":{
        "x":-3.14363,
        "y":1.95236
      },
      "OutputPinColourInfo":[{"PinColour":0,"PinID":406217789}],
      "InternalData":null
    },
    {
      "Name":"AND",
      "ID":919416891,
      "Label":"",
      "Position":{
        "x":-3.10078,
        "y":0.8811
      },
      "OutputPinColourInfo":[{"PinColour":0,"PinID":406217789}],
      "InternalData":null
    },
    {
      "Name":"AND",
      "ID":2012140046,
      "Label":"",
      "Position":{
        "x":-3.14363,
        "y":-0.25444
      },
      "OutputPinColourInfo":[{"PinColour":0,"PinID":406217789}],
      "InternalData":null
    },
    {
      "Name":"AND",
      "ID":488953399,
      "Label":"",
      "Position":{
        "x":-3.16505,
        "y":-1.30428
      },
      "OutputPinColourInfo":[{"PinColour":0,"PinID":406217789}],
      "InternalData":null
    },
    {
      "Name":"AND",
      "ID":1037987217,
      "Label":"",
      "Position":{
        "x":-3.25075,
        "y":-2.41839
      },
      "OutputPinColourInfo":[{"PinColour":0,"PinID":406217789}],
      "InternalData":null
    },
    {
      "Name":"RAM-16",
      "ID":1355905066,
      "Label":"",
      "Position":{
        "x":1.27055,
        "y":14.31467
      },
      "OutputPinColourInfo":[{"PinColour":0,"PinID":589633701}],
      "InternalData":null
    },
    {
      "Name":"RAM-16",
      "ID":1054277989,
      "Label":"",
      "Position":{
        "x":5.94999,
        "y":13.09882
      },
      "OutputPinColourInfo":[{"PinColour":0,"PinID":589633701}],
      "InternalData":null
    },
    {
      "Name":"RAM-16",
      "ID":1938312286,
      "Label":"",
      "Position":{
        "x":1.2968,
        "y":12.17446
      },
      "OutputPinColourInfo":[{"PinColour":0,"PinID":589633701}],
      "InternalData":null
    },
    {
      "Name":"RAM-16",
      "ID":1198555662,
      "Label":"",
      "Position":{
        "x":5.91837,
        "y":10.94182
      },
      "OutputPinColourInfo":[{"PinColour":0,"PinID":589633701}],
      "InternalData":null
    },
    {
      "Name":"RAM-16",
      "ID":1766519256,
      "Label":"",
      "Position":{
        "x":1.23794,
        "y":9.92257
      },
      "OutputPinColourInfo":[{"PinColour":0,"PinID":589633701}],
      "InternalData":null
    },
    {
      "Name":"RAM-16",
      "ID":1593775514,
      "Label":"",
      "Position":{
        "x":5.95216,
        "y":8.8598
      },
      "OutputPinColourInfo":[{"PinColour":0,"PinID":589633701}],
      "InternalData":null
    },
    {
      "Name":"RAM-16",
      "ID":395542740,
      "Label":"",
      "Position":{
        "x":1.28658,
        "y":7.70788
      },
      "OutputPinColourInfo":[{"PinColour":0,"PinID":589633701}],
      "InternalData":null
    },
    {
      "Name":"RAM-16",
      "ID":599412474,
      "Label":"",
      "Position":{
        "x":5.92957,
        "y":6.78251
      },
      "OutputPinColourInfo":[{"PinColour":0,"PinID":589633701}],
      "InternalData":null
    },
    {
      "Name":"RAM-16",
      "ID":794843649,
      "Label":"",
      "Position":{
        "x":1.21438,
        "y":5.62182
      },
      "OutputPinColourInfo":[{"PinColour":0,"PinID":589633701}],
      "InternalData":null
    },
    {
      "Name":"RAM-16",
      "ID":1488893905,
      "Label":"",
      "Position":{
        "x":5.87562,
        "y":4.33288
      },
      "OutputPinColourInfo":[{"PinColour":0,"PinID":589633701}],
      "InternalData":null
    },
    {
      "Name":"RAM-16",
      "ID":1829879869,
      "Label":"",
      "Position":{
        "x":1.2533,
        "y":3.22398
      },
      "OutputPinColourInfo":[{"PinColour":0,"PinID":589633701}],
      "InternalData":null
    },
    {
      "Name":"RAM-16",
      "ID":1395263130,
      "Label":"",
      "Position":{
        "x":5.87562,
        "y":2.15376
      },
      "OutputPinColourInfo":[{"PinColour":0,"PinID":589633701}],
      "InternalData":null
    },
    {
      "Name":"RAM-16",
      "ID":729471795,
      "Label":"",
      "Position":{
        "x":1.26658,
        "y":1.0683
      },
      "OutputPinColourInfo":[{"PinColour":0,"PinID":589633701}],
      "InternalData":null
    },
    {
      "Name":"RAM-16",
      "ID":612538794,
      "Label":"",
      "Position":{
        "x":5.84367,
        "y":0.03144
      },
      "OutputPinColourInfo":[{"PinColour":0,"PinID":589633701}],
      "InternalData":null
    },
    {
      "Name":"RAM-16",
      "ID":1365469129,
      "Label":"",
      "Position":{
        "x":1.2182,
        "y":-1.004
      },
      "OutputPinColourInfo":[{"PinColour":0,"PinID":589633701}],
      "InternalData":null
    },
    {
      "Name":"RAM-16",
      "ID":1280873559,
      "Label":"",
      "Position":{
        "x":5.81961,
        "y":-2.0694
      },
      "OutputPinColourInfo":[{"PinColour":0,"PinID":589633701}],
      "InternalData":null
    },
    {
      "Name":"8-1BIT",
      "ID":1645633740,
      "Label":"",
      "Position":{
        "x":-13.16594,
        "y":4.79443
      },
      "OutputPinColourInfo":[{"PinColour":0,"PinID":1},{"PinColour":0,"PinID":2},{"PinColour":0,"PinID":3},{"PinColour":0,"PinID":4},{"PinColour":0,"PinID":5},{"PinColour":0,"PinID":6},{"PinColour":0,"PinID":7},{"PinColour":0,"PinID":8}],
      "InternalData":null
    }
  ],
  "Wires":[
    {
      "SourcePinAddress":{
        "PinID":221599395,
        "PinOwnerID":1028594381
      },
      "TargetPinAddress":{
        "PinID":0,
        "PinOwnerID":550797911
      },
      "ConnectionType":0,
      "ConnectedWireIndex":-1,
      "ConnectedWireSegmentIndex":-1,
      "Points":[{"x":0.0,"y":0.0},{"x":0.0,"y":0.0}]
    },
    {
      "SourcePinAddress":{
        "PinID":1151734468,
        "PinOwnerID":1028594381
      },
      "TargetPinAddress":{
        "PinID":0,
        "PinOwnerID":1628134114
      },
      "ConnectionType":0,
      "ConnectedWireIndex":-1,
      "ConnectedWireSegmentIndex":-1,
      "Points":[{"x":0.0,"y":0.0},{"x":0.0,"y":0.0}]
    },
    {
      "SourcePinAddress":{
        "PinID":510400247,
        "PinOwnerID":1322911633
      },
      "TargetPinAddress":{
        "PinID":2046108047,
        "PinOwnerID":384285881
      },
      "ConnectionType":0,
      "ConnectedWireIndex":-1,
      "ConnectedWireSegmentIndex":-1,
      "Points":[{"x":0.0,"y":0.0},{"x":0.0,"y":0.0}]
    },
    {
      "SourcePinAddress":{
        "PinID":510400247,
        "PinOwnerID":473021750
      },
      "TargetPinAddress":{
        "PinID":302456598,
        "PinOwnerID":384285881
      },
      "ConnectionType":0,
      "ConnectedWireIndex":-1,
      "ConnectedWireSegmentIndex":-1,
      "Points":[{"x":0.0,"y":0.0},{"x":0.0,"y":0.0}]
    },
    {
      "SourcePinAddress":{
        "PinID":510400247,
        "PinOwnerID":1532166338
      },
      "TargetPinAddress":{
        "PinID":2046108047,
        "PinOwnerID":1240976622
      },
      "ConnectionType":0,
      "ConnectedWireIndex":-1,
      "ConnectedWireSegmentIndex":-1,
      "Points":[{"x":0.0,"y":0.0},{"x":0.0,"y":0.0}]
    },
    {
      "SourcePinAddress":{
        "PinID":510400247,
        "PinOwnerID":527721287
      },
      "TargetPinAddress":{
        "PinID":302456598,
        "PinOwnerID":1240976622
      },
      "ConnectionType":0,
      "ConnectedWireIndex":-1,
      "ConnectedWireSegmentIndex":-1,
      "Points":[{"x":0.0,"y":0.0},{"x":0.0,"y":0.0}]
    },
    {
      "SourcePinAddress":{
        "PinID":510400247,
        "PinOwnerID":1923875149
      },
      "TargetPinAddress":{
        "PinID":2046108047,
        "PinOwnerID":980695312
      },
      "ConnectionType":0,
      "ConnectedWireIndex":-1,
      "ConnectedWireSegmentIndex":-1,
      "Points":[{"x":0.0,"y":0.0},{"x":0.0,"y":0.0}]
    },
    {
      "SourcePinAddress":{
        "PinID":510400247,
        "PinOwnerID":1831048157
      },
      "TargetPinAddress":{
        "PinID":302456598,
        "PinOwnerID":980695312
      },
      "ConnectionType":0,
      "ConnectedWireIndex":-1,
      "ConnectedWireSegmentIndex":-1,
      "Points":[{"x":0.0,"y":0.0},{"x":0.0,"y":0.0}]
    },
    {
      "SourcePinAddress":{
        "PinID":510400247,
        "PinOwnerID":402473424
      },
      "TargetPinAddress":{
        "PinID":2046108047,
        "PinOwnerID":513699833
      },
      "ConnectionType":0,
      "ConnectedWireIndex":-1,
      "ConnectedWireSegmentIndex":-1,
      "Points":[{"x":0.0,"y":0.0},{"x":0.0,"y":0.0}]
    },
    {
      "SourcePinAddress":{
        "PinID":510400247,
        "PinOwnerID":624404408
      },
      "TargetPinAddress":{
        "PinID":302456598,
        "PinOwnerID":513699833
      },
      "ConnectionType":0,
      "ConnectedWireIndex":-1,
      "ConnectedWireSegmentIndex":-1,
      "Points":[{"x":0.0,"y":0.0},{"x":0.0,"y":0.0}]
    },
    {
      "SourcePinAddress":{
        "PinID":510400247,
        "PinOwnerID":384285881
      },
      "TargetPinAddress":{
        "PinID":2046108047,
        "PinOwnerID":482269453
      },
      "ConnectionType":0,
      "ConnectedWireIndex":-1,
      "ConnectedWireSegmentIndex":-1,
      "Points":[{"x":0.0,"y":0.0},{"x":0.0,"y":0.0}]
    },
    {
      "SourcePinAddress":{
        "PinID":510400247,
        "PinOwnerID":1240976622
      },
      "TargetPinAddress":{
        "PinID":302456598,
        "PinOwnerID":482269453
      },
      "ConnectionType":0,
      "ConnectedWireIndex":-1,
      "ConnectedWireSegmentIndex":-1,
      "Points":[{"x":0.0,"y":0.0},{"x":0.0,"y":0.0}]
    },
    {
      "SourcePinAddress":{
        "PinID":510400247,
        "PinOwnerID":980695312
      },
      "TargetPinAddress":{
        "PinID":2046108047,
        "PinOwnerID":1607732114
      },
      "ConnectionType":0,
      "ConnectedWireIndex":-1,
      "ConnectedWireSegmentIndex":-1,
      "Points":[{"x":0.0,"y":0.0},{"x":0.0,"y":0.0}]
    },
    {
      "SourcePinAddress":{
        "PinID":510400247,
        "PinOwnerID":513699833
      },
      "TargetPinAddress":{
        "PinID":302456598,
        "PinOwnerID":1607732114
      },
      "ConnectionType":0,
      "ConnectedWireIndex":-1,
      "ConnectedWireSegmentIndex":-1,
      "Points":[{"x":0.0,"y":0.0},{"x":0.0,"y":0.0}]
    },
    {
      "SourcePinAddress":{
        "PinID":510400247,
        "PinOwnerID":482269453
      },
      "TargetPinAddress":{
        "PinID":2046108047,
        "PinOwnerID":1470291299
      },
      "ConnectionType":0,
      "ConnectedWireIndex":-1,
      "ConnectedWireSegmentIndex":-1,
      "Points":[{"x":0.0,"y":0.0},{"x":0.0,"y":0.0}]
    },
    {
      "SourcePinAddress":{
        "PinID":510400247,
        "PinOwnerID":1607732114
      },
      "TargetPinAddress":{
        "PinID":302456598,
        "PinOwnerID":1470291299
      },
      "ConnectionType":0,
      "ConnectedWireIndex":-1,
      "ConnectedWireSegmentIndex":-1,
      "Points":[{"x":0.0,"y":0.0},{"x":0.0,"y":0.0}]
    },
    {
      "SourcePinAddress":{
        "PinID":510400247,
        "PinOwnerID":1470291299
      },
      "TargetPinAddress":{
        "PinID":0,
        "PinOwnerID":589633701
      },
      "ConnectionType":0,
      "ConnectedWireIndex":-1,
      "ConnectedWireSegmentIndex":-1,
      "Points":[{"x":0.0,"y":0.0},{"x":0.0,"y":0.0}]
    },
    {
      "SourcePinAddress":{
        "PinID":0,
        "PinOwnerID":1416378532
      },
      "TargetPinAddress":{
        "PinID":1351959728,
        "PinOwnerID":1037987217
      },
      "ConnectionType":0,
      "ConnectedWireIndex":-1,
      "ConnectedWireSegmentIndex":-1,
      "Points":[{"x":0.0,"y":0.0},{"x":-3.91442,"y":14.81739},{"x":-3.91442,"y":-2.65332},{"x":0.0,"y":0.0}]
    },
    {
      "SourcePinAddress":{
        "PinID":0,
        "PinOwnerID":1416378532
      },
      "TargetPinAddress":{
        "PinID":1351959728,
        "PinOwnerID":488953399
      },
      "ConnectionType":1,
      "ConnectedWireIndex":17,
      "ConnectedWireSegmentIndex":1,
      "Points":[{"x":-3.91442,"y":-1.42927},{"x":0.0,"y":0.0}]
    },
    {
      "SourcePinAddress":{
        "PinID":0,
        "PinOwnerID":1416378532
      },
      "TargetPinAddress":{
        "PinID":1351959728,
        "PinOwnerID":2012140046
      },
      "ConnectionType":1,
      "ConnectedWireIndex":17,
      "ConnectedWireSegmentIndex":1,
      "Points":[{"x":-3.91442,"y":-0.37944},{"x":0.0,"y":0.0}]
    },
    {
      "SourcePinAddress":{
        "PinID":0,
        "PinOwnerID":1416378532
      },
      "TargetPinAddress":{
        "PinID":1351959728,
        "PinOwnerID":919416891
      },
      "ConnectionType":1,
      "ConnectedWireIndex":17,
      "ConnectedWireSegmentIndex":1,
      "Points":[{"x":-3.91442,"y":0.7561},{"x":0.0,"y":0.0}]
    },
    {
      "SourcePinAddress":{
        "PinID":0,
        "PinOwnerID":1416378532
      },
      "TargetPinAddress":{
        "PinID":1351959728,
        "PinOwnerID":549161003
      },
      "ConnectionType":1,
      "ConnectedWireIndex":17,
      "ConnectedWireSegmentIndex":1,
      "Points":[{"x":-3.91442,"y":1.82736},{"x":0.0,"y":0.0}]
    },
    {
      "SourcePinAddress":{
        "PinID":0,
        "PinOwnerID":1416378532
      },
      "TargetPinAddress":{
        "PinID":1351959728,
        "PinOwnerID":1311500049
      },
      "ConnectionType":1,
      "ConnectedWireIndex":17,
      "ConnectedWireSegmentIndex":1,
      "Points":[{"x":-3.91442,"y":3.00575},{"x":0.0,"y":0.0}]
    },
    {
      "SourcePinAddress":{
        "PinID":0,
        "PinOwnerID":1416378532
      },
      "TargetPinAddress":{
        "PinID":1351959728,
        "PinOwnerID":1255274354
      },
      "ConnectionType":1,
      "ConnectedWireIndex":17,
      "ConnectedWireSegmentIndex":1,
      "Points":[{"x":-3.91442,"y":4.14129},{"x":0.0,"y":0.0}]
    },
    {
      "SourcePinAddress":{
        "PinID":0,
        "PinOwnerID":1416378532
      },
      "TargetPinAddress":{
        "PinID":1351959728,
        "PinOwnerID":1981605327
      },
      "ConnectionType":1,
      "ConnectedWireIndex":17,
      "ConnectedWireSegmentIndex":1,
      "Points":[{"x":-3.91442,"y":5.19113},{"x":0.0,"y":0.0}]
    },
    {
      "SourcePinAddress":{
        "PinID":0,
        "PinOwnerID":1416378532
      },
      "TargetPinAddress":{
        "PinID":1351959728,
        "PinOwnerID":1032514007
      },
      "ConnectionType":1,
      "ConnectedWireIndex":17,
      "ConnectedWireSegmentIndex":1,
      "Points":[{"x":-3.91442,"y":6.34809},{"x":0.0,"y":0.0}]
    },
    {
      "SourcePinAddress":{
        "PinID":0,
        "PinOwnerID":1416378532
      },
      "TargetPinAddress":{
        "PinID":1351959728,
        "PinOwnerID":832495960
      },
      "ConnectionType":1,
      "ConnectedWireIndex":17,
      "ConnectedWireSegmentIndex":1,
      "Points":[{"x":-3.91442,"y":7.3765},{"x":0.0,"y":0.0}]
    },
    {
      "SourcePinAddress":{
        "PinID":0,
        "PinOwnerID":1416378532
      },
      "TargetPinAddress":{
        "PinID":1351959728,
        "PinOwnerID":832672976
      },
      "ConnectionType":1,
      "ConnectedWireIndex":17,
      "ConnectedWireSegmentIndex":1,
      "Points":[{"x":-3.91442,"y":8.36206},{"x":0.0,"y":0.0}]
    },
    {
      "SourcePinAddress":{
        "PinID":0,
        "PinOwnerID":1416378532
      },
      "TargetPinAddress":{
        "PinID":1351959728,
        "PinOwnerID":2109248302
      },
      "ConnectionType":1,
      "ConnectedWireIndex":17,
      "ConnectedWireSegmentIndex":1,
      "Points":[{"x":-3.91442,"y":9.56187},{"x":0.0,"y":0.0}]
    },
    {
      "SourcePinAddress":{
        "PinID":0,
        "PinOwnerID":1416378532
      },
      "TargetPinAddress":{
        "PinID":1351959728,
        "PinOwnerID":1849332049
      },
      "ConnectionType":1,
      "ConnectedWireIndex":17,
      "ConnectedWireSegmentIndex":1,
      "Points":[{"x":-3.91442,"y":10.76169},{"x":0.0,"y":0.0}]
    },
    {
      "SourcePinAddress":{
        "PinID":0,
        "PinOwnerID":1416378532
      },
      "TargetPinAddress":{
        "PinID":1351959728,
        "PinOwnerID":2060074126
      },
      "ConnectionType":1,
      "ConnectedWireIndex":17,
      "ConnectedWireSegmentIndex":1,
      "Points":[{"x":-3.91442,"y":11.72582},{"x":0.0,"y":0.0}]
    },
    {
      "SourcePinAddress":{
        "PinID":0,
        "PinOwnerID":1416378532
      },
      "TargetPinAddress":{
        "PinID":1351959728,
        "PinOwnerID":653186950
      },
      "ConnectionType":1,
      "ConnectedWireIndex":17,
      "ConnectedWireSegmentIndex":1,
      "Points":[{"x":-3.91442,"y":12.73281},{"x":0.0,"y":0.0}]
    },
    {
      "SourcePinAddress":{
        "PinID":0,
        "PinOwnerID":1416378532
      },
      "TargetPinAddress":{
        "PinID":1351959728,
        "PinOwnerID":232247985
      },
      "ConnectionType":1,
      "ConnectedWireIndex":17,
      "ConnectedWireSegmentIndex":1,
      "Points":[{"x":-3.91442,"y":13.9112},{"x":0.0,"y":0.0}]
    },
    {
      "SourcePinAddress":{
        "PinID":1,
        "PinOwnerID":550797911
      },
      "TargetPinAddress":{
        "PinID":1792892232,
        "PinOwnerID":232247985
      },
      "ConnectionType":0,
      "ConnectedWireIndex":-1,
      "ConnectedWireSegmentIndex":-1,
      "Points":[{"x":0.0,"y":0.0},{"x":-4.11765,"y":14.36246},{"x":-3.49975,"y":14.35495},{"x":0.0,"y":0.0}]
    },
    {
      "SourcePinAddress":{
        "PinID":2,
        "PinOwnerID":550797911
      },
      "TargetPinAddress":{
        "PinID":1792892232,
        "PinOwnerID":653186950
      },
      "ConnectionType":0,
      "ConnectedWireIndex":-1,
      "ConnectedWireSegmentIndex":-1,
      "Points":[{"x":0.0,"y":0.0},{"x":-4.3534,"y":13.25109},{"x":-3.46284,"y":13.24499},{"x":0.0,"y":0.0}]
    },
    {
      "SourcePinAddress":{
        "PinID":3,
        "PinOwnerID":550797911
      },
      "TargetPinAddress":{
        "PinID":1792892232,
        "PinOwnerID":2060074126
      },
      "ConnectionType":0,
      "ConnectedWireIndex":-1,
      "ConnectedWireSegmentIndex":-1,
      "Points":[{"x":0.0,"y":0.0},{"x":-4.31972,"y":12.24075},{"x":-3.35946,"y":12.22802},{"x":0.0,"y":0.0}]
    },
    {
      "SourcePinAddress":{
        "PinID":4,
        "PinOwnerID":550797911
      },
      "TargetPinAddress":{
        "PinID":1792892232,
        "PinOwnerID":1849332049
      },
      "ConnectionType":0,
      "ConnectedWireIndex":-1,
      "ConnectedWireSegmentIndex":-1,
      "Points":[{"x":0.0,"y":0.0},{"x":-4.20185,"y":11.23041},{"x":-3.5006,"y":11.21981},{"x":0.0,"y":0.0}]
    },
    {
      "SourcePinAddress":{
        "PinID":5,
        "PinOwnerID":550797911
      },
      "TargetPinAddress":{
        "PinID":1792892232,
        "PinOwnerID":2109248302
      },
      "ConnectionType":0,
      "ConnectedWireIndex":-1,
      "ConnectedWireSegmentIndex":-1,
      "Points":[{"x":0.0,"y":0.0},{"x":-4.60598,"y":10.00116},{"x":-3.63139,"y":9.99969},{"x":0.0,"y":0.0}]
    },
    {
      "SourcePinAddress":{
        "PinID":6,
        "PinOwnerID":550797911
      },
      "TargetPinAddress":{
        "PinID":1792892232,
        "PinOwnerID":832672976
      },
      "ConnectionType":0,
      "ConnectedWireIndex":-1,
      "ConnectedWireSegmentIndex":-1,
      "Points":[{"x":0.0,"y":0.0},{"x":-4.62282,"y":8.85611},{"x":-3.68659,"y":8.84511},{"x":0.0,"y":0.0}]
    },
    {
      "SourcePinAddress":{
        "PinID":7,
        "PinOwnerID":550797911
      },
      "TargetPinAddress":{
        "PinID":1792892232,
        "PinOwnerID":832495960
      },
      "ConnectionType":0,
      "ConnectedWireIndex":-1,
      "ConnectedWireSegmentIndex":-1,
      "Points":[{"x":0.0,"y":0.0},{"x":-4.9596,"y":7.76157},{"x":-3.70748,"y":7.75703},{"x":0.0,"y":0.0}]
    },
    {
      "SourcePinAddress":{
        "PinID":8,
        "PinOwnerID":550797911
      },
      "TargetPinAddress":{
        "PinID":1792892232,
        "PinOwnerID":1032514007
      },
      "ConnectionType":0,
      "ConnectedWireIndex":-1,
      "ConnectedWireSegmentIndex":-1,
      "Points":[{"x":0.0,"y":0.0},{"x":-4.99328,"y":6.86911},{"x":-3.59389,"y":6.85063},{"x":0.0,"y":0.0}]
    },
    {
      "SourcePinAddress":{
        "PinID":1,
        "PinOwnerID":1628134114
      },
      "TargetPinAddress":{
        "PinID":1792892232,
        "PinOwnerID":1981605327
      },
      "ConnectionType":0,
      "ConnectedWireIndex":-1,
      "ConnectedWireSegmentIndex":-1,
      "Points":[{"x":0.0,"y":0.0},{"x":-5.06182,"y":5.66644},{"x":-3.61479,"y":5.65932},{"x":0.0,"y":0.0}]
    },
    {
      "SourcePinAddress":{
        "PinID":2,
        "PinOwnerID":1628134114
      },
      "TargetPinAddress":{
        "PinID":1792892232,
        "PinOwnerID":1255274354
      },
      "ConnectionType":0,
      "ConnectedWireIndex":-1,
      "ConnectedWireSegmentIndex":-1,
      "Points":[{"x":0.0,"y":0.0},{"x":-4.92532,"y":4.46073},{"x":-3.65622,"y":4.45397},{"x":0.0,"y":0.0}]
    },
    {
      "SourcePinAddress":{
        "PinID":3,
        "PinOwnerID":1628134114
      },
      "TargetPinAddress":{
        "PinID":1792892232,
        "PinOwnerID":1311500049
      },
      "ConnectionType":0,
      "ConnectedWireIndex":-1,
      "ConnectedWireSegmentIndex":-1,
      "Points":[{"x":0.0,"y":0.0},{"x":-5.01524,"y":3.24395},{"x":-3.61544,"y":3.25616},{"x":0.0,"y":0.0}]
    },
    {
      "SourcePinAddress":{
        "PinID":4,
        "PinOwnerID":1628134114
      },
      "TargetPinAddress":{
        "PinID":1792892232,
        "PinOwnerID":549161003
      },
      "ConnectionType":0,
      "ConnectedWireIndex":-1,
      "ConnectedWireSegmentIndex":-1,
      "Points":[{"x":0.0,"y":0.0},{"x":-4.88676,"y":2.20256},{"x":-3.73881,"y":2.1931},{"x":0.0,"y":0.0}]
    },
    {
      "SourcePinAddress":{
        "PinID":5,
        "PinOwnerID":1628134114
      },
      "TargetPinAddress":{
        "PinID":1792892232,
        "PinOwnerID":919416891
      },
      "ConnectionType":0,
      "ConnectedWireIndex":-1,
      "ConnectedWireSegmentIndex":-1,
      "Points":[{"x":0.0,"y":0.0},{"x":-5.06205,"y":1.25099},{"x":-3.63034,"y":1.23599},{"x":0.0,"y":0.0}]
    },
    {
      "SourcePinAddress":{
        "PinID":6,
        "PinOwnerID":1628134114
      },
      "TargetPinAddress":{
        "PinID":1792892232,
        "PinOwnerID":2012140046
      },
      "ConnectionType":0,
      "ConnectedWireIndex":-1,
      "ConnectedWireSegmentIndex":-1,
      "Points":[{"x":0.0,"y":0.0},{"x":-5.2123,"y":0.13665},{"x":-3.68948,"y":0.11188},{"x":0.0,"y":0.0}]
    },
    {
      "SourcePinAddress":{
        "PinID":7,
        "PinOwnerID":1628134114
      },
      "TargetPinAddress":{
        "PinID":1792892232,
        "PinOwnerID":488953399
      },
      "ConnectionType":0,
      "ConnectedWireIndex":-1,
      "ConnectedWireSegmentIndex":-1,
      "Points":[{"x":0.0,"y":0.0},{"x":-5.38759,"y":-0.865},{"x":-3.64811,"y":-0.91594},{"x":0.0,"y":0.0}]
    },
    {
      "SourcePinAddress":{
        "PinID":8,
        "PinOwnerID":1628134114
      },
      "TargetPinAddress":{
        "PinID":1792892232,
        "PinOwnerID":1037987217
      },
      "ConnectionType":0,
      "ConnectedWireIndex":-1,
      "ConnectedWireSegmentIndex":-1,
      "Points":[{"x":0.0,"y":0.0},{"x":-5.52532,"y":-2.11707},{"x":-3.73547,"y":-2.13552},{"x":0.0,"y":0.0}]
    },
    {
      "SourcePinAddress":{
        "PinID":0,
        "PinOwnerID":1585922942
      },
      "TargetPinAddress":{
        "PinID":1196331531,
        "PinOwnerID":1028594381
      },
      "ConnectionType":0,
      "ConnectedWireIndex":-1,
      "ConnectedWireSegmentIndex":-1,
      "Points":[{"x":0.0,"y":0.0},{"x":0.0,"y":0.0}]
    },
    {
      "SourcePinAddress":{
        "PinID":1,
        "PinOwnerID":550797911
      },
      "TargetPinAddress":{
        "PinID":1585922942,
        "PinOwnerID":1355905066
      },
      "ConnectionType":1,
      "ConnectedWireIndex":33,
      "ConnectedWireSegmentIndex":1,
      "Points":[{"x":-3.49975,"y":14.35495},{"x":0.0,"y":0.0}]
    },
    {
      "SourcePinAddress":{
        "PinID":406217789,
        "PinOwnerID":232247985
      },
      "TargetPinAddress":{
        "PinID":1416378532,
        "PinOwnerID":1355905066
      },
      "ConnectionType":0,
      "ConnectedWireIndex":-1,
      "ConnectedWireSegmentIndex":-1,
      "Points":[{"x":0.0,"y":0.0},{"x":0.0,"y":0.0}]
    },
    {
      "SourcePinAddress":{
        "PinID":2,
        "PinOwnerID":550797911
      },
      "TargetPinAddress":{
        "PinID":1585922942,
        "PinOwnerID":1054277989
      },
      "ConnectionType":1,
      "ConnectedWireIndex":34,
      "ConnectedWireSegmentIndex":2,
      "Points":[{"x":-3.43572,"y":13.21737},{"x":0.0,"y":0.0}]
    },
    {
      "SourcePinAddress":{
        "PinID":406217789,
        "PinOwnerID":653186950
      },
      "TargetPinAddress":{
        "PinID":1416378532,
        "PinOwnerID":1054277989
      },
      "ConnectionType":0,
      "ConnectedWireIndex":-1,
      "ConnectedWireSegmentIndex":-1,
      "Points":[{"x":0.0,"y":0.0},{"x":0.0,"y":0.0}]
    },
    {
      "SourcePinAddress":{
        "PinID":3,
        "PinOwnerID":550797911
      },
      "TargetPinAddress":{
        "PinID":1585922942,
        "PinOwnerID":1938312286
      },
      "ConnectionType":1,
      "ConnectedWireIndex":35,
      "ConnectedWireSegmentIndex":2,
      "Points":[{"x":-3.35588,"y":12.22216},{"x":0.0,"y":0.0}]
    },
    {
      "SourcePinAddress":{
        "PinID":406217789,
        "PinOwnerID":2060074126
      },
      "TargetPinAddress":{
        "PinID":1416378532,
        "PinOwnerID":1938312286
      },
      "ConnectionType":0,
      "ConnectedWireIndex":-1,
      "ConnectedWireSegmentIndex":-1,
      "Points":[{"x":0.0,"y":0.0},{"x":0.0,"y":0.0}]
    },
    {
      "SourcePinAddress":{
        "PinID":4,
        "PinOwnerID":550797911
      },
      "TargetPinAddress":{
        "PinID":1585922942,
        "PinOwnerID":1198555662
      },
      "ConnectionType":1,
      "ConnectedWireIndex":36,
      "ConnectedWireSegmentIndex":1,
      "Points":[{"x":-3.5172,"y":11.22007},{"x":0.0,"y":0.0}]
    },
    {
      "SourcePinAddress":{
        "PinID":406217789,
        "PinOwnerID":1849332049
      },
      "TargetPinAddress":{
        "PinID":1416378532,
        "PinOwnerID":1198555662
      },
      "ConnectionType":0,
      "ConnectedWireIndex":-1,
      "ConnectedWireSegmentIndex":-1,
      "Points":[{"x":0.0,"y":0.0},{"x":0.0,"y":0.0}]
    },
    {
      "SourcePinAddress":{
        "PinID":406217789,
        "PinOwnerID":2109248302
      },
      "TargetPinAddress":{
        "PinID":1416378532,
        "PinOwnerID":1766519256
      },
      "ConnectionType":0,
      "ConnectedWireIndex":-1,
      "ConnectedWireSegmentIndex":-1,
      "Points":[{"x":0.0,"y":0.0},{"x":0.0,"y":0.0}]
    },
    {
      "SourcePinAddress":{
        "PinID":5,
        "PinOwnerID":550797911
      },
      "TargetPinAddress":{
        "PinID":1585922942,
        "PinOwnerID":1766519256
      },
      "ConnectionType":1,
      "ConnectedWireIndex":37,
      "ConnectedWireSegmentIndex":1,
      "Points":[{"x":-3.63655,"y":9.9997},{"x":0.0,"y":0.0}]
    },
    {
      "SourcePinAddress":{
        "PinID":406217789,
        "PinOwnerID":832672976
      },
      "TargetPinAddress":{
        "PinID":1416378532,
        "PinOwnerID":1593775514
      },
      "ConnectionType":0,
      "ConnectedWireIndex":-1,
      "ConnectedWireSegmentIndex":-1,
      "Points":[{"x":0.0,"y":0.0},{"x":0.0,"y":0.0}]
    },
    {
      "SourcePinAddress":{
        "PinID":6,
        "PinOwnerID":550797911
      },
      "TargetPinAddress":{
        "PinID":1585922942,
        "PinOwnerID":1593775514
      },
      "ConnectionType":1,
      "ConnectedWireIndex":38,
      "ConnectedWireSegmentIndex":1,
      "Points":[{"x":-3.69598,"y":8.84522},{"x":0.0,"y":0.0}]
    },
    {
      "SourcePinAddress":{
        "PinID":7,
        "PinOwnerID":550797911
      },
      "TargetPinAddress":{
        "PinID":1585922942,
        "PinOwnerID":395542740
      },
      "ConnectionType":1,
      "ConnectedWireIndex":39,
      "ConnectedWireSegmentIndex":1,
      "Points":[{"x":-3.74157,"y":7.75715},{"x":0.0,"y":0.0}]
    },
    {
      "SourcePinAddress":{
        "PinID":406217789,
        "PinOwnerID":832495960
      },
      "TargetPinAddress":{
        "PinID":1416378532,
        "PinOwnerID":395542740
      },
      "ConnectionType":0,
      "ConnectedWireIndex":-1,
      "ConnectedWireSegmentIndex":-1,
      "Points":[{"x":0.0,"y":0.0},{"x":0.0,"y":0.0}]
    },
    {
      "SourcePinAddress":{
        "PinID":8,
        "PinOwnerID":550797911
      },
      "TargetPinAddress":{
        "PinID":1585922942,
        "PinOwnerID":599412474
      },
      "ConnectionType":1,
      "ConnectedWireIndex":40,
      "ConnectedWireSegmentIndex":2,
      "Points":[{"x":-3.57043,"y":6.82579},{"x":0.0,"y":0.0}]
    },
    {
      "SourcePinAddress":{
        "PinID":406217789,
        "PinOwnerID":1032514007
      },
      "TargetPinAddress":{
        "PinID":1416378532,
        "PinOwnerID":599412474
      },
      "ConnectionType":0,
      "ConnectedWireIndex":-1,
      "ConnectedWireSegmentIndex":-1,
      "Points":[{"x":0.0,"y":0.0},{"x":0.0,"y":0.0}]
    },
    {
      "SourcePinAddress":{
        "PinID":1,
        "PinOwnerID":1628134114
      },
      "TargetPinAddress":{
        "PinID":1585922942,
        "PinOwnerID":794843649
      },
      "ConnectionType":1,
      "ConnectedWireIndex":41,
      "ConnectedWireSegmentIndex":2,
      "Points":[{"x":-3.60801,"y":5.6531},{"x":0.0,"y":0.0}]
    },
    {
      "SourcePinAddress":{
        "PinID":406217789,
        "PinOwnerID":1981605327
      },
      "TargetPinAddress":{
        "PinID":1416378532,
        "PinOwnerID":794843649
      },
      "ConnectionType":0,
      "ConnectedWireIndex":-1,
      "ConnectedWireSegmentIndex":-1,
      "Points":[{"x":0.0,"y":0.0},{"x":0.0,"y":0.0}]
    },
    {
      "SourcePinAddress":{
        "PinID":2,
        "PinOwnerID":1628134114
      },
      "TargetPinAddress":{
        "PinID":1585922942,
        "PinOwnerID":1488893905
      },
      "ConnectionType":1,
      "ConnectedWireIndex":42,
      "ConnectedWireSegmentIndex":2,
      "Points":[{"x":-3.64617,"y":4.45153},{"x":0.0,"y":0.0}]
    },
    {
      "SourcePinAddress":{
        "PinID":406217789,
        "PinOwnerID":1255274354
      },
      "TargetPinAddress":{
        "PinID":1416378532,
        "PinOwnerID":1488893905
      },
      "ConnectionType":0,
      "ConnectedWireIndex":-1,
      "ConnectedWireSegmentIndex":-1,
      "Points":[{"x":0.0,"y":0.0},{"x":0.0,"y":0.0}]
    },
    {
      "SourcePinAddress":{
        "PinID":406217789,
        "PinOwnerID":1311500049
      },
      "TargetPinAddress":{
        "PinID":1416378532,
        "PinOwnerID":1829879869
      },
      "ConnectionType":0,
      "ConnectedWireIndex":-1,
      "ConnectedWireSegmentIndex":-1,
      "Points":[{"x":0.0,"y":0.0},{"x":0.0,"y":0.0}]
    },
    {
      "SourcePinAddress":{
        "PinID":3,
        "PinOwnerID":1628134114
      },
      "TargetPinAddress":{
        "PinID":1585922942,
        "PinOwnerID":1829879869
      },
      "ConnectionType":1,
      "ConnectedWireIndex":43,
      "ConnectedWireSegmentIndex":1,
      "Points":[{"x":-3.7759,"y":3.25476},{"x":0.0,"y":0.0}]
    },
    {
      "SourcePinAddress":{
        "PinID":4,
        "PinOwnerID":1628134114
      },
      "TargetPinAddress":{
        "PinID":1585922942,
        "PinOwnerID":1395263130
      },
      "ConnectionType":1,
      "ConnectedWireIndex":44,
      "ConnectedWireSegmentIndex":1,
      "Points":[{"x":-3.74897,"y":2.19319},{"x":0.0,"y":0.0}]
    },
    {
      "SourcePinAddress":{
        "PinID":406217789,
        "PinOwnerID":549161003
      },
      "TargetPinAddress":{
        "PinID":1416378532,
        "PinOwnerID":1395263130
      },
      "ConnectionType":0,
      "ConnectedWireIndex":-1,
      "ConnectedWireSegmentIndex":-1,
      "Points":[{"x":0.0,"y":0.0},{"x":0.0,"y":0.0}]
    },
    {
      "SourcePinAddress":{
        "PinID":5,
        "PinOwnerID":1628134114
      },
      "TargetPinAddress":{
        "PinID":1585922942,
        "PinOwnerID":729471795
      },
      "ConnectionType":1,
      "ConnectedWireIndex":45,
      "ConnectedWireSegmentIndex":2,
      "Points":[{"x":-3.62897,"y":1.23463},{"x":0.0,"y":0.0}]
    },
    {
      "SourcePinAddress":{
        "PinID":406217789,
        "PinOwnerID":919416891
      },
      "TargetPinAddress":{
        "PinID":1416378532,
        "PinOwnerID":729471795
      },
      "ConnectionType":0,
      "ConnectedWireIndex":-1,
      "ConnectedWireSegmentIndex":-1,
      "Points":[{"x":0.0,"y":0.0},{"x":0.0,"y":0.0}]
    },
    {
      "SourcePinAddress":{
        "PinID":6,
        "PinOwnerID":1628134114
      },
      "TargetPinAddress":{
        "PinID":1585922942,
        "PinOwnerID":612538794
      },
      "ConnectionType":1,
      "ConnectedWireIndex":46,
      "ConnectedWireSegmentIndex":1,
      "Points":[{"x":-3.69336,"y":0.11194},{"x":0.0,"y":0.0}]
    },
    {
      "SourcePinAddress":{
        "PinID":406217789,
        "PinOwnerID":2012140046
      },
      "TargetPinAddress":{
        "PinID":1416378532,
        "PinOwnerID":612538794
      },
      "ConnectionType":0,
      "ConnectedWireIndex":-1,
      "ConnectedWireSegmentIndex":-1,
      "Points":[{"x":0.0,"y":0.0},{"x":0.0,"y":0.0}]
    },
    {
      "SourcePinAddress":{
        "PinID":406217789,
        "PinOwnerID":488953399
      },
      "TargetPinAddress":{
        "PinID":1416378532,
        "PinOwnerID":1365469129
      },
      "ConnectionType":0,
      "ConnectedWireIndex":-1,
      "ConnectedWireSegmentIndex":-1,
      "Points":[{"x":0.0,"y":0.0},{"x":0.0,"y":0.0}]
    },
    {
      "SourcePinAddress":{
        "PinID":7,
        "PinOwnerID":1628134114
      },
      "TargetPinAddress":{
        "PinID":1585922942,
        "PinOwnerID":1365469129
      },
      "ConnectionType":1,
      "ConnectedWireIndex":47,
      "ConnectedWireSegmentIndex":1,
      "Points":[{"x":-3.66157,"y":-0.91554},{"x":0.0,"y":0.0}]
    },
    {
      "SourcePinAddress":{
        "PinID":8,
        "PinOwnerID":1628134114
      },
      "TargetPinAddress":{
        "PinID":1585922942,
        "PinOwnerID":1280873559
      },
      "ConnectionType":1,
      "ConnectedWireIndex":48,
      "ConnectedWireSegmentIndex":1,
      "Points":[{"x":-3.77882,"y":-2.13507},{"x":0.0,"y":0.0}]
    },
    {
      "SourcePinAddress":{
        "PinID":406217789,
        "PinOwnerID":1037987217
      },
      "TargetPinAddress":{
        "PinID":1416378532,
        "PinOwnerID":1280873559
      },
      "ConnectionType":0,
      "ConnectedWireIndex":-1,
      "ConnectedWireSegmentIndex":-1,
      "Points":[{"x":0.0,"y":0.0},{"x":0.0,"y":0.0}]
    },
    {
      "SourcePinAddress":{
        "PinID":589633701,
        "PinOwnerID":1355905066
      },
      "TargetPinAddress":{
        "PinID":2046108047,
        "PinOwnerID":1322911633
      },
      "ConnectionType":0,
      "ConnectedWireIndex":-1,
      "ConnectedWireSegmentIndex":-1,
      "Points":[{"x":0.0,"y":0.0},{"x":0.0,"y":0.0}]
    },
    {
      "SourcePinAddress":{
        "PinID":589633701,
        "PinOwnerID":1054277989
      },
      "TargetPinAddress":{
        "PinID":302456598,
        "PinOwnerID":1322911633
      },
      "ConnectionType":0,
      "ConnectedWireIndex":-1,
      "ConnectedWireSegmentIndex":-1,
      "Points":[{"x":0.0,"y":0.0},{"x":0.0,"y":0.0}]
    },
    {
      "SourcePinAddress":{
        "PinID":589633701,
        "PinOwnerID":1938312286
      },
      "TargetPinAddress":{
        "PinID":2046108047,
        "PinOwnerID":473021750
      },
      "ConnectionType":0,
      "ConnectedWireIndex":-1,
      "ConnectedWireSegmentIndex":-1,
      "Points":[{"x":0.0,"y":0.0},{"x":0.0,"y":0.0}]
    },
    {
      "SourcePinAddress":{
        "PinID":589633701,
        "PinOwnerID":1198555662
      },
      "TargetPinAddress":{
        "PinID":302456598,
        "PinOwnerID":473021750
      },
      "ConnectionType":0,
      "ConnectedWireIndex":-1,
      "ConnectedWireSegmentIndex":-1,
      "Points":[{"x":0.0,"y":0.0},{"x":0.0,"y":0.0}]
    },
    {
      "SourcePinAddress":{
        "PinID":589633701,
        "PinOwnerID":1766519256
      },
      "TargetPinAddress":{
        "PinID":2046108047,
        "PinOwnerID":1532166338
      },
      "ConnectionType":0,
      "ConnectedWireIndex":-1,
      "ConnectedWireSegmentIndex":-1,
      "Points":[{"x":0.0,"y":0.0},{"x":0.0,"y":0.0}]
    },
    {
      "SourcePinAddress":{
        "PinID":589633701,
        "PinOwnerID":1593775514
      },
      "TargetPinAddress":{
        "PinID":302456598,
        "PinOwnerID":1532166338
      },
      "ConnectionType":0,
      "ConnectedWireIndex":-1,
      "ConnectedWireSegmentIndex":-1,
      "Points":[{"x":0.0,"y":0.0},{"x":0.0,"y":0.0}]
    },
    {
      "SourcePinAddress":{
        "PinID":589633701,
        "PinOwnerID":395542740
      },
      "TargetPinAddress":{
        "PinID":2046108047,
        "PinOwnerID":527721287
      },
      "ConnectionType":0,
      "ConnectedWireIndex":-1,
      "ConnectedWireSegmentIndex":-1,
      "Points":[{"x":0.0,"y":0.0},{"x":0.0,"y":0.0}]
    },
    {
      "SourcePinAddress":{
        "PinID":589633701,
        "PinOwnerID":599412474
      },
      "TargetPinAddress":{
        "PinID":302456598,
        "PinOwnerID":527721287
      },
      "ConnectionType":0,
      "ConnectedWireIndex":-1,
      "ConnectedWireSegmentIndex":-1,
      "Points":[{"x":0.0,"y":0.0},{"x":0.0,"y":0.0}]
    },
    {
      "SourcePinAddress":{
        "PinID":589633701,
        "PinOwnerID":794843649
      },
      "TargetPinAddress":{
        "PinID":2046108047,
        "PinOwnerID":1923875149
      },
      "ConnectionType":0,
      "ConnectedWireIndex":-1,
      "ConnectedWireSegmentIndex":-1,
      "Points":[{"x":0.0,"y":0.0},{"x":0.0,"y":0.0}]
    },
    {
      "SourcePinAddress":{
        "PinID":589633701,
        "PinOwnerID":1488893905
      },
      "TargetPinAddress":{
        "PinID":302456598,
        "PinOwnerID":1923875149
      },
      "ConnectionType":0,
      "ConnectedWireIndex":-1,
      "ConnectedWireSegmentIndex":-1,
      "Points":[{"x":0.0,"y":0.0},{"x":0.0,"y":0.0}]
    },
    {
      "SourcePinAddress":{
        "PinID":589633701,
        "PinOwnerID":1829879869
      },
      "TargetPinAddress":{
        "PinID":2046108047,
        "PinOwnerID":1831048157
      },
      "ConnectionType":0,
      "ConnectedWireIndex":-1,
      "ConnectedWireSegmentIndex":-1,
      "Points":[{"x":0.0,"y":0.0},{"x":0.0,"y":0.0}]
    },
    {
      "SourcePinAddress":{
        "PinID":589633701,
        "PinOwnerID":1395263130
      },
      "TargetPinAddress":{
        "PinID":302456598,
        "PinOwnerID":1831048157
      },
      "ConnectionType":0,
      "ConnectedWireIndex":-1,
      "ConnectedWireSegmentIndex":-1,
      "Points":[{"x":0.0,"y":0.0},{"x":0.0,"y":0.0}]
    },
    {
      "SourcePinAddress":{
        "PinID":589633701,
        "PinOwnerID":729471795
      },
      "TargetPinAddress":{
        "PinID":2046108047,
        "PinOwnerID":402473424
      },
      "ConnectionType":0,
      "ConnectedWireIndex":-1,
      "ConnectedWireSegmentIndex":-1,
      "Points":[{"x":0.0,"y":0.0},{"x":0.0,"y":0.0}]
    },
    {
      "SourcePinAddress":{
        "PinID":589633701,
        "PinOwnerID":612538794
      },
      "TargetPinAddress":{
        "PinID":302456598,
        "PinOwnerID":402473424
      },
      "ConnectionType":0,
      "ConnectedWireIndex":-1,
      "ConnectedWireSegmentIndex":-1,
      "Points":[{"x":0.0,"y":0.0},{"x":0.0,"y":0.0}]
    },
    {
      "SourcePinAddress":{
        "PinID":589633701,
        "PinOwnerID":1365469129
      },
      "TargetPinAddress":{
        "PinID":2046108047,
        "PinOwnerID":624404408
      },
      "ConnectionType":0,
      "ConnectedWireIndex":-1,
      "ConnectedWireSegmentIndex":-1,
      "Points":[{"x":0.0,"y":0.0},{"x":0.0,"y":0.0}]
    },
    {
      "SourcePinAddress":{
        "PinID":589633701,
        "PinOwnerID":1280873559
      },
      "TargetPinAddress":{
        "PinID":302456598,
        "PinOwnerID":624404408
      },
      "ConnectionType":0,
      "ConnectedWireIndex":-1,
      "ConnectedWireSegmentIndex":-1,
      "Points":[{"x":0.0,"y":0.0},{"x":0.0,"y":0.0}]
    },
    {
      "SourcePinAddress":{
        "PinID":0,
        "PinOwnerID":1834294471
      },
      "TargetPinAddress":{
        "PinID":0,
        "PinOwnerID":1645633740
      },
      "ConnectionType":0,
      "ConnectedWireIndex":-1,
      "ConnectedWireSegmentIndex":-1,
      "Points":[{"x":0.0,"y":0.0},{"x":0.0,"y":0.0}]
    },
    {
      "SourcePinAddress":{
        "PinID":1,
        "PinOwnerID":1645633740
      },
      "TargetPinAddress":{
        "PinID":1850576156,
        "PinOwnerID":1028594381
      },
      "ConnectionType":0,
      "ConnectedWireIndex":-1,
      "ConnectedWireSegmentIndex":-1,
      "Points":[{"x":0.0,"y":0.0},{"x":0.0,"y":0.0}]
    },
    {
      "SourcePinAddress":{
        "PinID":2,
        "PinOwnerID":1645633740
      },
      "TargetPinAddress":{
        "PinID":1003913874,
        "PinOwnerID":1028594381
      },
      "ConnectionType":0,
      "ConnectedWireIndex":-1,
      "ConnectedWireSegmentIndex":-1,
      "Points":[{"x":0.0,"y":0.0},{"x":0.0,"y":0.0}]
    },
    {
      "SourcePinAddress":{
        "PinID":3,
        "PinOwnerID":1645633740
      },
      "TargetPinAddress":{
        "PinID":598510147,
        "PinOwnerID":1028594381
      },
      "ConnectionType":0,
      "ConnectedWireIndex":-1,
      "ConnectedWireSegmentIndex":-1,
      "Points":[{"x":0.0,"y":0.0},{"x":0.0,"y":0.0}]
    },
    {
      "SourcePinAddress":{
        "PinID":4,
        "PinOwnerID":1645633740
      },
      "TargetPinAddress":{
        "PinID":1846659394,
        "PinOwnerID":1028594381
      },
      "ConnectionType":0,
      "ConnectedWireIndex":-1,
      "ConnectedWireSegmentIndex":-1,
      "Points":[{"x":0.0,"y":0.0},{"x":0.0,"y":0.0}]
    },
    {
      "SourcePinAddress":{
        "PinID":8,
        "PinOwnerID":1645633740
      },
      "TargetPinAddress":{
        "PinID":1087332273,
        "PinOwnerID":1280873559
      },
      "ConnectionType":0,
      "ConnectedWireIndex":-1,
      "ConnectedWireSegmentIndex":-1,
      "Points":[{"x":0.0,"y":0.0},{"x":-11.89436,"y":3.91943},{"x":-11.89436,"y":-4.09788},{"x":0.24018,"y":-4.09788},{"x":0.10997,"y":15.66903},{"x":4.96296,"y":15.6076},{"x":4.96453,"y":-2.94895},{"x":0.0,"y":0.0}]
    },
    {
      "SourcePinAddress":{
        "PinID":7,
        "PinOwnerID":1645633740
      },
      "TargetPinAddress":{
        "PinID":1596090302,
        "PinOwnerID":1280873559
      },
      "ConnectionType":0,
      "ConnectedWireIndex":-1,
      "ConnectedWireSegmentIndex":-1,
      "Points":[{"x":0.0,"y":0.0},{"x":-11.7526,"y":4.16943},{"x":-11.7526,"y":-3.81436},{"x":-0.04333,"y":-3.81436},{"x":-0.04333,"y":15.86175},{"x":4.74811,"y":15.86175},{"x":4.74811,"y":-2.70864},{"x":0.0,"y":0.0}]
    },
    {
      "SourcePinAddress":{
        "PinID":6,
        "PinOwnerID":1645633740
      },
      "TargetPinAddress":{
        "PinID":888131064,
        "PinOwnerID":1280873559
      },
      "ConnectionType":0,
      "ConnectedWireIndex":-1,
      "ConnectedWireSegmentIndex":-1,
      "Points":[{"x":0.0,"y":0.0},{"x":-11.61505,"y":4.41943},{"x":-11.61505,"y":-3.60454},{"x":-0.28815,"y":-3.60454},{"x":-0.28815,"y":16.12828},{"x":4.51523,"y":16.12828},{"x":4.51523,"y":-2.50105},{"x":0.0,"y":0.0}]
    },
    {
      "SourcePinAddress":{
        "PinID":5,
        "PinOwnerID":1645633740
      },
      "TargetPinAddress":{
        "PinID":700507251,
        "PinOwnerID":1280873559
      },
      "ConnectionType":0,
      "ConnectedWireIndex":-1,
      "ConnectedWireSegmentIndex":-1,
      "Points":[{"x":0.0,"y":0.0},{"x":-11.38786,"y":4.66943},{"x":-11.38786,"y":-3.34489},{"x":-0.58025,"y":-3.34489},{"x":-0.58025,"y":16.38792},{"x":4.28804,"y":16.38792},{"x":4.28804,"y":-2.20896},{"x":0.0,"y":0.0}]
    },
    {
      "SourcePinAddress":{
        "PinID":8,
        "PinOwnerID":1645633740
      },
      "TargetPinAddress":{
        "PinID":1087332273,
        "PinOwnerID":612538794
      },
      "ConnectionType":1,
      "ConnectedWireIndex":103,
      "ConnectedWireSegmentIndex":5,
      "Points":[{"x":4.96435,"y":-0.84356},{"x":0.0,"y":0.0}]
    },
    {
      "SourcePinAddress":{
        "PinID":7,
        "PinOwnerID":1645633740
      },
      "TargetPinAddress":{
        "PinID":1596090302,
        "PinOwnerID":612538794
      },
      "ConnectionType":1,
      "ConnectedWireIndex":104,
      "ConnectedWireSegmentIndex":5,
      "Points":[{"x":4.74811,"y":-0.59356},{"x":0.0,"y":0.0}]
    },
    {
      "SourcePinAddress":{
        "PinID":6,
        "PinOwnerID":1645633740
      },
      "TargetPinAddress":{
        "PinID":888131064,
        "PinOwnerID":612538794
      },
      "ConnectionType":1,
      "ConnectedWireIndex":105,
      "ConnectedWireSegmentIndex":5,
      "Points":[{"x":4.51523,"y":-0.34356},{"x":0.0,"y":0.0}]
    },
    {
      "SourcePinAddress":{
        "PinID":5,
        "PinOwnerID":1645633740
      },
      "TargetPinAddress":{
        "PinID":700507251,
        "PinOwnerID":612538794
      },
      "ConnectionType":1,
      "ConnectedWireIndex":106,
      "ConnectedWireSegmentIndex":5,
      "Points":[{"x":4.28804,"y":-0.09356},{"x":0.0,"y":0.0}]
    },
    {
      "SourcePinAddress":{
        "PinID":8,
        "PinOwnerID":1645633740
      },
      "TargetPinAddress":{
        "PinID":1087332273,
        "PinOwnerID":1395263130
      },
      "ConnectionType":1,
      "ConnectedWireIndex":103,
      "ConnectedWireSegmentIndex":5,
      "Points":[{"x":4.96417,"y":1.27876},{"x":0.0,"y":0.0}]
    },
    {
      "SourcePinAddress":{
        "PinID":7,
        "PinOwnerID":1645633740
      },
      "TargetPinAddress":{
        "PinID":1596090302,
        "PinOwnerID":1395263130
      },
      "ConnectionType":1,
      "ConnectedWireIndex":104,
      "ConnectedWireSegmentIndex":5,
      "Points":[{"x":4.74811,"y":1.52876},{"x":0.0,"y":0.0}]
    },
    {
      "SourcePinAddress":{
        "PinID":6,
        "PinOwnerID":1645633740
      },
      "TargetPinAddress":{
        "PinID":888131064,
        "PinOwnerID":1395263130
      },
      "ConnectionType":1,
      "ConnectedWireIndex":105,
      "ConnectedWireSegmentIndex":5,
      "Points":[{"x":4.51523,"y":1.77876},{"x":0.0,"y":0.0}]
    },
    {
      "SourcePinAddress":{
        "PinID":5,
        "PinOwnerID":1645633740
      },
      "TargetPinAddress":{
        "PinID":700507251,
        "PinOwnerID":1395263130
      },
      "ConnectionType":1,
      "ConnectedWireIndex":106,
      "ConnectedWireSegmentIndex":5,
      "Points":[{"x":4.28804,"y":2.02876},{"x":0.0,"y":0.0}]
    },
    {
      "SourcePinAddress":{
        "PinID":8,
        "PinOwnerID":1645633740
      },
      "TargetPinAddress":{
        "PinID":1087332273,
        "PinOwnerID":1488893905
      },
      "ConnectionType":1,
      "ConnectedWireIndex":103,
      "ConnectedWireSegmentIndex":5,
      "Points":[{"x":4.96399,"y":3.45788},{"x":0.0,"y":0.0}]
    },
    {
      "SourcePinAddress":{
        "PinID":7,
        "PinOwnerID":1645633740
      },
      "TargetPinAddress":{
        "PinID":1596090302,
        "PinOwnerID":1488893905
      },
      "ConnectionType":1,
      "ConnectedWireIndex":104,
      "ConnectedWireSegmentIndex":5,
      "Points":[{"x":4.74811,"y":3.70788},{"x":0.0,"y":0.0}]
    },
    {
      "SourcePinAddress":{
        "PinID":6,
        "PinOwnerID":1645633740
      },
      "TargetPinAddress":{
        "PinID":888131064,
        "PinOwnerID":1488893905
      },
      "ConnectionType":1,
      "ConnectedWireIndex":105,
      "ConnectedWireSegmentIndex":5,
      "Points":[{"x":4.51523,"y":3.95788},{"x":0.0,"y":0.0}]
    },
    {
      "SourcePinAddress":{
        "PinID":5,
        "PinOwnerID":1645633740
      },
      "TargetPinAddress":{
        "PinID":700507251,
        "PinOwnerID":1488893905
      },
      "ConnectionType":1,
      "ConnectedWireIndex":106,
      "ConnectedWireSegmentIndex":5,
      "Points":[{"x":4.28804,"y":4.20788},{"x":0.0,"y":0.0}]
    },
    {
      "SourcePinAddress":{
        "PinID":8,
        "PinOwnerID":1645633740
      },
      "TargetPinAddress":{
        "PinID":1087332273,
        "PinOwnerID":599412474
      },
      "ConnectionType":1,
      "ConnectedWireIndex":103,
      "ConnectedWireSegmentIndex":5,
      "Points":[{"x":4.96378,"y":5.90751},{"x":0.0,"y":0.0}]
    },
    {
      "SourcePinAddress":{
        "PinID":7,
        "PinOwnerID":1645633740
      },
      "TargetPinAddress":{
        "PinID":1596090302,
        "PinOwnerID":599412474
      },
      "ConnectionType":1,
      "ConnectedWireIndex":104,
      "ConnectedWireSegmentIndex":5,
      "Points":[{"x":4.74811,"y":6.15751},{"x":0.0,"y":0.0}]
    },
    {
      "SourcePinAddress":{
        "PinID":6,
        "PinOwnerID":1645633740
      },
      "TargetPinAddress":{
        "PinID":888131064,
        "PinOwnerID":599412474
      },
      "ConnectionType":1,
      "ConnectedWireIndex":105,
      "ConnectedWireSegmentIndex":5,
      "Points":[{"x":4.51523,"y":6.40751},{"x":0.0,"y":0.0}]
    },
    {
      "SourcePinAddress":{
        "PinID":5,
        "PinOwnerID":1645633740
      },
      "TargetPinAddress":{
        "PinID":700507251,
        "PinOwnerID":599412474
      },
      "ConnectionType":1,
      "ConnectedWireIndex":106,
      "ConnectedWireSegmentIndex":5,
      "Points":[{"x":4.28804,"y":6.65751},{"x":0.0,"y":0.0}]
    },
    {
      "SourcePinAddress":{
        "PinID":8,
        "PinOwnerID":1645633740
      },
      "TargetPinAddress":{
        "PinID":1087332273,
        "PinOwnerID":1593775514
      },
      "ConnectionType":1,
      "ConnectedWireIndex":103,
      "ConnectedWireSegmentIndex":5,
      "Points":[{"x":4.9636,"y":7.98481},{"x":0.0,"y":0.0}]
    },
    {
      "SourcePinAddress":{
        "PinID":7,
        "PinOwnerID":1645633740
      },
      "TargetPinAddress":{
        "PinID":1596090302,
        "PinOwnerID":1593775514
      },
      "ConnectionType":1,
      "ConnectedWireIndex":104,
      "ConnectedWireSegmentIndex":5,
      "Points":[{"x":4.74811,"y":8.2348},{"x":0.0,"y":0.0}]
    },
    {
      "SourcePinAddress":{
        "PinID":6,
        "PinOwnerID":1645633740
      },
      "TargetPinAddress":{
        "PinID":888131064,
        "PinOwnerID":1593775514
      },
      "ConnectionType":1,
      "ConnectedWireIndex":105,
      "ConnectedWireSegmentIndex":5,
      "Points":[{"x":4.51523,"y":8.4848},{"x":0.0,"y":0.0}]
    },
    {
      "SourcePinAddress":{
        "PinID":5,
        "PinOwnerID":1645633740
      },
      "TargetPinAddress":{
        "PinID":700507251,
        "PinOwnerID":1593775514
      },
      "ConnectionType":1,
      "ConnectedWireIndex":106,
      "ConnectedWireSegmentIndex":5,
      "Points":[{"x":4.28804,"y":8.7348},{"x":0.0,"y":0.0}]
    },
    {
      "SourcePinAddress":{
        "PinID":8,
        "PinOwnerID":1645633740
      },
      "TargetPinAddress":{
        "PinID":1087332273,
        "PinOwnerID":1198555662
      },
      "ConnectionType":1,
      "ConnectedWireIndex":103,
      "ConnectedWireSegmentIndex":5,
      "Points":[{"x":4.96343,"y":10.06683},{"x":0.0,"y":0.0}]
    },
    {
      "SourcePinAddress":{
        "PinID":7,
        "PinOwnerID":1645633740
      },
      "TargetPinAddress":{
        "PinID":1596090302,
        "PinOwnerID":1198555662
      },
      "ConnectionType":1,
      "ConnectedWireIndex":104,
      "ConnectedWireSegmentIndex":5,
      "Points":[{"x":4.74811,"y":10.31682},{"x":0.0,"y":0.0}]
    },
    {
      "SourcePinAddress":{
        "PinID":6,
        "PinOwnerID":1645633740
      },
      "TargetPinAddress":{
        "PinID":888131064,
        "PinOwnerID":1198555662
      },
      "ConnectionType":1,
      "ConnectedWireIndex":105,
      "ConnectedWireSegmentIndex":5,
      "Points":[{"x":4.51523,"y":10.56682},{"x":0.0,"y":0.0}]
    },
    {
      "SourcePinAddress":{
        "PinID":5,
        "PinOwnerID":1645633740
      },
      "TargetPinAddress":{
        "PinID":700507251,
        "PinOwnerID":1198555662
      },
      "ConnectionType":1,
      "ConnectedWireIndex":106,
      "ConnectedWireSegmentIndex":5,
      "Points":[{"x":4.28804,"y":10.81682},{"x":0.0,"y":0.0}]
    },
    {
      "SourcePinAddress":{
        "PinID":8,
        "PinOwnerID":1645633740
      },
      "TargetPinAddress":{
        "PinID":1087332273,
        "PinOwnerID":1054277989
      },
      "ConnectionType":1,
      "ConnectedWireIndex":103,
      "ConnectedWireSegmentIndex":5,
      "Points":[{"x":4.96324,"y":12.22382},{"x":0.0,"y":0.0}]
    },
    {
      "SourcePinAddress":{
        "PinID":7,
        "PinOwnerID":1645633740
      },
      "TargetPinAddress":{
        "PinID":1596090302,
        "PinOwnerID":1054277989
      },
      "ConnectionType":1,
      "ConnectedWireIndex":104,
      "ConnectedWireSegmentIndex":5,
      "Points":[{"x":4.74811,"y":12.47382},{"x":0.0,"y":0.0}]
    },
    {
      "SourcePinAddress":{
        "PinID":6,
        "PinOwnerID":1645633740
      },
      "TargetPinAddress":{
        "PinID":888131064,
        "PinOwnerID":1054277989
      },
      "ConnectionType":1,
      "ConnectedWireIndex":105,
      "ConnectedWireSegmentIndex":5,
      "Points":[{"x":4.51523,"y":12.72382},{"x":0.0,"y":0.0}]
    },
    {
      "SourcePinAddress":{
        "PinID":5,
        "PinOwnerID":1645633740
      },
      "TargetPinAddress":{
        "PinID":700507251,
        "PinOwnerID":1054277989
      },
      "ConnectionType":1,
      "ConnectedWireIndex":106,
      "ConnectedWireSegmentIndex":5,
      "Points":[{"x":4.28804,"y":12.97382},{"x":0.0,"y":0.0}]
    },
    {
      "SourcePinAddress":{
        "PinID":8,
        "PinOwnerID":1645633740
      },
      "TargetPinAddress":{
        "PinID":1087332273,
        "PinOwnerID":1365469129
      },
      "ConnectionType":1,
      "ConnectedWireIndex":103,
      "ConnectedWireSegmentIndex":3,
      "Points":[{"x":0.22557,"y":-1.87892},{"x":0.0,"y":0.0}]
    },
    {
      "SourcePinAddress":{
        "PinID":7,
        "PinOwnerID":1645633740
      },
      "TargetPinAddress":{
        "PinID":1596090302,
        "PinOwnerID":1365469129
      },
      "ConnectionType":1,
      "ConnectedWireIndex":104,
      "ConnectedWireSegmentIndex":3,
      "Points":[{"x":-0.04333,"y":-1.629},{"x":0.0,"y":0.0}]
    },
    {
      "SourcePinAddress":{
        "PinID":6,
        "PinOwnerID":1645633740
      },
      "TargetPinAddress":{
        "PinID":888131064,
        "PinOwnerID":1365469129
      },
      "ConnectionType":1,
      "ConnectedWireIndex":105,
      "ConnectedWireSegmentIndex":3,
      "Points":[{"x":-0.28815,"y":-1.379},{"x":0.0,"y":0.0}]
    },
    {
      "SourcePinAddress":{
        "PinID":5,
        "PinOwnerID":1645633740
      },
      "TargetPinAddress":{
        "PinID":700507251,
        "PinOwnerID":1365469129
      },
      "ConnectionType":1,
      "ConnectedWireIndex":106,
      "ConnectedWireSegmentIndex":3,
      "Points":[{"x":-0.58025,"y":-1.129},{"x":0.0,"y":0.0}]
    },
    {
      "SourcePinAddress":{
        "PinID":8,
        "PinOwnerID":1645633740
      },
      "TargetPinAddress":{
        "PinID":1087332273,
        "PinOwnerID":729471795
      },
      "ConnectionType":1,
      "ConnectedWireIndex":103,
      "ConnectedWireSegmentIndex":3,
      "Points":[{"x":0.21192,"y":0.19312},{"x":0.0,"y":0.0}]
    },
    {
      "SourcePinAddress":{
        "PinID":7,
        "PinOwnerID":1645633740
      },
      "TargetPinAddress":{
        "PinID":1596090302,
        "PinOwnerID":729471795
      },
      "ConnectionType":1,
      "ConnectedWireIndex":104,
      "ConnectedWireSegmentIndex":3,
      "Points":[{"x":-0.04333,"y":0.4433},{"x":0.0,"y":0.0}]
    },
    {
      "SourcePinAddress":{
        "PinID":6,
        "PinOwnerID":1645633740
      },
      "TargetPinAddress":{
        "PinID":888131064,
        "PinOwnerID":729471795
      },
      "ConnectionType":1,
      "ConnectedWireIndex":105,
      "ConnectedWireSegmentIndex":3,
      "Points":[{"x":-0.28815,"y":0.6933},{"x":0.0,"y":0.0}]
    },
    {
      "SourcePinAddress":{
        "PinID":5,
        "PinOwnerID":1645633740
      },
      "TargetPinAddress":{
        "PinID":700507251,
        "PinOwnerID":729471795
      },
      "ConnectionType":1,
      "ConnectedWireIndex":106,
      "ConnectedWireSegmentIndex":3,
      "Points":[{"x":-0.58025,"y":0.9433},{"x":0.0,"y":0.0}]
    },
    {
      "SourcePinAddress":{
        "PinID":8,
        "PinOwnerID":1645633740
      },
      "TargetPinAddress":{
        "PinID":1087332273,
        "PinOwnerID":1829879869
      },
      "ConnectionType":1,
      "ConnectedWireIndex":103,
      "ConnectedWireSegmentIndex":3,
      "Points":[{"x":0.19772,"y":2.34879},{"x":0.0,"y":0.0}]
    },
    {
      "SourcePinAddress":{
        "PinID":7,
        "PinOwnerID":1645633740
      },
      "TargetPinAddress":{
        "PinID":1596090302,
        "PinOwnerID":1829879869
      },
      "ConnectionType":1,
      "ConnectedWireIndex":104,
      "ConnectedWireSegmentIndex":3,
      "Points":[{"x":-0.04333,"y":2.59898},{"x":0.0,"y":0.0}]
    },
    {
      "SourcePinAddress":{
        "PinID":6,
        "PinOwnerID":1645633740
      },
      "TargetPinAddress":{
        "PinID":888131064,
        "PinOwnerID":1829879869
      },
      "ConnectionType":1,
      "ConnectedWireIndex":105,
      "ConnectedWireSegmentIndex":3,
      "Points":[{"x":-0.28815,"y":2.84897},{"x":0.0,"y":0.0}]
    },
    {
      "SourcePinAddress":{
        "PinID":5,
        "PinOwnerID":1645633740
      },
      "TargetPinAddress":{
        "PinID":700507251,
        "PinOwnerID":1829879869
      },
      "ConnectionType":1,
      "ConnectedWireIndex":106,
      "ConnectedWireSegmentIndex":3,
      "Points":[{"x":-0.58025,"y":3.09898},{"x":0.0,"y":0.0}]
    },
    {
      "SourcePinAddress":{
        "PinID":8,
        "PinOwnerID":1645633740
      },
      "TargetPinAddress":{
        "PinID":1087332273,
        "PinOwnerID":794843649
      },
      "ConnectionType":1,
      "ConnectedWireIndex":103,
      "ConnectedWireSegmentIndex":3,
      "Points":[{"x":0.18192,"y":4.74664},{"x":0.0,"y":0.0}]
    },
    {
      "SourcePinAddress":{
        "PinID":7,
        "PinOwnerID":1645633740
      },
      "TargetPinAddress":{
        "PinID":1596090302,
        "PinOwnerID":794843649
      },
      "ConnectionType":1,
      "ConnectedWireIndex":104,
      "ConnectedWireSegmentIndex":3,
      "Points":[{"x":-0.04333,"y":4.99682},{"x":0.0,"y":0.0}]
    },
    {
      "SourcePinAddress":{
        "PinID":6,
        "PinOwnerID":1645633740
      },
      "TargetPinAddress":{
        "PinID":888131064,
        "PinOwnerID":794843649
      },
      "ConnectionType":1,
      "ConnectedWireIndex":105,
      "ConnectedWireSegmentIndex":3,
      "Points":[{"x":-0.28815,"y":5.24682},{"x":0.0,"y":0.0}]
    },
    {
      "SourcePinAddress":{
        "PinID":5,
        "PinOwnerID":1645633740
      },
      "TargetPinAddress":{
        "PinID":700507251,
        "PinOwnerID":794843649
      },
      "ConnectionType":1,
      "ConnectedWireIndex":106,
      "ConnectedWireSegmentIndex":3,
      "Points":[{"x":-0.58025,"y":5.49682},{"x":0.0,"y":0.0}]
    },
    {
      "SourcePinAddress":{
        "PinID":8,
        "PinOwnerID":1645633740
      },
      "TargetPinAddress":{
        "PinID":1087332273,
        "PinOwnerID":395542740
      },
      "ConnectionType":1,
      "ConnectedWireIndex":103,
      "ConnectedWireSegmentIndex":3,
      "Points":[{"x":0.16818,"y":6.83282},{"x":0.0,"y":0.0}]
    },
    {
      "SourcePinAddress":{
        "PinID":7,
        "PinOwnerID":1645633740
      },
      "TargetPinAddress":{
        "PinID":1596090302,
        "PinOwnerID":395542740
      },
      "ConnectionType":1,
      "ConnectedWireIndex":104,
      "ConnectedWireSegmentIndex":3,
      "Points":[{"x":-0.04333,"y":7.08288},{"x":0.0,"y":0.0}]
    },
    {
      "SourcePinAddress":{
        "PinID":6,
        "PinOwnerID":1645633740
      },
      "TargetPinAddress":{
        "PinID":888131064,
        "PinOwnerID":395542740
      },
      "ConnectionType":1,
      "ConnectedWireIndex":105,
      "ConnectedWireSegmentIndex":3,
      "Points":[{"x":-0.28815,"y":7.33288},{"x":0.0,"y":0.0}]
    },
    {
      "SourcePinAddress":{
        "PinID":5,
        "PinOwnerID":1645633740
      },
      "TargetPinAddress":{
        "PinID":700507251,
        "PinOwnerID":395542740
      },
      "ConnectionType":1,
      "ConnectedWireIndex":106,
      "ConnectedWireSegmentIndex":3,
      "Points":[{"x":-0.58025,"y":7.58288},{"x":0.0,"y":0.0}]
    },
    {
      "SourcePinAddress":{
        "PinID":8,
        "PinOwnerID":1645633740
      },
      "TargetPinAddress":{
        "PinID":1087332273,
        "PinOwnerID":1766519256
      },
      "ConnectionType":1,
      "ConnectedWireIndex":103,
      "ConnectedWireSegmentIndex":3,
      "Points":[{"x":0.15359,"y":9.04748},{"x":0.0,"y":0.0}]
    },
    {
      "SourcePinAddress":{
        "PinID":7,
        "PinOwnerID":1645633740
      },
      "TargetPinAddress":{
        "PinID":1596090302,
        "PinOwnerID":1766519256
      },
      "ConnectionType":1,
      "ConnectedWireIndex":104,
      "ConnectedWireSegmentIndex":3,
      "Points":[{"x":-0.04333,"y":9.29757},{"x":0.0,"y":0.0}]
    },
    {
      "SourcePinAddress":{
        "PinID":6,
        "PinOwnerID":1645633740
      },
      "TargetPinAddress":{
        "PinID":888131064,
        "PinOwnerID":1766519256
      },
      "ConnectionType":1,
      "ConnectedWireIndex":105,
      "ConnectedWireSegmentIndex":3,
      "Points":[{"x":-0.28815,"y":9.54757},{"x":0.0,"y":0.0}]
    },
    {
      "SourcePinAddress":{
        "PinID":5,
        "PinOwnerID":1645633740
      },
      "TargetPinAddress":{
        "PinID":700507251,
        "PinOwnerID":1766519256
      },
      "ConnectionType":1,
      "ConnectedWireIndex":106,
      "ConnectedWireSegmentIndex":3,
      "Points":[{"x":-0.58025,"y":9.79757},{"x":0.0,"y":0.0}]
    },
    {
      "SourcePinAddress":{
        "PinID":8,
        "PinOwnerID":1645633740
      },
      "TargetPinAddress":{
        "PinID":1087332273,
        "PinOwnerID":1938312286
      },
      "ConnectionType":1,
      "ConnectedWireIndex":103,
      "ConnectedWireSegmentIndex":3,
      "Points":[{"x":0.13876,"y":11.29935},{"x":0.0,"y":0.0}]
    },
    {
      "SourcePinAddress":{
        "PinID":7,
        "PinOwnerID":1645633740
      },
      "TargetPinAddress":{
        "PinID":1596090302,
        "PinOwnerID":1938312286
      },
      "ConnectionType":1,
      "ConnectedWireIndex":104,
      "ConnectedWireSegmentIndex":3,
      "Points":[{"x":-0.04333,"y":11.54946},{"x":0.0,"y":0.0}]
    },
    {
      "SourcePinAddress":{
        "PinID":6,
        "PinOwnerID":1645633740
      },
      "TargetPinAddress":{
        "PinID":888131064,
        "PinOwnerID":1938312286
      },
      "ConnectionType":1,
      "ConnectedWireIndex":105,
      "ConnectedWireSegmentIndex":3,
      "Points":[{"x":-0.28815,"y":11.79946},{"x":0.0,"y":0.0}]
    },
    {
      "SourcePinAddress":{
        "PinID":5,
        "PinOwnerID":1645633740
      },
      "TargetPinAddress":{
        "PinID":700507251,
        "PinOwnerID":1938312286
      },
      "ConnectionType":1,
      "ConnectedWireIndex":106,
      "ConnectedWireSegmentIndex":3,
      "Points":[{"x":-0.58025,"y":12.04946},{"x":0.0,"y":0.0}]
    },
    {
      "SourcePinAddress":{
        "PinID":8,
        "PinOwnerID":1645633740
      },
      "TargetPinAddress":{
        "PinID":1087332273,
        "PinOwnerID":1355905066
      },
      "ConnectionType":1,
      "ConnectedWireIndex":103,
      "ConnectedWireSegmentIndex":3,
      "Points":[{"x":0.12466,"y":13.43959},{"x":0.0,"y":0.0}]
    },
    {
      "SourcePinAddress":{
        "PinID":7,
        "PinOwnerID":1645633740
      },
      "TargetPinAddress":{
        "PinID":1596090302,
        "PinOwnerID":1355905066
      },
      "ConnectionType":1,
      "ConnectedWireIndex":104,
      "ConnectedWireSegmentIndex":3,
      "Points":[{"x":-0.04333,"y":13.68967},{"x":0.0,"y":0.0}]
    },
    {
      "SourcePinAddress":{
        "PinID":6,
        "PinOwnerID":1645633740
      },
      "TargetPinAddress":{
        "PinID":888131064,
        "PinOwnerID":1355905066
      },
      "ConnectionType":1,
      "ConnectedWireIndex":105,
      "ConnectedWireSegmentIndex":3,
      "Points":[{"x":-0.28815,"y":13.93967},{"x":0.0,"y":0.0}]
    },
    {
      "SourcePinAddress":{
        "PinID":5,
        "PinOwnerID":1645633740
      },
      "TargetPinAddress":{
        "PinID":700507251,
        "PinOwnerID":1355905066
      },
      "ConnectionType":1,
      "ConnectedWireIndex":106,
      "ConnectedWireSegmentIndex":3,
      "Points":[{"x":-0.58025,"y":14.18967},{"x":0.0,"y":0.0}]
    },
    {
      "SourcePinAddress":{
        "PinID":0,
        "PinOwnerID":1229379721
      },
      "TargetPinAddress":{
        "PinID":1229379721,
        "PinOwnerID":1054277989
      },
      "ConnectionType":0,
      "ConnectedWireIndex":-1,
      "ConnectedWireSegmentIndex":-1,
      "Points":[{"x":0.0,"y":0.0},{"x":-1.39994,"y":17.25327},{"x":-1.39994,"y":-5.08898},{"x":3.41912,"y":-5.08898},{"x":3.41912,"y":13.79952},{"x":0.0,"y":0.0}]
    },
    {
      "SourcePinAddress":{
        "PinID":0,
        "PinOwnerID":1229379721
      },
      "TargetPinAddress":{
        "PinID":1229379721,
        "PinOwnerID":1198555662
      },
      "ConnectionType":1,
      "ConnectedWireIndex":167,
      "ConnectedWireSegmentIndex":3,
      "Points":[{"x":3.41912,"y":11.69182},{"x":0.0,"y":0.0}]
    },
    {
      "SourcePinAddress":{
        "PinID":0,
        "PinOwnerID":1229379721
      },
      "TargetPinAddress":{
        "PinID":1229379721,
        "PinOwnerID":1593775514
      },
      "ConnectionType":1,
      "ConnectedWireIndex":167,
      "ConnectedWireSegmentIndex":3,
      "Points":[{"x":3.41912,"y":9.6098},{"x":0.0,"y":0.0}]
    },
    {
      "SourcePinAddress":{
        "PinID":0,
        "PinOwnerID":1229379721
      },
      "TargetPinAddress":{
        "PinID":1229379721,
        "PinOwnerID":599412474
      },
      "ConnectionType":1,
      "ConnectedWireIndex":167,
      "ConnectedWireSegmentIndex":3,
      "Points":[{"x":3.41912,"y":7.53251},{"x":0.0,"y":0.0}]
    },
    {
      "SourcePinAddress":{
        "PinID":0,
        "PinOwnerID":1229379721
      },
      "TargetPinAddress":{
        "PinID":1229379721,
        "PinOwnerID":1488893905
      },
      "ConnectionType":1,
      "ConnectedWireIndex":167,
      "ConnectedWireSegmentIndex":3,
      "Points":[{"x":3.41912,"y":5.08288},{"x":0.0,"y":0.0}]
    },
    {
      "SourcePinAddress":{
        "PinID":0,
        "PinOwnerID":1229379721
      },
      "TargetPinAddress":{
        "PinID":1229379721,
        "PinOwnerID":1395263130
      },
      "ConnectionType":1,
      "ConnectedWireIndex":167,
      "ConnectedWireSegmentIndex":3,
      "Points":[{"x":3.41912,"y":2.90376},{"x":0.0,"y":0.0}]
    },
    {
      "SourcePinAddress":{
        "PinID":0,
        "PinOwnerID":1229379721
      },
      "TargetPinAddress":{
        "PinID":1229379721,
        "PinOwnerID":612538794
      },
      "ConnectionType":1,
      "ConnectedWireIndex":167,
      "ConnectedWireSegmentIndex":3,
      "Points":[{"x":3.41912,"y":0.78144},{"x":0.0,"y":0.0}]
    },
    {
      "SourcePinAddress":{
        "PinID":0,
        "PinOwnerID":1229379721
      },
      "TargetPinAddress":{
        "PinID":1229379721,
        "PinOwnerID":1280873559
      },
      "ConnectionType":1,
      "ConnectedWireIndex":167,
      "ConnectedWireSegmentIndex":3,
      "Points":[{"x":3.41912,"y":-1.3194},{"x":0.0,"y":0.0}]
    },
    {
      "SourcePinAddress":{
        "PinID":0,
        "PinOwnerID":1229379721
      },
      "TargetPinAddress":{
        "PinID":1229379721,
        "PinOwnerID":1365469129
      },
      "ConnectionType":1,
      "ConnectedWireIndex":167,
      "ConnectedWireSegmentIndex":1,
      "Points":[{"x":-1.39994,"y":-0.254},{"x":0.0,"y":0.0}]
    },
    {
      "SourcePinAddress":{
        "PinID":0,
        "PinOwnerID":1229379721
      },
      "TargetPinAddress":{
        "PinID":1229379721,
        "PinOwnerID":729471795
      },
      "ConnectionType":1,
      "ConnectedWireIndex":167,
      "ConnectedWireSegmentIndex":1,
      "Points":[{"x":-1.39994,"y":1.8183},{"x":0.0,"y":0.0}]
    },
    {
      "SourcePinAddress":{
        "PinID":0,
        "PinOwnerID":1229379721
      },
      "TargetPinAddress":{
        "PinID":1229379721,
        "PinOwnerID":1829879869
      },
      "ConnectionType":1,
      "ConnectedWireIndex":167,
      "ConnectedWireSegmentIndex":1,
      "Points":[{"x":-1.39994,"y":3.97398},{"x":0.0,"y":0.0}]
    },
    {
      "SourcePinAddress":{
        "PinID":0,
        "PinOwnerID":1229379721
      },
      "TargetPinAddress":{
        "PinID":1229379721,
        "PinOwnerID":794843649
      },
      "ConnectionType":1,
      "ConnectedWireIndex":167,
      "ConnectedWireSegmentIndex":1,
      "Points":[{"x":-1.39994,"y":6.37182},{"x":0.0,"y":0.0}]
    },
    {
      "SourcePinAddress":{
        "PinID":0,
        "PinOwnerID":1229379721
      },
      "TargetPinAddress":{
        "PinID":1229379721,
        "PinOwnerID":395542740
      },
      "ConnectionType":1,
      "ConnectedWireIndex":167,
      "ConnectedWireSegmentIndex":1,
      "Points":[{"x":-1.39994,"y":8.45788},{"x":0.0,"y":0.0}]
    },
    {
      "SourcePinAddress":{
        "PinID":0,
        "PinOwnerID":1229379721
      },
      "TargetPinAddress":{
        "PinID":1229379721,
        "PinOwnerID":1766519256
      },
      "ConnectionType":1,
      "ConnectedWireIndex":167,
      "ConnectedWireSegmentIndex":1,
      "Points":[{"x":-1.39994,"y":10.67257},{"x":0.0,"y":0.0}]
    },
    {
      "SourcePinAddress":{
        "PinID":0,
        "PinOwnerID":1229379721
      },
      "TargetPinAddress":{
        "PinID":1229379721,
        "PinOwnerID":1938312286
      },
      "ConnectionType":1,
      "ConnectedWireIndex":167,
      "ConnectedWireSegmentIndex":1,
      "Points":[{"x":-1.39994,"y":12.92446},{"x":0.0,"y":0.0}]
    },
    {
      "SourcePinAddress":{
        "PinID":0,
        "PinOwnerID":1229379721
      },
      "TargetPinAddress":{
        "PinID":1229379721,
        "PinOwnerID":1355905066
      },
      "ConnectionType":1,
      "ConnectedWireIndex":167,
      "ConnectedWireSegmentIndex":1,
      "Points":[{"x":-1.39994,"y":15.06467},{"x":0.0,"y":0.0}]
    }
  ],
  "Displays":[]
}