{
  "DLSVersion": "2.1.6",
  "Name": "RAM-16 DISPLAY-8",
  "NameLocation": 0,
  "ChipType": 0,
  "Size": {
    "x": 1.55,
    "y": 4.5
  },
  "Colour": {
    "r": 0.22837086,
    "g": 0.17420423,
    "b": 0.183175847,
    "a": 1
  },
  "InputPins":[
    {
      "Name":"IN",
      "ID":1229379721,
      "Position":{
        "x":-13.71108,
        "y":15.50843
      },
      "BitCount":8,
      "Colour":0,
      "ValueDisplayMode":0
    },
    {
      "Name":"Write Clk",
      "ID":1416378532,
      "Position":{
        "x":-13.42759,
        "y":14.81739
      },
      "BitCount":1,
      "Colour":0,
      "ValueDisplayMode":0
    },
    {
      "Name":"Actvate",
      "ID":1585922942,
      "Position":{
        "x":-14.25344,
        "y":7.79529
      },
      "BitCount":1,
      "Colour":0,
      "ValueDisplayMode":0
    },
    {
      "Name":"IN",
      "ID":700507251,
      "Position":{
        "x":-14.37159,
        "y":6.75052
      },
      "BitCount":1,
      "Colour":0,
      "ValueDisplayMode":0
    },
    {
      "Name":"IN",
      "ID":888131064,
      "Position":{
        "x":-14.37159,
        "y":5.86861
      },
      "BitCount":1,
      "Colour":0,
      "ValueDisplayMode":0
    },
    {
      "Name":"IN",
      "ID":1596090302,
      "Position":{
        "x":-14.34898,
        "y":5.12237
      },
      "BitCount":1,
      "Colour":0,
      "ValueDisplayMode":0
    },
    {
      "Name":"IN",
      "ID":1087332273,
      "Position":{
        "x":-14.3942,
        "y":4.26306
      },
      "BitCount":1,
      "Colour":0,
      "ValueDisplayMode":0
    }
  ],
  "OutputPins":[
    {
      "Name":"OUT",
      "ID":589633701,
      "Position":{
        "x":11.42975,
        "y":6.44006
      },
      "BitCount":8,
      "Colour":0,
      "ValueDisplayMode":0
    },
    {
      "Name":"OUT",
      "ID":1541552821,
      "Position":{
        "x":11.35912,
        "y":4.21409
      },
      "BitCount":8,
      "Colour":0,
      "ValueDisplayMode":0
    },
    {
      "Name":"OUT",
      "ID":1901504532,
      "Position":{
        "x":11.35912,
        "y":3.48313
      },
      "BitCount":8,
      "Colour":0,
      "ValueDisplayMode":0
    },
    {
      "Name":"OUT",
      "ID":1628124670,
      "Position":{
        "x":11.42362,
        "y":2.79517
      },
      "BitCount":8,
      "Colour":0,
      "ValueDisplayMode":0
    },
    {
      "Name":"OUT",
      "ID":450835224,
      "Position":{
        "x":11.38062,
        "y":2.04271
      },
      "BitCount":8,
      "Colour":0,
      "ValueDisplayMode":0
    },
    {
      "Name":"OUT",
      "ID":1297918255,
      "Position":{
        "x":11.33762,
        "y":1.39775
      },
      "BitCount":8,
      "Colour":0,
      "ValueDisplayMode":0
    },
    {
      "Name":"OUT",
      "ID":107668508,
      "Position":{
        "x":11.31612,
        "y":0.62379
      },
      "BitCount":8,
      "Colour":0,
      "ValueDisplayMode":0
    },
    {
      "Name":"OUT",
      "ID":155409287,
      "Position":{
        "x":11.31612,
        "y":-0.12867
      },
      "BitCount":8,
      "Colour":0,
      "ValueDisplayMode":0
    },
    {
      "Name":"OUT",
      "ID":1452432931,
      "Position":{
        "x":11.35912,
        "y":-0.90263
      },
      "BitCount":8,
      "Colour":0,
      "ValueDisplayMode":0
    }
  ],
  "SubChips":[
    {
      "Name":"EDGE-MSD-8",
      "ID":949736730,
      "Label":"",
      "Position":{
        "x":-1.12327,
        "y":13.66591
      },
      "OutputPinColourInfo":[{"PinColour":0,"PinID":1457863638},{"PinColour":0,"PinID":1999242044}],
      "InternalData":null
    },
    {
      "Name":"EDGE-MSD-8",
      "ID":1801496597,
      "Label":"",
      "Position":{
        "x":-1.12327,
        "y":12.58047
      },
      "OutputPinColourInfo":[{"PinColour":0,"PinID":1457863638},{"PinColour":0,"PinID":1999242044}],
      "InternalData":null
    },
    {
      "Name":"EDGE-MSD-8",
      "ID":178693201,
      "Label":"",
      "Position":{
        "x":-1.12327,
        "y":11.49503
      },
      "OutputPinColourInfo":[{"PinColour":0,"PinID":1457863638},{"PinColour":0,"PinID":1999242044}],
      "InternalData":null
    },
    {
      "Name":"EDGE-MSD-8",
      "ID":50504281,
      "Label":"",
      "Position":{
        "x":-1.12327,
        "y":10.38698
      },
      "OutputPinColourInfo":[{"PinColour":0,"PinID":1457863638},{"PinColour":0,"PinID":1999242044}],
      "InternalData":null
    },
    {
      "Name":"EDGE-MSD-8",
      "ID":1057173449,
      "Label":"",
      "Position":{
        "x":-1.12327,
        "y":9.32416
      },
      "OutputPinColourInfo":[{"PinColour":0,"PinID":1457863638},{"PinColour":0,"PinID":1999242044}],
      "InternalData":null
    },
    {
      "Name":"EDGE-MSD-8",
      "ID":288604194,
      "Label":"",
      "Position":{
        "x":-1.12327,
        "y":8.19349
      },
      "OutputPinColourInfo":[{"PinColour":0,"PinID":1457863638},{"PinColour":0,"PinID":1999242044}],
      "InternalData":null
    },
    {
      "Name":"EDGE-MSD-8",
      "ID":2026772889,
      "Label":"",
      "Position":{
        "x":-1.10066,
        "y":7.10805
      },
      "OutputPinColourInfo":[{"PinColour":0,"PinID":1457863638},{"PinColour":0,"PinID":1999242044}],
      "InternalData":null
    },
    {
      "Name":"EDGE-MSD-8",
      "ID":1585607324,
      "Label":"",
      "Position":{
        "x":-1.14589,
        "y":6.04523
      },
      "OutputPinColourInfo":[{"PinColour":0,"PinID":1457863638},{"PinColour":0,"PinID":1999242044}],
      "InternalData":null
    },
    {
      "Name":"EDGE-MSD-8",
      "ID":1856006899,
      "Label":"",
      "Position":{
        "x":-1.07805,
        "y":4.93718
      },
      "OutputPinColourInfo":[{"PinColour":0,"PinID":1457863638},{"PinColour":0,"PinID":1999242044}],
      "InternalData":null
    },
    {
      "Name":"EDGE-MSD-8",
      "ID":222405388,
      "Label":"",
      "Position":{
        "x":-1.12327,
        "y":3.82913
      },
      "OutputPinColourInfo":[{"PinColour":0,"PinID":1457863638},{"PinColour":0,"PinID":1999242044}],
      "InternalData":null
    },
    {
      "Name":"EDGE-MSD-8",
      "ID":1581420246,
      "Label":"",
      "Position":{
        "x":-1.04422,
        "y":2.67585
      },
      "OutputPinColourInfo":[{"PinColour":0,"PinID":1457863638},{"PinColour":0,"PinID":1999242044}],
      "InternalData":null
    },
    {
      "Name":"EDGE-MSD-8",
      "ID":992349168,
      "Label":"",
      "Position":{
        "x":-1.14589,
        "y":1.54518
      },
      "OutputPinColourInfo":[{"PinColour":0,"PinID":1457863638},{"PinColour":0,"PinID":1999242044}],
      "InternalData":null
    },
    {
      "Name":"EDGE-MSD-8",
      "ID":1797146242,
      "Label":"",
      "Position":{
        "x":-1.14589,
        "y":0.43713
      },
      "OutputPinColourInfo":[{"PinColour":0,"PinID":1457863638},{"PinColour":0,"PinID":1999242044}],
      "InternalData":null
    },
    {
      "Name":"EDGE-MSD-8",
      "ID":546101782,
      "Label":"",
      "Position":{
        "x":-1.10066,
        "y":-0.62569
      },
      "OutputPinColourInfo":[{"PinColour":0,"PinID":1457863638},{"PinColour":0,"PinID":1999242044}],
      "InternalData":null
    },
    {
      "Name":"EDGE-MSD-8",
      "ID":1653479270,
      "Label":"",
      "Position":{
        "x":-1.14589,
        "y":-1.71113
      },
      "OutputPinColourInfo":[{"PinColour":0,"PinID":1457863638},{"PinColour":0,"PinID":1999242044}],
      "InternalData":null
    },
    {
      "Name":"EDGE-MSD-8",
      "ID":403253517,
      "Label":"",
      "Position":{
        "x":-1.02615,
        "y":-2.84179
      },
      "OutputPinColourInfo":[{"PinColour":0,"PinID":1457863638},{"PinColour":0,"PinID":1999242044}],
      "InternalData":null
    },
    {
      "Name":"DEMUX-16",
      "ID":1028594381,
      "Label":"",
      "Position":{
        "x":-10.64801,
        "y":5.76725
      },
      "OutputPinColourInfo":[{"PinColour":0,"PinID":221599395},{"PinColour":0,"PinID":1151734468}],
      "InternalData":null
    },
    {
      "Name":"8-1BIT",
      "ID":550797911,
      "Label":"",
      "Position":{
        "x":-8.27268,
        "y":7.29425
      },
      "OutputPinColourInfo":[{"PinColour":0,"PinID":1},{"PinColour":0,"PinID":2},{"PinColour":0,"PinID":3},{"PinColour":0,"PinID":4},{"PinColour":0,"PinID":5},{"PinColour":0,"PinID":6},{"PinColour":0,"PinID":7},{"PinColour":0,"PinID":8}],
      "InternalData":null
    },
    {
      "Name":"8-1BIT",
      "ID":1628134114,
      "Label":"",
      "Position":{
        "x":-8.2759,
        "y":4.16462
      },
      "OutputPinColourInfo":[{"PinColour":0,"PinID":1},{"PinColour":0,"PinID":2},{"PinColour":0,"PinID":3},{"PinColour":0,"PinID":4},{"PinColour":0,"PinID":5},{"PinColour":0,"PinID":6},{"PinColour":0,"PinID":7},{"PinColour":0,"PinID":8}],
      "InternalData":null
    },
    {
      "Name":"GATE-8",
      "ID":1744544582,
      "Label":"",
      "Position":{
        "x":1.65048,
        "y":13.98039
      },
      "OutputPinColourInfo":[{"PinColour":0,"PinID":817989800}],
      "InternalData":null
    },
    {
      "Name":"GATE-8",
      "ID":21509033,
      "Label":"",
      "Position":{
        "x":1.62475,
        "y":12.92526
      },
      "OutputPinColourInfo":[{"PinColour":0,"PinID":817989800}],
      "InternalData":null
    },
    {
      "Name":"GATE-8",
      "ID":70696275,
      "Label":"",
      "Position":{
        "x":1.62475,
        "y":11.84439
      },
      "OutputPinColourInfo":[{"PinColour":0,"PinID":817989800}],
      "InternalData":null
    },
    {
      "Name":"GATE-8",
      "ID":779828621,
      "Label":"",
      "Position":{
        "x":1.65048,
        "y":10.815
      },
      "OutputPinColourInfo":[{"PinColour":0,"PinID":817989800}],
      "InternalData":null
    },
    {
      "Name":"GATE-8",
      "ID":1840389096,
      "Label":"",
      "Position":{
        "x":1.59901,
        "y":9.73413
      },
      "OutputPinColourInfo":[{"PinColour":0,"PinID":817989800}],
      "InternalData":null
    },
    {
      "Name":"GATE-8",
      "ID":1775538961,
      "Label":"",
      "Position":{
        "x":1.59901,
        "y":8.47312
      },
      "OutputPinColourInfo":[{"PinColour":0,"PinID":817989800}],
      "InternalData":null
    },
    {
      "Name":"GATE-8",
      "ID":2002593738,
      "Label":"",
      "Position":{
        "x":1.54754,
        "y":7.46946
      },
      "OutputPinColourInfo":[{"PinColour":0,"PinID":817989800}],
      "InternalData":null
    },
    {
      "Name":"GATE-8",
      "ID":164665675,
      "Label":"",
      "Position":{
        "x":1.52181,
        "y":6.4658
      },
      "OutputPinColourInfo":[{"PinColour":0,"PinID":817989800}],
      "InternalData":null
    },
    {
      "Name":"GATE-8",
      "ID":855511597,
      "Label":"",
      "Position":{
        "x":1.47034,
        "y":5.3592
      },
      "OutputPinColourInfo":[{"PinColour":0,"PinID":817989800}],
      "InternalData":null
    },
    {
      "Name":"GATE-8",
      "ID":52279447,
      "Label":"",
      "Position":{
        "x":1.4446,
        "y":4.14966
      },
      "OutputPinColourInfo":[{"PinColour":0,"PinID":817989800}],
      "InternalData":null
    },
    {
      "Name":"GATE-8",
      "ID":1202172495,
      "Label":"",
      "Position":{
        "x":1.41887,
        "y":3.09453
      },
      "OutputPinColourInfo":[{"PinColour":0,"PinID":817989800}],
      "InternalData":null
    },
    {
      "Name":"GATE-8",
      "ID":1597717114,
      "Label":"",
      "Position":{
        "x":1.34166,
        "y":1.85925
      },
      "OutputPinColourInfo":[{"PinColour":0,"PinID":817989800}],
      "InternalData":null
    },
    {
      "Name":"GATE-8",
      "ID":1934060509,
      "Label":"",
      "Position":{
        "x":1.26446,
        "y":0.88132
      },
      "OutputPinColourInfo":[{"PinColour":0,"PinID":817989800}],
      "InternalData":null
    },
    {
      "Name":"GATE-8",
      "ID":1746884950,
      "Label":"",
      "Position":{
        "x":1.31593,
        "y":-0.30248
      },
      "OutputPinColourInfo":[{"PinColour":0,"PinID":817989800}],
      "InternalData":null
    },
    {
      "Name":"GATE-8",
      "ID":1347482142,
      "Label":"",
      "Position":{
        "x":1.31593,
        "y":-1.46055
      },
      "OutputPinColourInfo":[{"PinColour":0,"PinID":817989800}],
      "InternalData":null
    },
    {
      "Name":"GATE-8",
      "ID":137645792,
      "Label":"",
      "Position":{
        "x":1.34166,
        "y":-2.48995
      },
      "OutputPinColourInfo":[{"PinColour":0,"PinID":817989800}],
      "InternalData":null
    },
    {
      "Name":"OR-8",
      "ID":1322911633,
      "Label":"",
      "Position":{
        "x":3.5034,
        "y":13.46569
      },
      "OutputPinColourInfo":[{"PinColour":0,"PinID":510400247}],
      "InternalData":null
    },
    {
      "Name":"OR-8",
      "ID":473021750,
      "Label":"",
      "Position":{
        "x":3.32325,
        "y":11.27822
      },
      "OutputPinColourInfo":[{"PinColour":0,"PinID":510400247}],
      "InternalData":null
    },
    {
      "Name":"OR-8",
      "ID":1532166338,
      "Label":"",
      "Position":{
        "x":3.34899,
        "y":9.03929
      },
      "OutputPinColourInfo":[{"PinColour":0,"PinID":510400247}],
      "InternalData":null
    },
    {
      "Name":"OR-8",
      "ID":527721287,
      "Label":"",
      "Position":{
        "x":3.16884,
        "y":6.90329
      },
      "OutputPinColourInfo":[{"PinColour":0,"PinID":510400247}],
      "InternalData":null
    },
    {
      "Name":"OR-8",
      "ID":1923875149,
      "Label":"",
      "Position":{
        "x":3.09164,
        "y":4.66435
      },
      "OutputPinColourInfo":[{"PinColour":0,"PinID":510400247}],
      "InternalData":null
    },
    {
      "Name":"OR-8",
      "ID":1831048157,
      "Label":"",
      "Position":{
        "x":3.14311,
        "y":2.45115
      },
      "OutputPinColourInfo":[{"PinColour":0,"PinID":510400247}],
      "InternalData":null
    },
    {
      "Name":"OR-8",
      "ID":402473424,
      "Label":"",
      "Position":{
        "x":3.04017,
        "y":0.46957
      },
      "OutputPinColourInfo":[{"PinColour":0,"PinID":510400247}],
      "InternalData":null
    },
    {
      "Name":"OR-8",
      "ID":624404408,
      "Label":"",
      "Position":{
        "x":2.9887,
        "y":-2.05246
      },
      "OutputPinColourInfo":[{"PinColour":0,"PinID":510400247}],
      "InternalData":null
    },
    {
      "Name":"OR-8",
      "ID":384285881,
      "Label":"",
      "Position":{
        "x":5.02175,
        "y":12.38483
      },
      "OutputPinColourInfo":[{"PinColour":0,"PinID":510400247}],
      "InternalData":null
    },
    {
      "Name":"OR-8",
      "ID":1240976622,
      "Label":"",
      "Position":{
        "x":5.04749,
        "y":8.00989
      },
      "OutputPinColourInfo":[{"PinColour":0,"PinID":510400247}],
      "InternalData":null
    },
    {
      "Name":"OR-8",
      "ID":980695312,
      "Label":"",
      "Position":{
        "x":4.99602,
        "y":3.68643
      },
      "OutputPinColourInfo":[{"PinColour":0,"PinID":510400247}],
      "InternalData":null
    },
    {
      "Name":"OR-8",
      "ID":513699833,
      "Label":"",
      "Position":{
        "x":4.53279,
        "y":-0.6885
      },
      "OutputPinColourInfo":[{"PinColour":0,"PinID":510400247}],
      "InternalData":null
    },
    {
      "Name":"OR-8",
      "ID":482269453,
      "Label":"",
      "Position":{
        "x":6.56585,
        "y":9.99148
      },
      "OutputPinColourInfo":[{"PinColour":0,"PinID":510400247}],
      "InternalData":null
    },
    {
      "Name":"OR-8",
      "ID":1607732114,
      "Label":"",
      "Position":{
        "x":6.3085,
        "y":1.26735
      },
      "OutputPinColourInfo":[{"PinColour":0,"PinID":510400247}],
      "InternalData":null
    },
    {
      "Name":"OR-8",
      "ID":1470291299,
      "Label":"",
      "Position":{
        "x":8.03274,
        "y":6.25992
      },
      "OutputPinColourInfo":[{"PinColour":0,"PinID":510400247}],
      "InternalData":null
    },
    {
      "Name":"AND",
      "ID":232247985,
      "Label":"",
      "Position":{
        "x":-2.80083,
        "y":14.0362
      },
      "OutputPinColourInfo":[{"PinColour":0,"PinID":406217789}],
      "InternalData":null
    },
    {
      "Name":"AND",
      "ID":653186950,
      "Label":"",
      "Position":{
        "x":-2.90795,
        "y":12.85781
      },
      "OutputPinColourInfo":[{"PinColour":0,"PinID":406217789}],
      "InternalData":null
    },
    {
      "Name":"AND",
      "ID":2060074126,
      "Label":"",
      "Position":{
        "x":-2.90795,
        "y":11.85082
      },
      "OutputPinColourInfo":[{"PinColour":0,"PinID":406217789}],
      "InternalData":null
    },
    {
      "Name":"AND",
      "ID":1849332049,
      "Label":"",
      "Position":{
        "x":-3.01508,
        "y":10.88669
      },
      "OutputPinColourInfo":[{"PinColour":0,"PinID":406217789}],
      "InternalData":null
    },
    {
      "Name":"AND",
      "ID":2109248302,
      "Label":"",
      "Position":{
        "x":-3.1222,
        "y":9.68687
      },
      "OutputPinColourInfo":[{"PinColour":0,"PinID":406217789}],
      "InternalData":null
    },
    {
      "Name":"AND",
      "ID":832672976,
      "Label":"",
      "Position":{
        "x":-3.1222,
        "y":8.48706
      },
      "OutputPinColourInfo":[{"PinColour":0,"PinID":406217789}],
      "InternalData":null
    },
    {
      "Name":"AND",
      "ID":832495960,
      "Label":"",
      "Position":{
        "x":-3.1222,
        "y":7.5015
      },
      "OutputPinColourInfo":[{"PinColour":0,"PinID":406217789}],
      "InternalData":null
    },
    {
      "Name":"AND",
      "ID":1032514007,
      "Label":"",
      "Position":{
        "x":-3.05793,
        "y":6.47309
      },
      "OutputPinColourInfo":[{"PinColour":0,"PinID":406217789}],
      "InternalData":null
    },
    {
      "Name":"AND",
      "ID":1981605327,
      "Label":"",
      "Position":{
        "x":-3.07935,
        "y":5.31612
      },
      "OutputPinColourInfo":[{"PinColour":0,"PinID":406217789}],
      "InternalData":null
    },
    {
      "Name":"AND",
      "ID":1255274354,
      "Label":"",
      "Position":{
        "x":-3.10078,
        "y":4.26629
      },
      "OutputPinColourInfo":[{"PinColour":0,"PinID":406217789}],
      "InternalData":null
    },
    {
      "Name":"AND",
      "ID":1311500049,
      "Label":"",
      "Position":{
        "x":-3.1222,
        "y":3.13075
      },
      "OutputPinColourInfo":[{"PinColour":0,"PinID":406217789}],
      "InternalData":null
    },
    {
      "Name":"AND",
      "ID":549161003,
      "Label":"",
      "Position":{
        "x":-3.14363,
        "y":1.95236
      },
      "OutputPinColourInfo":[{"PinColour":0,"PinID":406217789}],
      "InternalData":null
    },
    {
      "Name":"AND",
      "ID":919416891,
      "Label":"",
      "Position":{
        "x":-3.10078,
        "y":0.8811
      },
      "OutputPinColourInfo":[{"PinColour":0,"PinID":406217789}],
      "InternalData":null
    },
    {
      "Name":"AND",
      "ID":2012140046,
      "Label":"",
      "Position":{
        "x":-3.14363,
        "y":-0.25444
      },
      "OutputPinColourInfo":[{"PinColour":0,"PinID":406217789}],
      "InternalData":null
    },
    {
      "Name":"AND",
      "ID":488953399,
      "Label":"",
      "Position":{
        "x":-3.16505,
        "y":-1.30428
      },
      "OutputPinColourInfo":[{"PinColour":0,"PinID":406217789}],
      "InternalData":null
    },
    {
      "Name":"AND",
      "ID":1037987217,
      "Label":"",
      "Position":{
        "x":-3.25075,
        "y":-2.41839
      },
      "OutputPinColourInfo":[{"PinColour":0,"PinID":406217789}],
      "InternalData":null
    }
  ],
  "Wires":[
    {
      "SourcePinAddress":{
        "PinID":221599395,
        "PinOwnerID":1028594381
      },
      "TargetPinAddress":{
        "PinID":0,
        "PinOwnerID":550797911
      },
      "ConnectionType":0,
      "ConnectedWireIndex":-1,
      "ConnectedWireSegmentIndex":-1,
      "Points":[{"x":0.0,"y":0.0},{"x":0.0,"y":0.0}]
    },
    {
      "SourcePinAddress":{
        "PinID":1151734468,
        "PinOwnerID":1028594381
      },
      "TargetPinAddress":{
        "PinID":0,
        "PinOwnerID":1628134114
      },
      "ConnectionType":0,
      "ConnectedWireIndex":-1,
      "ConnectedWireSegmentIndex":-1,
      "Points":[{"x":0.0,"y":0.0},{"x":0.0,"y":0.0}]
    },
    {
      "SourcePinAddress":{
        "PinID":0,
        "PinOwnerID":700507251
      },
      "TargetPinAddress":{
        "PinID":1850576156,
        "PinOwnerID":1028594381
      },
      "ConnectionType":0,
      "ConnectedWireIndex":-1,
      "ConnectedWireSegmentIndex":-1,
      "Points":[{"x":0.0,"y":0.0},{"x":0.0,"y":0.0}]
    },
    {
      "SourcePinAddress":{
        "PinID":0,
        "PinOwnerID":888131064
      },
      "TargetPinAddress":{
        "PinID":1003913874,
        "PinOwnerID":1028594381
      },
      "ConnectionType":0,
      "ConnectedWireIndex":-1,
      "ConnectedWireSegmentIndex":-1,
      "Points":[{"x":0.0,"y":0.0},{"x":0.0,"y":0.0}]
    },
    {
      "SourcePinAddress":{
        "PinID":0,
        "PinOwnerID":1596090302
      },
      "TargetPinAddress":{
        "PinID":598510147,
        "PinOwnerID":1028594381
      },
      "ConnectionType":0,
      "ConnectedWireIndex":-1,
      "ConnectedWireSegmentIndex":-1,
      "Points":[{"x":0.0,"y":0.0},{"x":0.0,"y":0.0}]
    },
    {
      "SourcePinAddress":{
        "PinID":0,
        "PinOwnerID":1087332273
      },
      "TargetPinAddress":{
        "PinID":1846659394,
        "PinOwnerID":1028594381
      },
      "ConnectionType":0,
      "ConnectedWireIndex":-1,
      "ConnectedWireSegmentIndex":-1,
      "Points":[{"x":0.0,"y":0.0},{"x":0.0,"y":0.0}]
    },
    {
      "SourcePinAddress":{
        "PinID":1457863638,
        "PinOwnerID":403253517
      },
      "TargetPinAddress":{
        "PinID":389343068,
        "PinOwnerID":137645792
      },
      "ConnectionType":0,
      "ConnectedWireIndex":-1,
      "ConnectedWireSegmentIndex":-1,
      "Points":[{"x":0.0,"y":0.0},{"x":0.0,"y":0.0}]
    },
    {
      "SourcePinAddress":{
        "PinID":1457863638,
        "PinOwnerID":1653479270
      },
      "TargetPinAddress":{
        "PinID":389343068,
        "PinOwnerID":1347482142
      },
      "ConnectionType":0,
      "ConnectedWireIndex":-1,
      "ConnectedWireSegmentIndex":-1,
      "Points":[{"x":0.0,"y":0.0},{"x":0.0,"y":0.0}]
    },
    {
      "SourcePinAddress":{
        "PinID":1457863638,
        "PinOwnerID":546101782
      },
      "TargetPinAddress":{
        "PinID":389343068,
        "PinOwnerID":1746884950
      },
      "ConnectionType":0,
      "ConnectedWireIndex":-1,
      "ConnectedWireSegmentIndex":-1,
      "Points":[{"x":0.0,"y":0.0},{"x":0.0,"y":0.0}]
    },
    {
      "SourcePinAddress":{
        "PinID":1457863638,
        "PinOwnerID":1797146242
      },
      "TargetPinAddress":{
        "PinID":389343068,
        "PinOwnerID":1934060509
      },
      "ConnectionType":0,
      "ConnectedWireIndex":-1,
      "ConnectedWireSegmentIndex":-1,
      "Points":[{"x":0.0,"y":0.0},{"x":0.0,"y":0.0}]
    },
    {
      "SourcePinAddress":{
        "PinID":1457863638,
        "PinOwnerID":992349168
      },
      "TargetPinAddress":{
        "PinID":389343068,
        "PinOwnerID":1597717114
      },
      "ConnectionType":0,
      "ConnectedWireIndex":-1,
      "ConnectedWireSegmentIndex":-1,
      "Points":[{"x":0.0,"y":0.0},{"x":0.0,"y":0.0}]
    },
    {
      "SourcePinAddress":{
        "PinID":1457863638,
        "PinOwnerID":1581420246
      },
      "TargetPinAddress":{
        "PinID":389343068,
        "PinOwnerID":1202172495
      },
      "ConnectionType":0,
      "ConnectedWireIndex":-1,
      "ConnectedWireSegmentIndex":-1,
      "Points":[{"x":0.0,"y":0.0},{"x":0.0,"y":0.0}]
    },
    {
      "SourcePinAddress":{
        "PinID":1457863638,
        "PinOwnerID":222405388
      },
      "TargetPinAddress":{
        "PinID":389343068,
        "PinOwnerID":52279447
      },
      "ConnectionType":0,
      "ConnectedWireIndex":-1,
      "ConnectedWireSegmentIndex":-1,
      "Points":[{"x":0.0,"y":0.0},{"x":0.0,"y":0.0}]
    },
    {
      "SourcePinAddress":{
        "PinID":1457863638,
        "PinOwnerID":1856006899
      },
      "TargetPinAddress":{
        "PinID":389343068,
        "PinOwnerID":855511597
      },
      "ConnectionType":0,
      "ConnectedWireIndex":-1,
      "ConnectedWireSegmentIndex":-1,
      "Points":[{"x":0.0,"y":0.0},{"x":0.0,"y":0.0}]
    },
    {
      "SourcePinAddress":{
        "PinID":1457863638,
        "PinOwnerID":1585607324
      },
      "TargetPinAddress":{
        "PinID":389343068,
        "PinOwnerID":164665675
      },
      "ConnectionType":0,
      "ConnectedWireIndex":-1,
      "ConnectedWireSegmentIndex":-1,
      "Points":[{"x":0.0,"y":0.0},{"x":0.0,"y":0.0}]
    },
    {
      "SourcePinAddress":{
        "PinID":1457863638,
        "PinOwnerID":2026772889
      },
      "TargetPinAddress":{
        "PinID":389343068,
        "PinOwnerID":2002593738
      },
      "ConnectionType":0,
      "ConnectedWireIndex":-1,
      "ConnectedWireSegmentIndex":-1,
      "Points":[{"x":0.0,"y":0.0},{"x":0.0,"y":0.0}]
    },
    {
      "SourcePinAddress":{
        "PinID":1457863638,
        "PinOwnerID":288604194
      },
      "TargetPinAddress":{
        "PinID":389343068,
        "PinOwnerID":1775538961
      },
      "ConnectionType":0,
      "ConnectedWireIndex":-1,
      "ConnectedWireSegmentIndex":-1,
      "Points":[{"x":0.0,"y":0.0},{"x":0.0,"y":0.0}]
    },
    {
      "SourcePinAddress":{
        "PinID":1457863638,
        "PinOwnerID":1057173449
      },
      "TargetPinAddress":{
        "PinID":389343068,
        "PinOwnerID":1840389096
      },
      "ConnectionType":0,
      "ConnectedWireIndex":-1,
      "ConnectedWireSegmentIndex":-1,
      "Points":[{"x":0.0,"y":0.0},{"x":0.0,"y":0.0}]
    },
    {
      "SourcePinAddress":{
        "PinID":1457863638,
        "PinOwnerID":50504281
      },
      "TargetPinAddress":{
        "PinID":389343068,
        "PinOwnerID":779828621
      },
      "ConnectionType":0,
      "ConnectedWireIndex":-1,
      "ConnectedWireSegmentIndex":-1,
      "Points":[{"x":0.0,"y":0.0},{"x":0.0,"y":0.0}]
    },
    {
      "SourcePinAddress":{
        "PinID":1457863638,
        "PinOwnerID":178693201
      },
      "TargetPinAddress":{
        "PinID":389343068,
        "PinOwnerID":70696275
      },
      "ConnectionType":0,
      "ConnectedWireIndex":-1,
      "ConnectedWireSegmentIndex":-1,
      "Points":[{"x":0.0,"y":0.0},{"x":0.0,"y":0.0}]
    },
    {
      "SourcePinAddress":{
        "PinID":1457863638,
        "PinOwnerID":1801496597
      },
      "TargetPinAddress":{
        "PinID":389343068,
        "PinOwnerID":21509033
      },
      "ConnectionType":0,
      "ConnectedWireIndex":-1,
      "ConnectedWireSegmentIndex":-1,
      "Points":[{"x":0.0,"y":0.0},{"x":0.0,"y":0.0}]
    },
    {
      "SourcePinAddress":{
        "PinID":1457863638,
        "PinOwnerID":949736730
      },
      "TargetPinAddress":{
        "PinID":389343068,
        "PinOwnerID":1744544582
      },
      "ConnectionType":0,
      "ConnectedWireIndex":-1,
      "ConnectedWireSegmentIndex":-1,
      "Points":[{"x":0.0,"y":0.0},{"x":0.0,"y":0.0}]
    },
    {
      "SourcePinAddress":{
        "PinID":817989800,
        "PinOwnerID":1744544582
      },
      "TargetPinAddress":{
        "PinID":2046108047,
        "PinOwnerID":1322911633
      },
      "ConnectionType":0,
      "ConnectedWireIndex":-1,
      "ConnectedWireSegmentIndex":-1,
      "Points":[{"x":0.0,"y":0.0},{"x":0.0,"y":0.0}]
    },
    {
      "SourcePinAddress":{
        "PinID":817989800,
        "PinOwnerID":21509033
      },
      "TargetPinAddress":{
        "PinID":302456598,
        "PinOwnerID":1322911633
      },
      "ConnectionType":0,
      "ConnectedWireIndex":-1,
      "ConnectedWireSegmentIndex":-1,
      "Points":[{"x":0.0,"y":0.0},{"x":2.26812,"y":12.950989999999999},{"x":0.0,"y":0.0}]
    },
    {
      "SourcePinAddress":{
        "PinID":817989800,
        "PinOwnerID":70696275
      },
      "TargetPinAddress":{
        "PinID":2046108047,
        "PinOwnerID":473021750
      },
      "ConnectionType":0,
      "ConnectedWireIndex":-1,
      "ConnectedWireSegmentIndex":-1,
      "Points":[{"x":0.0,"y":0.0},{"x":0.0,"y":0.0}]
    },
    {
      "SourcePinAddress":{
        "PinID":817989800,
        "PinOwnerID":779828621
      },
      "TargetPinAddress":{
        "PinID":302456598,
        "PinOwnerID":473021750
      },
      "ConnectionType":0,
      "ConnectedWireIndex":-1,
      "ConnectedWireSegmentIndex":-1,
      "Points":[{"x":0.0,"y":0.0},{"x":0.0,"y":0.0}]
    },
    {
      "SourcePinAddress":{
        "PinID":817989800,
        "PinOwnerID":1840389096
      },
      "TargetPinAddress":{
        "PinID":2046108047,
        "PinOwnerID":1532166338
      },
      "ConnectionType":0,
      "ConnectedWireIndex":-1,
      "ConnectedWireSegmentIndex":-1,
      "Points":[{"x":0.0,"y":0.0},{"x":0.0,"y":0.0}]
    },
    {
      "SourcePinAddress":{
        "PinID":817989800,
        "PinOwnerID":1775538961
      },
      "TargetPinAddress":{
        "PinID":302456598,
        "PinOwnerID":1532166338
      },
      "ConnectionType":0,
      "ConnectedWireIndex":-1,
      "ConnectedWireSegmentIndex":-1,
      "Points":[{"x":0.0,"y":0.0},{"x":0.0,"y":0.0}]
    },
    {
      "SourcePinAddress":{
        "PinID":817989800,
        "PinOwnerID":2002593738
      },
      "TargetPinAddress":{
        "PinID":2046108047,
        "PinOwnerID":527721287
      },
      "ConnectionType":0,
      "ConnectedWireIndex":-1,
      "ConnectedWireSegmentIndex":-1,
      "Points":[{"x":0.0,"y":0.0},{"x":0.0,"y":0.0}]
    },
    {
      "SourcePinAddress":{
        "PinID":817989800,
        "PinOwnerID":164665675
      },
      "TargetPinAddress":{
        "PinID":302456598,
        "PinOwnerID":527721287
      },
      "ConnectionType":0,
      "ConnectedWireIndex":-1,
      "ConnectedWireSegmentIndex":-1,
      "Points":[{"x":0.0,"y":0.0},{"x":0.0,"y":0.0}]
    },
    {
      "SourcePinAddress":{
        "PinID":817989800,
        "PinOwnerID":855511597
      },
      "TargetPinAddress":{
        "PinID":2046108047,
        "PinOwnerID":1923875149
      },
      "ConnectionType":0,
      "ConnectedWireIndex":-1,
      "ConnectedWireSegmentIndex":-1,
      "Points":[{"x":0.0,"y":0.0},{"x":0.0,"y":0.0}]
    },
    {
      "SourcePinAddress":{
        "PinID":817989800,
        "PinOwnerID":52279447
      },
      "TargetPinAddress":{
        "PinID":302456598,
        "PinOwnerID":1923875149
      },
      "ConnectionType":0,
      "ConnectedWireIndex":-1,
      "ConnectedWireSegmentIndex":-1,
      "Points":[{"x":0.0,"y":0.0},{"x":0.0,"y":0.0}]
    },
    {
      "SourcePinAddress":{
        "PinID":817989800,
        "PinOwnerID":1202172495
      },
      "TargetPinAddress":{
        "PinID":2046108047,
        "PinOwnerID":1831048157
      },
      "ConnectionType":0,
      "ConnectedWireIndex":-1,
      "ConnectedWireSegmentIndex":-1,
      "Points":[{"x":0.0,"y":0.0},{"x":0.0,"y":0.0}]
    },
    {
      "SourcePinAddress":{
        "PinID":817989800,
        "PinOwnerID":1597717114
      },
      "TargetPinAddress":{
        "PinID":302456598,
        "PinOwnerID":1831048157
      },
      "ConnectionType":0,
      "ConnectedWireIndex":-1,
      "ConnectedWireSegmentIndex":-1,
      "Points":[{"x":0.0,"y":0.0},{"x":0.0,"y":0.0}]
    },
    {
      "SourcePinAddress":{
        "PinID":817989800,
        "PinOwnerID":1934060509
      },
      "TargetPinAddress":{
        "PinID":2046108047,
        "PinOwnerID":402473424
      },
      "ConnectionType":0,
      "ConnectedWireIndex":-1,
      "ConnectedWireSegmentIndex":-1,
      "Points":[{"x":0.0,"y":0.0},{"x":0.0,"y":0.0}]
    },
    {
      "SourcePinAddress":{
        "PinID":817989800,
        "PinOwnerID":1746884950
      },
      "TargetPinAddress":{
        "PinID":302456598,
        "PinOwnerID":402473424
      },
      "ConnectionType":0,
      "ConnectedWireIndex":-1,
      "ConnectedWireSegmentIndex":-1,
      "Points":[{"x":0.0,"y":0.0},{"x":0.0,"y":0.0}]
    },
    {
      "SourcePinAddress":{
        "PinID":817989800,
        "PinOwnerID":1347482142
      },
      "TargetPinAddress":{
        "PinID":2046108047,
        "PinOwnerID":624404408
      },
      "ConnectionType":0,
      "ConnectedWireIndex":-1,
      "ConnectedWireSegmentIndex":-1,
      "Points":[{"x":0.0,"y":0.0},{"x":0.0,"y":0.0}]
    },
    {
      "SourcePinAddress":{
        "PinID":817989800,
        "PinOwnerID":137645792
      },
      "TargetPinAddress":{
        "PinID":302456598,
        "PinOwnerID":624404408
      },
      "ConnectionType":0,
      "ConnectedWireIndex":-1,
      "ConnectedWireSegmentIndex":-1,
      "Points":[{"x":0.0,"y":0.0},{"x":0.0,"y":0.0}]
    },
    {
      "SourcePinAddress":{
        "PinID":510400247,
        "PinOwnerID":1322911633
      },
      "TargetPinAddress":{
        "PinID":2046108047,
        "PinOwnerID":384285881
      },
      "ConnectionType":0,
      "ConnectedWireIndex":-1,
      "ConnectedWireSegmentIndex":-1,
      "Points":[{"x":0.0,"y":0.0},{"x":0.0,"y":0.0}]
    },
    {
      "SourcePinAddress":{
        "PinID":510400247,
        "PinOwnerID":473021750
      },
      "TargetPinAddress":{
        "PinID":302456598,
        "PinOwnerID":384285881
      },
      "ConnectionType":0,
      "ConnectedWireIndex":-1,
      "ConnectedWireSegmentIndex":-1,
      "Points":[{"x":0.0,"y":0.0},{"x":0.0,"y":0.0}]
    },
    {
      "SourcePinAddress":{
        "PinID":510400247,
        "PinOwnerID":1532166338
      },
      "TargetPinAddress":{
        "PinID":2046108047,
        "PinOwnerID":1240976622
      },
      "ConnectionType":0,
      "ConnectedWireIndex":-1,
      "ConnectedWireSegmentIndex":-1,
      "Points":[{"x":0.0,"y":0.0},{"x":0.0,"y":0.0}]
    },
    {
      "SourcePinAddress":{
        "PinID":510400247,
        "PinOwnerID":527721287
      },
      "TargetPinAddress":{
        "PinID":302456598,
        "PinOwnerID":1240976622
      },
      "ConnectionType":0,
      "ConnectedWireIndex":-1,
      "ConnectedWireSegmentIndex":-1,
      "Points":[{"x":0.0,"y":0.0},{"x":0.0,"y":0.0}]
    },
    {
      "SourcePinAddress":{
        "PinID":510400247,
        "PinOwnerID":1923875149
      },
      "TargetPinAddress":{
        "PinID":2046108047,
        "PinOwnerID":980695312
      },
      "ConnectionType":0,
      "ConnectedWireIndex":-1,
      "ConnectedWireSegmentIndex":-1,
      "Points":[{"x":0.0,"y":0.0},{"x":0.0,"y":0.0}]
    },
    {
      "SourcePinAddress":{
        "PinID":510400247,
        "PinOwnerID":1831048157
      },
      "TargetPinAddress":{
        "PinID":302456598,
        "PinOwnerID":980695312
      },
      "ConnectionType":0,
      "ConnectedWireIndex":-1,
      "ConnectedWireSegmentIndex":-1,
      "Points":[{"x":0.0,"y":0.0},{"x":0.0,"y":0.0}]
    },
    {
      "SourcePinAddress":{
        "PinID":510400247,
        "PinOwnerID":402473424
      },
      "TargetPinAddress":{
        "PinID":2046108047,
        "PinOwnerID":513699833
      },
      "ConnectionType":0,
      "ConnectedWireIndex":-1,
      "ConnectedWireSegmentIndex":-1,
      "Points":[{"x":0.0,"y":0.0},{"x":0.0,"y":0.0}]
    },
    {
      "SourcePinAddress":{
        "PinID":510400247,
        "PinOwnerID":624404408
      },
      "TargetPinAddress":{
        "PinID":302456598,
        "PinOwnerID":513699833
      },
      "ConnectionType":0,
      "ConnectedWireIndex":-1,
      "ConnectedWireSegmentIndex":-1,
      "Points":[{"x":0.0,"y":0.0},{"x":0.0,"y":0.0}]
    },
    {
      "SourcePinAddress":{
        "PinID":510400247,
        "PinOwnerID":384285881
      },
      "TargetPinAddress":{
        "PinID":2046108047,
        "PinOwnerID":482269453
      },
      "ConnectionType":0,
      "ConnectedWireIndex":-1,
      "ConnectedWireSegmentIndex":-1,
      "Points":[{"x":0.0,"y":0.0},{"x":0.0,"y":0.0}]
    },
    {
      "SourcePinAddress":{
        "PinID":510400247,
        "PinOwnerID":1240976622
      },
      "TargetPinAddress":{
        "PinID":302456598,
        "PinOwnerID":482269453
      },
      "ConnectionType":0,
      "ConnectedWireIndex":-1,
      "ConnectedWireSegmentIndex":-1,
      "Points":[{"x":0.0,"y":0.0},{"x":0.0,"y":0.0}]
    },
    {
      "SourcePinAddress":{
        "PinID":510400247,
        "PinOwnerID":980695312
      },
      "TargetPinAddress":{
        "PinID":2046108047,
        "PinOwnerID":1607732114
      },
      "ConnectionType":0,
      "ConnectedWireIndex":-1,
      "ConnectedWireSegmentIndex":-1,
      "Points":[{"x":0.0,"y":0.0},{"x":0.0,"y":0.0}]
    },
    {
      "SourcePinAddress":{
        "PinID":510400247,
        "PinOwnerID":513699833
      },
      "TargetPinAddress":{
        "PinID":302456598,
        "PinOwnerID":1607732114
      },
      "ConnectionType":0,
      "ConnectedWireIndex":-1,
      "ConnectedWireSegmentIndex":-1,
      "Points":[{"x":0.0,"y":0.0},{"x":0.0,"y":0.0}]
    },
    {
      "SourcePinAddress":{
        "PinID":510400247,
        "PinOwnerID":482269453
      },
      "TargetPinAddress":{
        "PinID":2046108047,
        "PinOwnerID":1470291299
      },
      "ConnectionType":0,
      "ConnectedWireIndex":-1,
      "ConnectedWireSegmentIndex":-1,
      "Points":[{"x":0.0,"y":0.0},{"x":0.0,"y":0.0}]
    },
    {
      "SourcePinAddress":{
        "PinID":510400247,
        "PinOwnerID":1607732114
      },
      "TargetPinAddress":{
        "PinID":302456598,
        "PinOwnerID":1470291299
      },
      "ConnectionType":0,
      "ConnectedWireIndex":-1,
      "ConnectedWireSegmentIndex":-1,
      "Points":[{"x":0.0,"y":0.0},{"x":0.0,"y":0.0}]
    },
    {
      "SourcePinAddress":{
        "PinID":510400247,
        "PinOwnerID":1470291299
      },
      "TargetPinAddress":{
        "PinID":0,
        "PinOwnerID":589633701
      },
      "ConnectionType":0,
      "ConnectedWireIndex":-1,
      "ConnectedWireSegmentIndex":-1,
      "Points":[{"x":0.0,"y":0.0},{"x":0.0,"y":0.0}]
    },
    {
      "SourcePinAddress":{
        "PinID":1,
        "PinOwnerID":550797911
      },
      "TargetPinAddress":{
        "PinID":2030866645,
        "PinOwnerID":1744544582
      },
      "ConnectionType":0,
      "ConnectedWireIndex":-1,
      "ConnectedWireSegmentIndex":-1,
      "Points":[{"x":0.0,"y":0.0},{"x":-4.11765,"y":14.36246},{"x":0.0,"y":0.0}]
    },
    {
      "SourcePinAddress":{
        "PinID":2,
        "PinOwnerID":550797911
      },
      "TargetPinAddress":{
        "PinID":2030866645,
        "PinOwnerID":21509033
      },
      "ConnectionType":0,
      "ConnectedWireIndex":-1,
      "ConnectedWireSegmentIndex":-1,
      "Points":[{"x":0.0,"y":0.0},{"x":-4.3534,"y":13.25109},{"x":0.0,"y":0.0}]
    },
    {
      "SourcePinAddress":{
        "PinID":3,
        "PinOwnerID":550797911
      },
      "TargetPinAddress":{
        "PinID":2030866645,
        "PinOwnerID":70696275
      },
      "ConnectionType":0,
      "ConnectedWireIndex":-1,
      "ConnectedWireSegmentIndex":-1,
      "Points":[{"x":0.0,"y":0.0},{"x":-4.31972,"y":12.24075},{"x":0.0,"y":0.0}]
    },
    {
      "SourcePinAddress":{
        "PinID":4,
        "PinOwnerID":550797911
      },
      "TargetPinAddress":{
        "PinID":2030866645,
        "PinOwnerID":779828621
      },
      "ConnectionType":0,
      "ConnectedWireIndex":-1,
      "ConnectedWireSegmentIndex":-1,
      "Points":[{"x":0.0,"y":0.0},{"x":-4.20185,"y":11.23041},{"x":0.0,"y":0.0}]
    },
    {
      "SourcePinAddress":{
        "PinID":5,
        "PinOwnerID":550797911
      },
      "TargetPinAddress":{
        "PinID":2030866645,
        "PinOwnerID":1840389096
      },
      "ConnectionType":0,
      "ConnectedWireIndex":-1,
      "ConnectedWireSegmentIndex":-1,
      "Points":[{"x":0.0,"y":0.0},{"x":-4.60598,"y":10.00116},{"x":0.0,"y":0.0}]
    },
    {
      "SourcePinAddress":{
        "PinID":6,
        "PinOwnerID":550797911
      },
      "TargetPinAddress":{
        "PinID":2030866645,
        "PinOwnerID":1775538961
      },
      "ConnectionType":0,
      "ConnectedWireIndex":-1,
      "ConnectedWireSegmentIndex":-1,
      "Points":[{"x":0.0,"y":0.0},{"x":-4.62282,"y":8.85611},{"x":0.0,"y":0.0}]
    },
    {
      "SourcePinAddress":{
        "PinID":7,
        "PinOwnerID":550797911
      },
      "TargetPinAddress":{
        "PinID":2030866645,
        "PinOwnerID":2002593738
      },
      "ConnectionType":0,
      "ConnectedWireIndex":-1,
      "ConnectedWireSegmentIndex":-1,
      "Points":[{"x":0.0,"y":0.0},{"x":-4.9596,"y":7.76157},{"x":0.0,"y":0.0}]
    },
    {
      "SourcePinAddress":{
        "PinID":8,
        "PinOwnerID":550797911
      },
      "TargetPinAddress":{
        "PinID":2030866645,
        "PinOwnerID":164665675
      },
      "ConnectionType":0,
      "ConnectedWireIndex":-1,
      "ConnectedWireSegmentIndex":-1,
      "Points":[{"x":0.0,"y":0.0},{"x":-4.99328,"y":6.86911},{"x":0.0,"y":0.0}]
    },
    {
      "SourcePinAddress":{
        "PinID":1,
        "PinOwnerID":1628134114
      },
      "TargetPinAddress":{
        "PinID":2030866645,
        "PinOwnerID":855511597
      },
      "ConnectionType":0,
      "ConnectedWireIndex":-1,
      "ConnectedWireSegmentIndex":-1,
      "Points":[{"x":0.0,"y":0.0},{"x":-5.06182,"y":5.66644},{"x":0.0,"y":0.0}]
    },
    {
      "SourcePinAddress":{
        "PinID":2,
        "PinOwnerID":1628134114
      },
      "TargetPinAddress":{
        "PinID":2030866645,
        "PinOwnerID":52279447
      },
      "ConnectionType":0,
      "ConnectedWireIndex":-1,
      "ConnectedWireSegmentIndex":-1,
      "Points":[{"x":0.0,"y":0.0},{"x":-4.92532,"y":4.46073},{"x":0.0,"y":0.0}]
    },
    {
      "SourcePinAddress":{
        "PinID":3,
        "PinOwnerID":1628134114
      },
      "TargetPinAddress":{
        "PinID":2030866645,
        "PinOwnerID":1202172495
      },
      "ConnectionType":0,
      "ConnectedWireIndex":-1,
      "ConnectedWireSegmentIndex":-1,
      "Points":[{"x":0.0,"y":0.0},{"x":-5.01524,"y":3.24395},{"x":0.0,"y":0.0}]
    },
    {
      "SourcePinAddress":{
        "PinID":4,
        "PinOwnerID":1628134114
      },
      "TargetPinAddress":{
        "PinID":2030866645,
        "PinOwnerID":1597717114
      },
      "ConnectionType":0,
      "ConnectedWireIndex":-1,
      "ConnectedWireSegmentIndex":-1,
      "Points":[{"x":0.0,"y":0.0},{"x":-4.88676,"y":2.20256},{"x":0.0,"y":0.0}]
    },
    {
      "SourcePinAddress":{
        "PinID":5,
        "PinOwnerID":1628134114
      },
      "TargetPinAddress":{
        "PinID":2030866645,
        "PinOwnerID":1934060509
      },
      "ConnectionType":0,
      "ConnectedWireIndex":-1,
      "ConnectedWireSegmentIndex":-1,
      "Points":[{"x":0.0,"y":0.0},{"x":-5.06205,"y":1.25099},{"x":0.0,"y":0.0}]
    },
    {
      "SourcePinAddress":{
        "PinID":6,
        "PinOwnerID":1628134114
      },
      "TargetPinAddress":{
        "PinID":2030866645,
        "PinOwnerID":1746884950
      },
      "ConnectionType":0,
      "ConnectedWireIndex":-1,
      "ConnectedWireSegmentIndex":-1,
      "Points":[{"x":0.0,"y":0.0},{"x":-5.2123,"y":0.13665},{"x":0.0,"y":0.0}]
    },
    {
      "SourcePinAddress":{
        "PinID":7,
        "PinOwnerID":1628134114
      },
      "TargetPinAddress":{
        "PinID":2030866645,
        "PinOwnerID":1347482142
      },
      "ConnectionType":0,
      "ConnectedWireIndex":-1,
      "ConnectedWireSegmentIndex":-1,
      "Points":[{"x":0.0,"y":0.0},{"x":-5.38759,"y":-0.865},{"x":0.0,"y":0.0}]
    },
    {
      "SourcePinAddress":{
        "PinID":8,
        "PinOwnerID":1628134114
      },
      "TargetPinAddress":{
        "PinID":2030866645,
        "PinOwnerID":137645792
      },
      "ConnectionType":0,
      "ConnectedWireIndex":-1,
      "ConnectedWireSegmentIndex":-1,
      "Points":[{"x":0.0,"y":0.0},{"x":-5.52532,"y":-2.11707},{"x":0.0,"y":0.0}]
    },
    {
      "SourcePinAddress":{
        "PinID":406217789,
        "PinOwnerID":232247985
      },
      "TargetPinAddress":{
        "PinID":16909473,
        "PinOwnerID":949736730
      },
      "ConnectionType":0,
      "ConnectedWireIndex":-1,
      "ConnectedWireSegmentIndex":-1,
      "Points":[{"x":0.0,"y":0.0},{"x":0.0,"y":0.0}]
    },
    {
      "SourcePinAddress":{
        "PinID":406217789,
        "PinOwnerID":653186950
      },
      "TargetPinAddress":{
        "PinID":16909473,
        "PinOwnerID":1801496597
      },
      "ConnectionType":0,
      "ConnectedWireIndex":-1,
      "ConnectedWireSegmentIndex":-1,
      "Points":[{"x":0.0,"y":0.0},{"x":0.0,"y":0.0}]
    },
    {
      "SourcePinAddress":{
        "PinID":406217789,
        "PinOwnerID":2060074126
      },
      "TargetPinAddress":{
        "PinID":16909473,
        "PinOwnerID":178693201
      },
      "ConnectionType":0,
      "ConnectedWireIndex":-1,
      "ConnectedWireSegmentIndex":-1,
      "Points":[{"x":0.0,"y":0.0},{"x":0.0,"y":0.0}]
    },
    {
      "SourcePinAddress":{
        "PinID":406217789,
        "PinOwnerID":1849332049
      },
      "TargetPinAddress":{
        "PinID":16909473,
        "PinOwnerID":50504281
      },
      "ConnectionType":0,
      "ConnectedWireIndex":-1,
      "ConnectedWireSegmentIndex":-1,
      "Points":[{"x":0.0,"y":0.0},{"x":0.0,"y":0.0}]
    },
    {
      "SourcePinAddress":{
        "PinID":406217789,
        "PinOwnerID":2109248302
      },
      "TargetPinAddress":{
        "PinID":16909473,
        "PinOwnerID":1057173449
      },
      "ConnectionType":0,
      "ConnectedWireIndex":-1,
      "ConnectedWireSegmentIndex":-1,
      "Points":[{"x":0.0,"y":0.0},{"x":0.0,"y":0.0}]
    },
    {
      "SourcePinAddress":{
        "PinID":406217789,
        "PinOwnerID":832672976
      },
      "TargetPinAddress":{
        "PinID":16909473,
        "PinOwnerID":288604194
      },
      "ConnectionType":0,
      "ConnectedWireIndex":-1,
      "ConnectedWireSegmentIndex":-1,
      "Points":[{"x":0.0,"y":0.0},{"x":0.0,"y":0.0}]
    },
    {
      "SourcePinAddress":{
        "PinID":406217789,
        "PinOwnerID":832495960
      },
      "TargetPinAddress":{
        "PinID":16909473,
        "PinOwnerID":2026772889
      },
      "ConnectionType":0,
      "ConnectedWireIndex":-1,
      "ConnectedWireSegmentIndex":-1,
      "Points":[{"x":0.0,"y":0.0},{"x":0.0,"y":0.0}]
    },
    {
      "SourcePinAddress":{
        "PinID":406217789,
        "PinOwnerID":1032514007
      },
      "TargetPinAddress":{
        "PinID":16909473,
        "PinOwnerID":1585607324
      },
      "ConnectionType":0,
      "ConnectedWireIndex":-1,
      "ConnectedWireSegmentIndex":-1,
      "Points":[{"x":0.0,"y":0.0},{"x":0.0,"y":0.0}]
    },
    {
      "SourcePinAddress":{
        "PinID":406217789,
        "PinOwnerID":1981605327
      },
      "TargetPinAddress":{
        "PinID":16909473,
        "PinOwnerID":1856006899
      },
      "ConnectionType":0,
      "ConnectedWireIndex":-1,
      "ConnectedWireSegmentIndex":-1,
      "Points":[{"x":0.0,"y":0.0},{"x":0.0,"y":0.0}]
    },
    {
      "SourcePinAddress":{
        "PinID":406217789,
        "PinOwnerID":1255274354
      },
      "TargetPinAddress":{
        "PinID":16909473,
        "PinOwnerID":222405388
      },
      "ConnectionType":0,
      "ConnectedWireIndex":-1,
      "ConnectedWireSegmentIndex":-1,
      "Points":[{"x":0.0,"y":0.0},{"x":0.0,"y":0.0}]
    },
    {
      "SourcePinAddress":{
        "PinID":406217789,
        "PinOwnerID":1311500049
      },
      "TargetPinAddress":{
        "PinID":16909473,
        "PinOwnerID":1581420246
      },
      "ConnectionType":0,
      "ConnectedWireIndex":-1,
      "ConnectedWireSegmentIndex":-1,
      "Points":[{"x":0.0,"y":0.0},{"x":0.0,"y":0.0}]
    },
    {
      "SourcePinAddress":{
        "PinID":406217789,
        "PinOwnerID":549161003
      },
      "TargetPinAddress":{
        "PinID":16909473,
        "PinOwnerID":992349168
      },
      "ConnectionType":0,
      "ConnectedWireIndex":-1,
      "ConnectedWireSegmentIndex":-1,
      "Points":[{"x":0.0,"y":0.0},{"x":0.0,"y":0.0}]
    },
    {
      "SourcePinAddress":{
        "PinID":406217789,
        "PinOwnerID":919416891
      },
      "TargetPinAddress":{
        "PinID":16909473,
        "PinOwnerID":1797146242
      },
      "ConnectionType":0,
      "ConnectedWireIndex":-1,
      "ConnectedWireSegmentIndex":-1,
      "Points":[{"x":0.0,"y":0.0},{"x":0.0,"y":0.0}]
    },
    {
      "SourcePinAddress":{
        "PinID":406217789,
        "PinOwnerID":2012140046
      },
      "TargetPinAddress":{
        "PinID":16909473,
        "PinOwnerID":546101782
      },
      "ConnectionType":0,
      "ConnectedWireIndex":-1,
      "ConnectedWireSegmentIndex":-1,
      "Points":[{"x":0.0,"y":0.0},{"x":0.0,"y":0.0}]
    },
    {
      "SourcePinAddress":{
        "PinID":406217789,
        "PinOwnerID":488953399
      },
      "TargetPinAddress":{
        "PinID":16909473,
        "PinOwnerID":1653479270
      },
      "ConnectionType":0,
      "ConnectedWireIndex":-1,
      "ConnectedWireSegmentIndex":-1,
      "Points":[{"x":0.0,"y":0.0},{"x":0.0,"y":0.0}]
    },
    {
      "SourcePinAddress":{
        "PinID":406217789,
        "PinOwnerID":1037987217
      },
      "TargetPinAddress":{
        "PinID":16909473,
        "PinOwnerID":403253517
      },
      "ConnectionType":0,
      "ConnectedWireIndex":-1,
      "ConnectedWireSegmentIndex":-1,
      "Points":[{"x":0.0,"y":0.0},{"x":0.0,"y":0.0}]
    },
    {
      "SourcePinAddress":{
        "PinID":0,
        "PinOwnerID":1229379721
      },
      "TargetPinAddress":{
        "PinID":510471440,
        "PinOwnerID":403253517
      },
      "ConnectionType":0,
      "ConnectedWireIndex":-1,
      "ConnectedWireSegmentIndex":-1,
      "Points":[{"x":0.0,"y":0.0},{"x":-2.30147,"y":15.50843},{"x":-2.30147,"y":-3.16637},{"x":0.0,"y":0.0}]
    },
    {
      "SourcePinAddress":{
        "PinID":0,
        "PinOwnerID":1229379721
      },
      "TargetPinAddress":{
        "PinID":510471440,
        "PinOwnerID":1653479270
      },
      "ConnectionType":1,
      "ConnectedWireIndex":85,
      "ConnectedWireSegmentIndex":1,
      "Points":[{"x":-2.30147,"y":-1.96113},{"x":0.0,"y":0.0}]
    },
    {
      "SourcePinAddress":{
        "PinID":0,
        "PinOwnerID":1229379721
      },
      "TargetPinAddress":{
        "PinID":510471440,
        "PinOwnerID":546101782
      },
      "ConnectionType":1,
      "ConnectedWireIndex":85,
      "ConnectedWireSegmentIndex":1,
      "Points":[{"x":-2.30147,"y":-0.87569},{"x":0.0,"y":0.0}]
    },
    {
      "SourcePinAddress":{
        "PinID":0,
        "PinOwnerID":1229379721
      },
      "TargetPinAddress":{
        "PinID":510471440,
        "PinOwnerID":1797146242
      },
      "ConnectionType":1,
      "ConnectedWireIndex":85,
      "ConnectedWireSegmentIndex":1,
      "Points":[{"x":-2.30147,"y":0.18713},{"x":0.0,"y":0.0}]
    },
    {
      "SourcePinAddress":{
        "PinID":0,
        "PinOwnerID":1229379721
      },
      "TargetPinAddress":{
        "PinID":510471440,
        "PinOwnerID":992349168
      },
      "ConnectionType":1,
      "ConnectedWireIndex":85,
      "ConnectedWireSegmentIndex":1,
      "Points":[{"x":-2.30147,"y":1.29518},{"x":0.0,"y":0.0}]
    },
    {
      "SourcePinAddress":{
        "PinID":0,
        "PinOwnerID":1229379721
      },
      "TargetPinAddress":{
        "PinID":510471440,
        "PinOwnerID":1581420246
      },
      "ConnectionType":1,
      "ConnectedWireIndex":85,
      "ConnectedWireSegmentIndex":1,
      "Points":[{"x":-2.30147,"y":2.42585},{"x":0.0,"y":0.0}]
    },
    {
      "SourcePinAddress":{
        "PinID":0,
        "PinOwnerID":1229379721
      },
      "TargetPinAddress":{
        "PinID":510471440,
        "PinOwnerID":222405388
      },
      "ConnectionType":1,
      "ConnectedWireIndex":85,
      "ConnectedWireSegmentIndex":1,
      "Points":[{"x":-2.30147,"y":3.57913},{"x":0.0,"y":0.0}]
    },
    {
      "SourcePinAddress":{
        "PinID":0,
        "PinOwnerID":1229379721
      },
      "TargetPinAddress":{
        "PinID":510471440,
        "PinOwnerID":1856006899
      },
      "ConnectionType":1,
      "ConnectedWireIndex":85,
      "ConnectedWireSegmentIndex":1,
      "Points":[{"x":-2.30147,"y":4.68718},{"x":0.0,"y":0.0}]
    },
    {
      "SourcePinAddress":{
        "PinID":0,
        "PinOwnerID":1229379721
      },
      "TargetPinAddress":{
        "PinID":510471440,
        "PinOwnerID":1585607324
      },
      "ConnectionType":1,
      "ConnectedWireIndex":85,
      "ConnectedWireSegmentIndex":1,
      "Points":[{"x":-2.30147,"y":5.79523},{"x":0.0,"y":0.0}]
    },
    {
      "SourcePinAddress":{
        "PinID":0,
        "PinOwnerID":1229379721
      },
      "TargetPinAddress":{
        "PinID":510471440,
        "PinOwnerID":2026772889
      },
      "ConnectionType":1,
      "ConnectedWireIndex":85,
      "ConnectedWireSegmentIndex":1,
      "Points":[{"x":-2.30147,"y":6.85805},{"x":0.0,"y":0.0}]
    },
    {
      "SourcePinAddress":{
        "PinID":0,
        "PinOwnerID":1229379721
      },
      "TargetPinAddress":{
        "PinID":510471440,
        "PinOwnerID":288604194
      },
      "ConnectionType":1,
      "ConnectedWireIndex":85,
      "ConnectedWireSegmentIndex":1,
      "Points":[{"x":-2.30147,"y":7.94349},{"x":0.0,"y":0.0}]
    },
    {
      "SourcePinAddress":{
        "PinID":0,
        "PinOwnerID":1229379721
      },
      "TargetPinAddress":{
        "PinID":510471440,
        "PinOwnerID":1057173449
      },
      "ConnectionType":1,
      "ConnectedWireIndex":85,
      "ConnectedWireSegmentIndex":1,
      "Points":[{"x":-2.30147,"y":9.07416},{"x":0.0,"y":0.0}]
    },
    {
      "SourcePinAddress":{
        "PinID":0,
        "PinOwnerID":1229379721
      },
      "TargetPinAddress":{
        "PinID":510471440,
        "PinOwnerID":50504281
      },
      "ConnectionType":1,
      "ConnectedWireIndex":85,
      "ConnectedWireSegmentIndex":1,
      "Points":[{"x":-2.30147,"y":10.13698},{"x":0.0,"y":0.0}]
    },
    {
      "SourcePinAddress":{
        "PinID":0,
        "PinOwnerID":1229379721
      },
      "TargetPinAddress":{
        "PinID":510471440,
        "PinOwnerID":178693201
      },
      "ConnectionType":1,
      "ConnectedWireIndex":85,
      "ConnectedWireSegmentIndex":1,
      "Points":[{"x":-2.30147,"y":11.24503},{"x":0.0,"y":0.0}]
    },
    {
      "SourcePinAddress":{
        "PinID":0,
        "PinOwnerID":1229379721
      },
      "TargetPinAddress":{
        "PinID":510471440,
        "PinOwnerID":1801496597
      },
      "ConnectionType":1,
      "ConnectedWireIndex":85,
      "ConnectedWireSegmentIndex":1,
      "Points":[{"x":-2.30147,"y":12.33047},{"x":0.0,"y":0.0}]
    },
    {
      "SourcePinAddress":{
        "PinID":0,
        "PinOwnerID":1229379721
      },
      "TargetPinAddress":{
        "PinID":510471440,
        "PinOwnerID":949736730
      },
      "ConnectionType":1,
      "ConnectedWireIndex":85,
      "ConnectedWireSegmentIndex":1,
      "Points":[{"x":-2.30147,"y":13.41591},{"x":0.0,"y":0.0}]
    },
    {
      "SourcePinAddress":{
        "PinID":0,
        "PinOwnerID":1416378532
      },
      "TargetPinAddress":{
        "PinID":1351959728,
        "PinOwnerID":1037987217
      },
      "ConnectionType":0,
      "ConnectedWireIndex":-1,
      "ConnectedWireSegmentIndex":-1,
      "Points":[{"x":0.0,"y":0.0},{"x":-3.91442,"y":14.81739},{"x":-3.91442,"y":-2.65332},{"x":0.0,"y":0.0}]
    },
    {
      "SourcePinAddress":{
        "PinID":0,
        "PinOwnerID":1416378532
      },
      "TargetPinAddress":{
        "PinID":1351959728,
        "PinOwnerID":488953399
      },
      "ConnectionType":1,
      "ConnectedWireIndex":101,
      "ConnectedWireSegmentIndex":1,
      "Points":[{"x":-3.91442,"y":-1.42927},{"x":0.0,"y":0.0}]
    },
    {
      "SourcePinAddress":{
        "PinID":0,
        "PinOwnerID":1416378532
      },
      "TargetPinAddress":{
        "PinID":1351959728,
        "PinOwnerID":2012140046
      },
      "ConnectionType":1,
      "ConnectedWireIndex":101,
      "ConnectedWireSegmentIndex":1,
      "Points":[{"x":-3.91442,"y":-0.37944},{"x":0.0,"y":0.0}]
    },
    {
      "SourcePinAddress":{
        "PinID":0,
        "PinOwnerID":1416378532
      },
      "TargetPinAddress":{
        "PinID":1351959728,
        "PinOwnerID":919416891
      },
      "ConnectionType":1,
      "ConnectedWireIndex":101,
      "ConnectedWireSegmentIndex":1,
      "Points":[{"x":-3.91442,"y":0.7561},{"x":0.0,"y":0.0}]
    },
    {
      "SourcePinAddress":{
        "PinID":0,
        "PinOwnerID":1416378532
      },
      "TargetPinAddress":{
        "PinID":1351959728,
        "PinOwnerID":549161003
      },
      "ConnectionType":1,
      "ConnectedWireIndex":101,
      "ConnectedWireSegmentIndex":1,
      "Points":[{"x":-3.91442,"y":1.82736},{"x":0.0,"y":0.0}]
    },
    {
      "SourcePinAddress":{
        "PinID":0,
        "PinOwnerID":1416378532
      },
      "TargetPinAddress":{
        "PinID":1351959728,
        "PinOwnerID":1311500049
      },
      "ConnectionType":1,
      "ConnectedWireIndex":101,
      "ConnectedWireSegmentIndex":1,
      "Points":[{"x":-3.91442,"y":3.00575},{"x":0.0,"y":0.0}]
    },
    {
      "SourcePinAddress":{
        "PinID":0,
        "PinOwnerID":1416378532
      },
      "TargetPinAddress":{
        "PinID":1351959728,
        "PinOwnerID":1255274354
      },
      "ConnectionType":1,
      "ConnectedWireIndex":101,
      "ConnectedWireSegmentIndex":1,
      "Points":[{"x":-3.91442,"y":4.14129},{"x":0.0,"y":0.0}]
    },
    {
      "SourcePinAddress":{
        "PinID":0,
        "PinOwnerID":1416378532
      },
      "TargetPinAddress":{
        "PinID":1351959728,
        "PinOwnerID":1981605327
      },
      "ConnectionType":1,
      "ConnectedWireIndex":101,
      "ConnectedWireSegmentIndex":1,
      "Points":[{"x":-3.91442,"y":5.19113},{"x":0.0,"y":0.0}]
    },
    {
      "SourcePinAddress":{
        "PinID":0,
        "PinOwnerID":1416378532
      },
      "TargetPinAddress":{
        "PinID":1351959728,
        "PinOwnerID":1032514007
      },
      "ConnectionType":1,
      "ConnectedWireIndex":101,
      "ConnectedWireSegmentIndex":1,
      "Points":[{"x":-3.91442,"y":6.34809},{"x":0.0,"y":0.0}]
    },
    {
      "SourcePinAddress":{
        "PinID":0,
        "PinOwnerID":1416378532
      },
      "TargetPinAddress":{
        "PinID":1351959728,
        "PinOwnerID":832495960
      },
      "ConnectionType":1,
      "ConnectedWireIndex":101,
      "ConnectedWireSegmentIndex":1,
      "Points":[{"x":-3.91442,"y":7.3765},{"x":0.0,"y":0.0}]
    },
    {
      "SourcePinAddress":{
        "PinID":0,
        "PinOwnerID":1416378532
      },
      "TargetPinAddress":{
        "PinID":1351959728,
        "PinOwnerID":832672976
      },
      "ConnectionType":1,
      "ConnectedWireIndex":101,
      "ConnectedWireSegmentIndex":1,
      "Points":[{"x":-3.91442,"y":8.36206},{"x":0.0,"y":0.0}]
    },
    {
      "SourcePinAddress":{
        "PinID":0,
        "PinOwnerID":1416378532
      },
      "TargetPinAddress":{
        "PinID":1351959728,
        "PinOwnerID":2109248302
      },
      "ConnectionType":1,
      "ConnectedWireIndex":101,
      "ConnectedWireSegmentIndex":1,
      "Points":[{"x":-3.91442,"y":9.56187},{"x":0.0,"y":0.0}]
    },
    {
      "SourcePinAddress":{
        "PinID":0,
        "PinOwnerID":1416378532
      },
      "TargetPinAddress":{
        "PinID":1351959728,
        "PinOwnerID":1849332049
      },
      "ConnectionType":1,
      "ConnectedWireIndex":101,
      "ConnectedWireSegmentIndex":1,
      "Points":[{"x":-3.91442,"y":10.76169},{"x":0.0,"y":0.0}]
    },
    {
      "SourcePinAddress":{
        "PinID":0,
        "PinOwnerID":1416378532
      },
      "TargetPinAddress":{
        "PinID":1351959728,
        "PinOwnerID":2060074126
      },
      "ConnectionType":1,
      "ConnectedWireIndex":101,
      "ConnectedWireSegmentIndex":1,
      "Points":[{"x":-3.91442,"y":11.72582},{"x":0.0,"y":0.0}]
    },
    {
      "SourcePinAddress":{
        "PinID":0,
        "PinOwnerID":1416378532
      },
      "TargetPinAddress":{
        "PinID":1351959728,
        "PinOwnerID":653186950
      },
      "ConnectionType":1,
      "ConnectedWireIndex":101,
      "ConnectedWireSegmentIndex":1,
      "Points":[{"x":-3.91442,"y":12.73281},{"x":0.0,"y":0.0}]
    },
    {
      "SourcePinAddress":{
        "PinID":0,
        "PinOwnerID":1416378532
      },
      "TargetPinAddress":{
        "PinID":1351959728,
        "PinOwnerID":232247985
      },
      "ConnectionType":1,
      "ConnectedWireIndex":101,
      "ConnectedWireSegmentIndex":1,
      "Points":[{"x":-3.91442,"y":13.9112},{"x":0.0,"y":0.0}]
    },
    {
      "SourcePinAddress":{
        "PinID":1,
        "PinOwnerID":550797911
      },
      "TargetPinAddress":{
        "PinID":1792892232,
        "PinOwnerID":232247985
      },
      "ConnectionType":1,
      "ConnectedWireIndex":53,
      "ConnectedWireSegmentIndex":1,
      "Points":[{"x":-3.49984,"y":14.34691},{"x":0.0,"y":0.0}]
    },
    {
      "SourcePinAddress":{
        "PinID":2,
        "PinOwnerID":550797911
      },
      "TargetPinAddress":{
        "PinID":1792892232,
        "PinOwnerID":653186950
      },
      "ConnectionType":1,
      "ConnectedWireIndex":54,
      "ConnectedWireSegmentIndex":1,
      "Points":[{"x":-3.46288,"y":13.23871},{"x":0.0,"y":0.0}]
    },
    {
      "SourcePinAddress":{
        "PinID":3,
        "PinOwnerID":550797911
      },
      "TargetPinAddress":{
        "PinID":1792892232,
        "PinOwnerID":2060074126
      },
      "ConnectionType":1,
      "ConnectedWireIndex":55,
      "ConnectedWireSegmentIndex":1,
      "Points":[{"x":-3.35964,"y":12.21483},{"x":0.0,"y":0.0}]
    },
    {
      "SourcePinAddress":{
        "PinID":4,
        "PinOwnerID":550797911
      },
      "TargetPinAddress":{
        "PinID":1792892232,
        "PinOwnerID":1849332049
      },
      "ConnectionType":1,
      "ConnectedWireIndex":56,
      "ConnectedWireSegmentIndex":1,
      "Points":[{"x":-3.50077,"y":11.20865},{"x":0.0,"y":0.0}]
    },
    {
      "SourcePinAddress":{
        "PinID":5,
        "PinOwnerID":550797911
      },
      "TargetPinAddress":{
        "PinID":1792892232,
        "PinOwnerID":2109248302
      },
      "ConnectionType":1,
      "ConnectedWireIndex":57,
      "ConnectedWireSegmentIndex":1,
      "Points":[{"x":-3.6314,"y":9.99824},{"x":0.0,"y":0.0}]
    },
    {
      "SourcePinAddress":{
        "PinID":6,
        "PinOwnerID":550797911
      },
      "TargetPinAddress":{
        "PinID":1792892232,
        "PinOwnerID":832672976
      },
      "ConnectionType":1,
      "ConnectedWireIndex":58,
      "ConnectedWireSegmentIndex":1,
      "Points":[{"x":-3.68671,"y":8.83427},{"x":0.0,"y":0.0}]
    },
    {
      "SourcePinAddress":{
        "PinID":7,
        "PinOwnerID":550797911
      },
      "TargetPinAddress":{
        "PinID":1792892232,
        "PinOwnerID":832495960
      },
      "ConnectionType":1,
      "ConnectedWireIndex":59,
      "ConnectedWireSegmentIndex":1,
      "Points":[{"x":-3.7075,"y":7.75276},{"x":0.0,"y":0.0}]
    },
    {
      "SourcePinAddress":{
        "PinID":8,
        "PinOwnerID":550797911
      },
      "TargetPinAddress":{
        "PinID":1792892232,
        "PinOwnerID":1032514007
      },
      "ConnectionType":1,
      "ConnectedWireIndex":60,
      "ConnectedWireSegmentIndex":1,
      "Points":[{"x":-3.59412,"y":6.83331},{"x":0.0,"y":0.0}]
    },
    {
      "SourcePinAddress":{
        "PinID":1,
        "PinOwnerID":1628134114
      },
      "TargetPinAddress":{
        "PinID":1792892232,
        "PinOwnerID":1981605327
      },
      "ConnectionType":1,
      "ConnectedWireIndex":61,
      "ConnectedWireSegmentIndex":1,
      "Points":[{"x":-3.61482,"y":5.65266},{"x":0.0,"y":0.0}]
    },
    {
      "SourcePinAddress":{
        "PinID":2,
        "PinOwnerID":1628134114
      },
      "TargetPinAddress":{
        "PinID":1792892232,
        "PinOwnerID":1255274354
      },
      "ConnectionType":1,
      "ConnectedWireIndex":62,
      "ConnectedWireSegmentIndex":1,
      "Points":[{"x":-3.65625,"y":4.44748},{"x":0.0,"y":0.0}]
    },
    {
      "SourcePinAddress":{
        "PinID":3,
        "PinOwnerID":1628134114
      },
      "TargetPinAddress":{
        "PinID":1792892232,
        "PinOwnerID":1311500049
      },
      "ConnectionType":1,
      "ConnectedWireIndex":63,
      "ConnectedWireSegmentIndex":1,
      "Points":[{"x":-3.61554,"y":3.26776},{"x":0.0,"y":0.0}]
    },
    {
      "SourcePinAddress":{
        "PinID":4,
        "PinOwnerID":1628134114
      },
      "TargetPinAddress":{
        "PinID":1792892232,
        "PinOwnerID":549161003
      },
      "ConnectionType":1,
      "ConnectedWireIndex":64,
      "ConnectedWireSegmentIndex":1,
      "Points":[{"x":-3.73889,"y":2.18379},{"x":0.0,"y":0.0}]
    },
    {
      "SourcePinAddress":{
        "PinID":5,
        "PinOwnerID":1628134114
      },
      "TargetPinAddress":{
        "PinID":1792892232,
        "PinOwnerID":919416891
      },
      "ConnectionType":1,
      "ConnectedWireIndex":65,
      "ConnectedWireSegmentIndex":1,
      "Points":[{"x":-3.63049,"y":1.22147},{"x":0.0,"y":0.0}]
    },
    {
      "SourcePinAddress":{
        "PinID":6,
        "PinOwnerID":1628134114
      },
      "TargetPinAddress":{
        "PinID":1792892232,
        "PinOwnerID":2012140046
      },
      "ConnectionType":1,
      "ConnectedWireIndex":66,
      "ConnectedWireSegmentIndex":1,
      "Points":[{"x":-3.68985,"y":0.08871},{"x":0.0,"y":0.0}]
    },
    {
      "SourcePinAddress":{
        "PinID":7,
        "PinOwnerID":1628134114
      },
      "TargetPinAddress":{
        "PinID":1792892232,
        "PinOwnerID":488953399
      },
      "ConnectionType":1,
      "ConnectedWireIndex":67,
      "ConnectedWireSegmentIndex":1,
      "Points":[{"x":-3.64947,"y":-0.96217},{"x":0.0,"y":0.0}]
    },
    {
      "SourcePinAddress":{
        "PinID":8,
        "PinOwnerID":1628134114
      },
      "TargetPinAddress":{
        "PinID":1792892232,
        "PinOwnerID":1037987217
      },
      "ConnectionType":1,
      "ConnectedWireIndex":68,
      "ConnectedWireSegmentIndex":1,
      "Points":[{"x":-3.73563,"y":-2.15173},{"x":0.0,"y":0.0}]
    },
    {
      "SourcePinAddress":{
        "PinID":0,
        "PinOwnerID":1585922942
      },
      "TargetPinAddress":{
        "PinID":1196331531,
        "PinOwnerID":1028594381
      },
      "ConnectionType":0,
      "ConnectedWireIndex":-1,
      "ConnectedWireSegmentIndex":-1,
      "Points":[{"x":0.0,"y":0.0},{"x":0.0,"y":0.0}]
    },
    {
      "SourcePinAddress":{
        "PinID":1457863638,
        "PinOwnerID":403253517
      },
      "TargetPinAddress":{
        "PinID":0,
        "PinOwnerID":1452432931
      },
      "ConnectionType":0,
      "ConnectedWireIndex":-1,
      "ConnectedWireSegmentIndex":-1,
      "Points":[{"x":0.0,"y":0.0},{"x":0.0,"y":0.0}]
    },
    {
      "SourcePinAddress":{
        "PinID":1457863638,
        "PinOwnerID":1653479270
      },
      "TargetPinAddress":{
        "PinID":0,
        "PinOwnerID":155409287
      },
      "ConnectionType":0,
      "ConnectedWireIndex":-1,
      "ConnectedWireSegmentIndex":-1,
      "Points":[{"x":0.0,"y":0.0},{"x":0.0,"y":0.0}]
    },
    {
      "SourcePinAddress":{
        "PinID":1457863638,
        "PinOwnerID":546101782
      },
      "TargetPinAddress":{
        "PinID":0,
        "PinOwnerID":107668508
      },
      "ConnectionType":0,
      "ConnectedWireIndex":-1,
      "ConnectedWireSegmentIndex":-1,
      "Points":[{"x":0.0,"y":0.0},{"x":0.0,"y":0.0}]
    },
    {
      "SourcePinAddress":{
        "PinID":1457863638,
        "PinOwnerID":1797146242
      },
      "TargetPinAddress":{
        "PinID":0,
        "PinOwnerID":1297918255
      },
      "ConnectionType":0,
      "ConnectedWireIndex":-1,
      "ConnectedWireSegmentIndex":-1,
      "Points":[{"x":0.0,"y":0.0},{"x":0.0,"y":0.0}]
    },
    {
      "SourcePinAddress":{
        "PinID":1457863638,
        "PinOwnerID":992349168
      },
      "TargetPinAddress":{
        "PinID":0,
        "PinOwnerID":450835224
      },
      "ConnectionType":0,
      "ConnectedWireIndex":-1,
      "ConnectedWireSegmentIndex":-1,
      "Points":[{"x":0.0,"y":0.0},{"x":0.0,"y":0.0}]
    },
    {
      "SourcePinAddress":{
        "PinID":1457863638,
        "PinOwnerID":1581420246
      },
      "TargetPinAddress":{
        "PinID":0,
        "PinOwnerID":1628124670
      },
      "ConnectionType":0,
      "ConnectedWireIndex":-1,
      "ConnectedWireSegmentIndex":-1,
      "Points":[{"x":0.0,"y":0.0},{"x":0.0,"y":0.0}]
    },
    {
      "SourcePinAddress":{
        "PinID":1457863638,
        "PinOwnerID":222405388
      },
      "TargetPinAddress":{
        "PinID":0,
        "PinOwnerID":1901504532
      },
      "ConnectionType":0,
      "ConnectedWireIndex":-1,
      "ConnectedWireSegmentIndex":-1,
      "Points":[{"x":0.0,"y":0.0},{"x":0.0,"y":0.0}]
    },
    {
      "SourcePinAddress":{
        "PinID":1457863638,
        "PinOwnerID":1856006899
      },
      "TargetPinAddress":{
        "PinID":0,
        "PinOwnerID":1541552821
      },
      "ConnectionType":0,
      "ConnectedWireIndex":-1,
      "ConnectedWireSegmentIndex":-1,
      "Points":[{"x":0.0,"y":0.0},{"x":0.0,"y":0.0}]
    }
  ],
  "Displays": null
}