{
  "DLSVersion": "2.1.6",
  "Name": "SCOPE",
  "NameLocation": 0,
  "ChipType": 0,
  "Size": {
    "x": 0.875,
    "y": 0.5
  },
  "Colour": {
    "r": 0.259113073,
    "g": 0.0324853361,
    "b": 0.0141836517,
    "a": 1
  },
  "InputPins":[
    {
      "Name":"IN",
      "ID":1659410852,
      "Position":{
        "x":-9.6321,
        "y":-2.30319
      },
      "BitCount":8,
      "Colour":0,
      "ValueDisplayMode":0
    }
  ],
  "OutputPins":[
    {
      "Name":"OUT",
      "ID":1666494596,
      "Position":{
        "x":5.30643,
        "y":-1.75797
      },
      "BitCount":8,
      "Colour":0,
      "ValueDisplayMode":0
    }
  ],
  "SubChips":[
    {
      "Name":"8-1BIT",
      "ID":559091650,
      "Label":"",
      "Position":{
        "x":-6.73838,
        "y":-2.28865
      },
      "OutputPinColourInfo":[{"PinColour":0,"PinID":1},{"PinColour":0,"PinID":2},{"PinColour":0,"PinID":3},{"PinColour":0,"PinID":4},{"PinColour":0,"PinID":5},{"PinColour":0,"PinID":6},{"PinColour":0,"PinID":7},{"PinColour":0,"PinID":8}],
      "InternalData":null
    },
    {
      "Name":"OR",
      "ID":900027131,
      "Label":"",
      "Position":{
        "x":-4.73278,
        "y":-1.71542
      },
      "OutputPinColourInfo":[{"PinColour":0,"PinID":1460349536}],
      "InternalData":null
    },
    {
      "Name":"1-8BIT",
      "ID":830551886,
      "Label":"",
      "Position":{
        "x":3.15035,
        "y":-1.7997
      },
      "OutputPinColourInfo":[{"PinColour":0,"PinID":8}],
      "InternalData":null
    },
    {
      "Name":"OR",
      "ID":1194752183,
      "Label":"",
      "Position":{
        "x":-3.5991,
        "y":-2.20228
      },
      "OutputPinColourInfo":[{"PinColour":0,"PinID":1460349536}],
      "InternalData":null
    },
    {
      "Name":"OR",
      "ID":1703399555,
      "Label":"",
      "Position":{
        "x":-2.68103,
        "y":-2.62654
      },
      "OutputPinColourInfo":[{"PinColour":0,"PinID":1460349536}],
      "InternalData":null
    },
    {
      "Name":"OR",
      "ID":1249910094,
      "Label":"",
      "Position":{
        "x":-1.71428,
        "y":-3.16903
      },
      "OutputPinColourInfo":[{"PinColour":0,"PinID":1460349536}],
      "InternalData":null
    },
    {
      "Name":"OR",
      "ID":1863492955,
      "Label":"",
      "Position":{
        "x":-0.81546,
        "y":-3.54909
      },
      "OutputPinColourInfo":[{"PinColour":0,"PinID":1460349536}],
      "InternalData":null
    },
    {
      "Name":"OR",
      "ID":1311842990,
      "Label":"",
      "Position":{
        "x":0.01598,
        "y":-4.00883
      },
      "OutputPinColourInfo":[{"PinColour":0,"PinID":1460349536}],
      "InternalData":null
    },
    {
      "Name":"OR",
      "ID":84191523,
      "Label":"",
      "Position":{
        "x":1.03327,
        "y":-4.47835
      },
      "OutputPinColourInfo":[{"PinColour":0,"PinID":1460349536}],
      "InternalData":null
    }
  ],
  "Wires":[
    {
      "SourcePinAddress":{
        "PinID":0,
        "PinOwnerID":1659410852
      },
      "TargetPinAddress":{
        "PinID":0,
        "PinOwnerID":559091650
      },
      "ConnectionType":0,
      "ConnectedWireIndex":-1,
      "ConnectedWireSegmentIndex":-1,
      "Points":[{"x":0.0,"y":0.0},{"x":0.0,"y":0.0}]
    },
    {
      "SourcePinAddress":{
        "PinID":8,
        "PinOwnerID":830551886
      },
      "TargetPinAddress":{
        "PinID":0,
        "PinOwnerID":1666494596
      },
      "ConnectionType":0,
      "ConnectedWireIndex":-1,
      "ConnectedWireSegmentIndex":-1,
      "Points":[{"x":0.0,"y":0.0},{"x":0.0,"y":0.0}]
    },
    {
      "SourcePinAddress":{
        "PinID":1,
        "PinOwnerID":559091650
      },
      "TargetPinAddress":{
        "PinID":0,
        "PinOwnerID":830551886
      },
      "ConnectionType":0,
      "ConnectedWireIndex":-1,
      "ConnectedWireSegmentIndex":-1,
      "Points":[{"x":0.0,"y":0.0},{"x":0.0,"y":0.0}]
    },
    {
      "SourcePinAddress":{
        "PinID":2,
        "PinOwnerID":559091650
      },
      "TargetPinAddress":{
        "PinID":657869569,
        "PinOwnerID":900027131
      },
      "ConnectionType":0,
      "ConnectedWireIndex":-1,
      "ConnectedWireSegmentIndex":-1,
      "Points":[{"x":0.0,"y":0.0},{"x":0.0,"y":0.0}]
    },
    {
      "SourcePinAddress":{
        "PinID":1460349536,
        "PinOwnerID":900027131
      },
      "TargetPinAddress":{
        "PinID":1,
        "PinOwnerID":830551886
      },
      "ConnectionType":0,
      "ConnectedWireIndex":-1,
      "ConnectedWireSegmentIndex":-1,
      "Points":[{"x":0.0,"y":0.0},{"x":0.0,"y":0.0}]
    },
    {
      "SourcePinAddress":{
        "PinID":1,
        "PinOwnerID":559091650
      },
      "TargetPinAddress":{
        "PinID":1595053635,
        "PinOwnerID":900027131
      },
      "ConnectionType":1,
      "ConnectedWireIndex":2,
      "ConnectedWireSegmentIndex":0,
      "Points":[{"x":-5.38846,"y":-1.37018},{"x":0.0,"y":0.0}]
    },
    {
      "SourcePinAddress":{
        "PinID":1460349536,
        "PinOwnerID":900027131
      },
      "TargetPinAddress":{
        "PinID":1595053635,
        "PinOwnerID":1194752183
      },
      "ConnectionType":1,
      "ConnectedWireIndex":4,
      "ConnectedWireSegmentIndex":0,
      "Points":[{"x":-4.26785,"y":-1.69693},{"x":0.0,"y":0.0}]
    },
    {
      "SourcePinAddress":{
        "PinID":3,
        "PinOwnerID":559091650
      },
      "TargetPinAddress":{
        "PinID":657869569,
        "PinOwnerID":1194752183
      },
      "ConnectionType":0,
      "ConnectedWireIndex":-1,
      "ConnectedWireSegmentIndex":-1,
      "Points":[{"x":0.0,"y":0.0},{"x":0.0,"y":0.0}]
    },
    {
      "SourcePinAddress":{
        "PinID":1460349536,
        "PinOwnerID":1194752183
      },
      "TargetPinAddress":{
        "PinID":2,
        "PinOwnerID":830551886
      },
      "ConnectionType":0,
      "ConnectedWireIndex":-1,
      "ConnectedWireSegmentIndex":-1,
      "Points":[{"x":0.0,"y":0.0},{"x":0.0,"y":0.0}]
    },
    {
      "SourcePinAddress":{
        "PinID":1460349536,
        "PinOwnerID":1194752183
      },
      "TargetPinAddress":{
        "PinID":1595053635,
        "PinOwnerID":1703399555
      },
      "ConnectionType":1,
      "ConnectedWireIndex":8,
      "ConnectedWireSegmentIndex":0,
      "Points":[{"x":-3.17127,"y":-2.17547},{"x":0.0,"y":0.0}]
    },
    {
      "SourcePinAddress":{
        "PinID":1460349536,
        "PinOwnerID":1703399555
      },
      "TargetPinAddress":{
        "PinID":3,
        "PinOwnerID":830551886
      },
      "ConnectionType":0,
      "ConnectedWireIndex":-1,
      "ConnectedWireSegmentIndex":-1,
      "Points":[{"x":0.0,"y":0.0},{"x":0.0,"y":0.0}]
    },
    {
      "SourcePinAddress":{
        "PinID":4,
        "PinOwnerID":559091650
      },
      "TargetPinAddress":{
        "PinID":657869569,
        "PinOwnerID":1703399555
      },
      "ConnectionType":0,
      "ConnectedWireIndex":-1,
      "ConnectedWireSegmentIndex":-1,
      "Points":[{"x":0.0,"y":0.0},{"x":0.0,"y":0.0}]
    },
    {
      "SourcePinAddress":{
        "PinID":1460349536,
        "PinOwnerID":1703399555
      },
      "TargetPinAddress":{
        "PinID":1595053635,
        "PinOwnerID":1249910094
      },
      "ConnectionType":1,
      "ConnectedWireIndex":10,
      "ConnectedWireSegmentIndex":0,
      "Points":[{"x":-2.27411,"y":-2.59168},{"x":0.0,"y":0.0}]
    },
    {
      "SourcePinAddress":{
        "PinID":5,
        "PinOwnerID":559091650
      },
      "TargetPinAddress":{
        "PinID":657869569,
        "PinOwnerID":1249910094
      },
      "ConnectionType":0,
      "ConnectedWireIndex":-1,
      "ConnectedWireSegmentIndex":-1,
      "Points":[{"x":0.0,"y":0.0},{"x":0.0,"y":0.0}]
    },
    {
      "SourcePinAddress":{
        "PinID":1460349536,
        "PinOwnerID":1249910094
      },
      "TargetPinAddress":{
        "PinID":4,
        "PinOwnerID":830551886
      },
      "ConnectionType":0,
      "ConnectedWireIndex":-1,
      "ConnectedWireSegmentIndex":-1,
      "Points":[{"x":0.0,"y":0.0},{"x":0.0,"y":0.0}]
    },
    {
      "SourcePinAddress":{
        "PinID":1460349536,
        "PinOwnerID":1249910094
      },
      "TargetPinAddress":{
        "PinID":1595053635,
        "PinOwnerID":1863492955
      },
      "ConnectionType":1,
      "ConnectedWireIndex":14,
      "ConnectedWireSegmentIndex":0,
      "Points":[{"x":-1.28351,"y":-3.10535},{"x":0.0,"y":0.0}]
    },
    {
      "SourcePinAddress":{
        "PinID":6,
        "PinOwnerID":559091650
      },
      "TargetPinAddress":{
        "PinID":657869569,
        "PinOwnerID":1863492955
      },
      "ConnectionType":0,
      "ConnectedWireIndex":-1,
      "ConnectedWireSegmentIndex":-1,
      "Points":[{"x":0.0,"y":0.0},{"x":0.0,"y":0.0}]
    },
    {
      "SourcePinAddress":{
        "PinID":1460349536,
        "PinOwnerID":1863492955
      },
      "TargetPinAddress":{
        "PinID":5,
        "PinOwnerID":830551886
      },
      "ConnectionType":0,
      "ConnectedWireIndex":-1,
      "ConnectedWireSegmentIndex":-1,
      "Points":[{"x":0.0,"y":0.0},{"x":0.0,"y":0.0}]
    },
    {
      "SourcePinAddress":{
        "PinID":1460349536,
        "PinOwnerID":1863492955
      },
      "TargetPinAddress":{
        "PinID":1595053635,
        "PinOwnerID":1311842990
      },
      "ConnectionType":1,
      "ConnectedWireIndex":17,
      "ConnectedWireSegmentIndex":0,
      "Points":[{"x":-0.39176,"y":-3.46188},{"x":0.0,"y":0.0}]
    },
    {
      "SourcePinAddress":{
        "PinID":7,
        "PinOwnerID":559091650
      },
      "TargetPinAddress":{
        "PinID":657869569,
        "PinOwnerID":1311842990
      },
      "ConnectionType":0,
      "ConnectedWireIndex":-1,
      "ConnectedWireSegmentIndex":-1,
      "Points":[{"x":0.0,"y":0.0},{"x":0.0,"y":0.0}]
    },
    {
      "SourcePinAddress":{
        "PinID":1460349536,
        "PinOwnerID":1311842990
      },
      "TargetPinAddress":{
        "PinID":6,
        "PinOwnerID":830551886
      },
      "ConnectionType":0,
      "ConnectedWireIndex":-1,
      "ConnectedWireSegmentIndex":-1,
      "Points":[{"x":0.0,"y":0.0},{"x":0.0,"y":0.0}]
    },
    {
      "SourcePinAddress":{
        "PinID":1460349536,
        "PinOwnerID":1311842990
      },
      "TargetPinAddress":{
        "PinID":1595053635,
        "PinOwnerID":84191523
      },
      "ConnectionType":1,
      "ConnectedWireIndex":20,
      "ConnectedWireSegmentIndex":0,
      "Points":[{"x":0.41005,"y":-3.89265},{"x":0.0,"y":0.0}]
    },
    {
      "SourcePinAddress":{
        "PinID":8,
        "PinOwnerID":559091650
      },
      "TargetPinAddress":{
        "PinID":657869569,
        "PinOwnerID":84191523
      },
      "ConnectionType":0,
      "ConnectedWireIndex":-1,
      "ConnectedWireSegmentIndex":-1,
      "Points":[{"x":0.0,"y":0.0},{"x":0.0,"y":0.0}]
    },
    {
      "SourcePinAddress":{
        "PinID":1460349536,
        "PinOwnerID":84191523
      },
      "TargetPinAddress":{
        "PinID":7,
        "PinOwnerID":830551886
      },
      "ConnectionType":0,
      "ConnectedWireIndex":-1,
      "ConnectedWireSegmentIndex":-1,
      "Points":[{"x":0.0,"y":0.0},{"x":0.0,"y":0.0}]
    }
  ],
  "Displays": null
}