{
  "DLSVersion": "2.1.6",
  "Name": "SELECT-2",
  "NameLocation": 0,
  "ChipType": 0,
  "Size": {
    "x": 1.325,
    "y": 0.75
  },
  "Colour": {
    "r": 0.1502292,
    "g": 0.3700972,
    "b": 0.407393217,
    "a": 1
  },
  "InputPins":[
    {
      "Name":"Choose",
      "ID":950059019,
      "Position":{
        "x":-5.059,
        "y":0.93679
      },
      "BitCount":1,
      "Colour":0,
      "ValueDisplayMode":0
    },
    {
      "Name":"IN-0",
      "ID":1759055145,
      "Position":{
        "x":-5.18005,
        "y":0.07081
      },
      "BitCount":1,
      "Colour":0,
      "ValueDisplayMode":0
    },
    {
      "Name":"IN-1",
      "ID":1646085438,
      "Position":{
        "x":-5.22661,
        "y":-0.93485
      },
      "BitCount":1,
      "Colour":0,
      "ValueDisplayMode":0
    }
  ],
  "OutputPins":[
    {
      "Name":"OUT",
      "ID":1891561407,
      "Position":{
        "x":2.78141,
        "y":-0.37615
      },
      "BitCount":1,
      "Colour":0,
      "ValueDisplayMode":0
    }
  ],
  "SubChips":[
    {
      "Name":"NAND",
      "ID":130145046,
      "Label":"",
      "Position":{
        "x":0.25796,
        "y":-0.34821
      },
      "OutputPinColourInfo":[{"PinColour":0,"PinID":2}],
      "InternalData":null
    },
    {
      "Name":"NAND",
      "ID":41215332,
      "Label":"",
      "Position":{
        "x":-1.17604,
        "y":0.1453
      },
      "OutputPinColourInfo":[{"PinColour":0,"PinID":2}],
      "InternalData":null
    },
    {
      "Name":"NAND",
      "ID":1350152275,
      "Label":"",
      "Position":{
        "x":-1.51126,
        "y":-0.76724
      },
      "OutputPinColourInfo":[{"PinColour":0,"PinID":2}],
      "InternalData":null
    },
    {
      "Name":"NAND",
      "ID":1066733563,
      "Label":"",
      "Position":{
        "x":-2.80558,
        "y":0.51777
      },
      "OutputPinColourInfo":[{"PinColour":0,"PinID":2}],
      "InternalData":null
    }
  ],
  "Wires":[
    {
      "SourcePinAddress":{
        "PinID":2,
        "PinOwnerID":1350152275
      },
      "TargetPinAddress":{
        "PinID":1,
        "PinOwnerID":130145046
      },
      "ConnectionType":0,
      "ConnectedWireIndex":-1,
      "ConnectedWireSegmentIndex":-1,
      "Points":[{"x":0.0,"y":0.0},{"x":0.0,"y":0.0}]
    },
    {
      "SourcePinAddress":{
        "PinID":2,
        "PinOwnerID":41215332
      },
      "TargetPinAddress":{
        "PinID":0,
        "PinOwnerID":130145046
      },
      "ConnectionType":0,
      "ConnectedWireIndex":-1,
      "ConnectedWireSegmentIndex":-1,
      "Points":[{"x":0.0,"y":0.0},{"x":0.0,"y":0.0}]
    },
    {
      "SourcePinAddress":{
        "PinID":0,
        "PinOwnerID":950059019
      },
      "TargetPinAddress":{
        "PinID":0,
        "PinOwnerID":1350152275
      },
      "ConnectionType":0,
      "ConnectedWireIndex":-1,
      "ConnectedWireSegmentIndex":-1,
      "Points":[{"x":0.0,"y":0.0},{"x":-3.70618,"y":0.64486},{"x":-3.70618,"y":-0.59963},{"x":0.0,"y":0.0}]
    },
    {
      "SourcePinAddress":{
        "PinID":0,
        "PinOwnerID":1759055145
      },
      "TargetPinAddress":{
        "PinID":1,
        "PinOwnerID":41215332
      },
      "ConnectionType":0,
      "ConnectedWireIndex":-1,
      "ConnectedWireSegmentIndex":-1,
      "Points":[{"x":0.0,"y":0.0},{"x":0.0,"y":0.0}]
    },
    {
      "SourcePinAddress":{
        "PinID":0,
        "PinOwnerID":1646085438
      },
      "TargetPinAddress":{
        "PinID":1,
        "PinOwnerID":1350152275
      },
      "ConnectionType":0,
      "ConnectedWireIndex":-1,
      "ConnectedWireSegmentIndex":-1,
      "Points":[{"x":0.0,"y":0.0},{"x":0.0,"y":0.0}]
    },
    {
      "SourcePinAddress":{
        "PinID":2,
        "PinOwnerID":130145046
      },
      "TargetPinAddress":{
        "PinID":0,
        "PinOwnerID":1891561407
      },
      "ConnectionType":0,
      "ConnectedWireIndex":-1,
      "ConnectedWireSegmentIndex":-1,
      "Points":[{"x":0.0,"y":0.0},{"x":0.0,"y":0.0}]
    },
    {
      "SourcePinAddress":{
        "PinID":0,
        "PinOwnerID":950059019
      },
      "TargetPinAddress":{
        "PinID":0,
        "PinOwnerID":1066733563
      },
      "ConnectionType":0,
      "ConnectedWireIndex":-1,
      "ConnectedWireSegmentIndex":-1,
      "Points":[{"x":0.0,"y":0.0},{"x":-3.69864,"y":0.64121},{"x":0.0,"y":0.0}]
    },
    {
      "SourcePinAddress":{
        "PinID":0,
        "PinOwnerID":950059019
      },
      "TargetPinAddress":{
        "PinID":1,
        "PinOwnerID":1066733563
      },
      "ConnectionType":0,
      "ConnectedWireIndex":-1,
      "ConnectedWireSegmentIndex":-1,
      "Points":[{"x":0.0,"y":0.0},{"x":-3.68355,"y":0.6339},{"x":0.0,"y":0.0}]
    },
    {
      "SourcePinAddress":{
        "PinID":2,
        "PinOwnerID":1066733563
      },
      "TargetPinAddress":{
        "PinID":0,
        "PinOwnerID":41215332
      },
      "ConnectionType":0,
      "ConnectedWireIndex":-1,
      "ConnectedWireSegmentIndex":-1,
      "Points":[{"x":0.0,"y":0.0},{"x":0.0,"y":0.0}]
    }
  ],
  "Displays": null
}