{
  "DLSVersion": "2.1.6",
  "Name": "SELECT-4",
  "NameLocation": 0,
  "ChipType": 0,
  "Size": {
    "x": 1.325,
    "y": 1.5
  },
  "Colour": {
    "r": 0.785926759,
    "g": 0.429868668,
    "b": 0.443904847,
    "a": 1
  },
  "InputPins":[
    {
      "Name":"x_",
      "ID":1558861748,
      "Position":{
        "x":-5.6092,
        "y":1.56514
      },
      "BitCount":1,
      "Colour":0,
      "ValueDisplayMode":0
    },
    {
      "Name":"_x",
      "ID":1470208277,
      "Position":{
        "x":-5.6092,
        "y":0.73551
      },
      "BitCount":1,
      "Colour":0,
      "ValueDisplayMode":0
    },
    {
      "Name":"IN-00",
      "ID":742568768,
      "Position":{
        "x":-5.61971,
        "y":-0.18864
      },
      "BitCount":1,
      "Colour":0,
      "ValueDisplayMode":0
    },
    {
      "Name":"IN-01",
      "ID":2139724878,
      "Position":{
        "x":-5.65121,
        "y":-0.97626
      },
      "BitCount":1,
      "Colour":0,
      "ValueDisplayMode":0
    },
    {
      "Name":"IN-10",
      "ID":1203430114,
      "Position":{
        "x":-5.67221,
        "y":-1.87941
      },
      "BitCount":1,
      "Colour":0,
      "ValueDisplayMode":0
    },
    {
      "Name":"IN-11",
      "ID":1620572655,
      "Position":{
        "x":-5.5882,
        "y":-2.73004
      },
      "BitCount":1,
      "Colour":0,
      "ValueDisplayMode":0
    }
  ],
  "OutputPins":[
    {
      "Name":"OUT",
      "ID":2049429507,
      "Position":{
        "x":3.71629,
        "y":-0.11512
      },
      "BitCount":1,
      "Colour":0,
      "ValueDisplayMode":0
    }
  ],
  "SubChips":[
    {
      "Name":"SELECT-2",
      "ID":707805631,
      "Label":"",
      "Position":{
        "x":-1.60806,
        "y":-0.26215
      },
      "OutputPinColourInfo":[{"PinColour":0,"PinID":1891561407}],
      "InternalData":null
    },
    {
      "Name":"SELECT-2",
      "ID":2089167283,
      "Label":"",
      "Position":{
        "x":-1.63957,
        "y":-1.97392
      },
      "OutputPinColourInfo":[{"PinColour":0,"PinID":1891561407}],
      "InternalData":null
    },
    {
      "Name":"SELECT-2",
      "ID":1469309978,
      "Label":"",
      "Position":{
        "x":1.10137,
        "y":-0.12563
      },
      "OutputPinColourInfo":[{"PinColour":0,"PinID":1891561407}],
      "InternalData":null
    }
  ],
  "Wires":[
    {
      "SourcePinAddress":{
        "PinID":0,
        "PinOwnerID":1558861748
      },
      "TargetPinAddress":{
        "PinID":950059019,
        "PinOwnerID":1469309978
      },
      "ConnectionType":0,
      "ConnectedWireIndex":-1,
      "ConnectedWireSegmentIndex":-1,
      "Points":[{"x":0.0,"y":0.0},{"x":0.0,"y":0.0}]
    },
    {
      "SourcePinAddress":{
        "PinID":1891561407,
        "PinOwnerID":707805631
      },
      "TargetPinAddress":{
        "PinID":1759055145,
        "PinOwnerID":1469309978
      },
      "ConnectionType":0,
      "ConnectedWireIndex":-1,
      "ConnectedWireSegmentIndex":-1,
      "Points":[{"x":0.0,"y":0.0},{"x":0.0,"y":0.0}]
    },
    {
      "SourcePinAddress":{
        "PinID":1891561407,
        "PinOwnerID":2089167283
      },
      "TargetPinAddress":{
        "PinID":1646085438,
        "PinOwnerID":1469309978
      },
      "ConnectionType":0,
      "ConnectedWireIndex":-1,
      "ConnectedWireSegmentIndex":-1,
      "Points":[{"x":0.0,"y":0.0},{"x":0.0,"y":0.0}]
    },
    {
      "SourcePinAddress":{
        "PinID":0,
        "PinOwnerID":1470208277
      },
      "TargetPinAddress":{
        "PinID":950059019,
        "PinOwnerID":707805631
      },
      "ConnectionType":0,
      "ConnectedWireIndex":-1,
      "ConnectedWireSegmentIndex":-1,
      "Points":[{"x":0.0,"y":0.0},{"x":0.0,"y":0.0}]
    },
    {
      "SourcePinAddress":{
        "PinID":0,
        "PinOwnerID":1470208277
      },
      "TargetPinAddress":{
        "PinID":950059019,
        "PinOwnerID":2089167283
      },
      "ConnectionType":1,
      "ConnectedWireIndex":3,
      "ConnectedWireSegmentIndex":0,
      "Points":[{"x":-3.43342,"y":0.32212},{"x":-3.43342,"y":-1.69038},{"x":0.0,"y":0.0}]
    },
    {
      "SourcePinAddress":{
        "PinID":0,
        "PinOwnerID":742568768
      },
      "TargetPinAddress":{
        "PinID":1759055145,
        "PinOwnerID":707805631
      },
      "ConnectionType":0,
      "ConnectedWireIndex":-1,
      "ConnectedWireSegmentIndex":-1,
      "Points":[{"x":0.0,"y":0.0},{"x":0.0,"y":0.0}]
    },
    {
      "SourcePinAddress":{
        "PinID":0,
        "PinOwnerID":2139724878
      },
      "TargetPinAddress":{
        "PinID":1646085438,
        "PinOwnerID":707805631
      },
      "ConnectionType":0,
      "ConnectedWireIndex":-1,
      "ConnectedWireSegmentIndex":-1,
      "Points":[{"x":0.0,"y":0.0},{"x":0.0,"y":0.0}]
    },
    {
      "SourcePinAddress":{
        "PinID":0,
        "PinOwnerID":1203430114
      },
      "TargetPinAddress":{
        "PinID":1759055145,
        "PinOwnerID":2089167283
      },
      "ConnectionType":0,
      "ConnectedWireIndex":-1,
      "ConnectedWireSegmentIndex":-1,
      "Points":[{"x":0.0,"y":0.0},{"x":0.0,"y":0.0}]
    },
    {
      "SourcePinAddress":{
        "PinID":0,
        "PinOwnerID":1620572655
      },
      "TargetPinAddress":{
        "PinID":1646085438,
        "PinOwnerID":2089167283
      },
      "ConnectionType":0,
      "ConnectedWireIndex":-1,
      "ConnectedWireSegmentIndex":-1,
      "Points":[{"x":0.0,"y":0.0},{"x":0.0,"y":0.0}]
    },
    {
      "SourcePinAddress":{
        "PinID":1891561407,
        "PinOwnerID":1469309978
      },
      "TargetPinAddress":{
        "PinID":0,
        "PinOwnerID":2049429507
      },
      "ConnectionType":0,
      "ConnectedWireIndex":-1,
      "ConnectedWireSegmentIndex":-1,
      "Points":[{"x":0.0,"y":0.0},{"x":0.0,"y":0.0}]
    }
  ],
  "Displays": null
}