{
  "DLSVersion": "2.1.6",
  "Name": "SELECT-8",
  "NameLocation": 0,
  "ChipType": 0,
  "Size": {
    "x": 1.325,
    "y": 1.25
  },
  "Colour": {
    "r": 0.5478788,
    "g": 0.7302033,
    "b": 0.960638463,
    "a": 1
  },
  "InputPins":[
    {
      "Name":"¬A/B",
      "ID":521620496,
      "Position":{
        "x":-4.90235,
        "y":2.39988
      },
      "BitCount":1,
      "Colour":0,
      "ValueDisplayMode":0
    },
    {
      "Name":"A",
      "ID":640716495,
      "Position":{
        "x":-5.2437,
        "y":0.72324
      },
      "BitCount":8,
      "Colour":0,
      "ValueDisplayMode":0
    },
    {
      "Name":"B",
      "ID":461953242,
      "Position":{
        "x":-5.2939,
        "y":-1.42525
      },
      "BitCount":8,
      "Colour":0,
      "ValueDisplayMode":0
    }
  ],
  "OutputPins":[
    {
      "Name":"OUT",
      "ID":131740421,
      "Position":{
        "x":4.21371,
        "y":-0.32089
      },
      "BitCount":8,
      "Colour":0,
      "ValueDisplayMode":0
    }
  ],
  "SubChips":[
    {
      "Name":"GATE-8",
      "ID":890711680,
      "Label":"",
      "Position":{
        "x":-1.9306,
        "y":0.85376
      },
      "OutputPinColourInfo":[{"PinColour":0,"PinID":817989800}],
      "InternalData":null
    },
    {
      "Name":"BW-OR-8",
      "ID":2048679549,
      "Label":"",
      "Position":{
        "x":0.9006,
        "y":-0.34096
      },
      "OutputPinColourInfo":[{"PinColour":0,"PinID":475376321}],
      "InternalData":null
    },
    {
      "Name":"GATE-8",
      "ID":122798963,
      "Label":"",
      "Position":{
        "x":-1.89044,
        "y":-1.26462
      },
      "OutputPinColourInfo":[{"PinColour":0,"PinID":817989800}],
      "InternalData":null
    },
    {
      "Name":"NOT",
      "ID":1484974835,
      "Label":"",
      "Position":{
        "x":-3.17552,
        "y":1.85773
      },
      "OutputPinColourInfo":[{"PinColour":0,"PinID":892159555}],
      "InternalData":null
    }
  ],
  "Wires":[
    {
      "SourcePinAddress":{
        "PinID":0,
        "PinOwnerID":640716495
      },
      "TargetPinAddress":{
        "PinID":389343068,
        "PinOwnerID":890711680
      },
      "ConnectionType":0,
      "ConnectedWireIndex":-1,
      "ConnectedWireSegmentIndex":-1,
      "Points":[{"x":0.0,"y":0.0},{"x":0.0,"y":0.0}]
    },
    {
      "SourcePinAddress":{
        "PinID":817989800,
        "PinOwnerID":890711680
      },
      "TargetPinAddress":{
        "PinID":1115527438,
        "PinOwnerID":2048679549
      },
      "ConnectionType":0,
      "ConnectedWireIndex":-1,
      "ConnectedWireSegmentIndex":-1,
      "Points":[{"x":0.0,"y":0.0},{"x":0.0,"y":0.0}]
    },
    {
      "SourcePinAddress":{
        "PinID":817989800,
        "PinOwnerID":122798963
      },
      "TargetPinAddress":{
        "PinID":291830581,
        "PinOwnerID":2048679549
      },
      "ConnectionType":0,
      "ConnectedWireIndex":-1,
      "ConnectedWireSegmentIndex":-1,
      "Points":[{"x":0.0,"y":0.0},{"x":0.0,"y":0.0}]
    },
    {
      "SourcePinAddress":{
        "PinID":0,
        "PinOwnerID":461953242
      },
      "TargetPinAddress":{
        "PinID":389343068,
        "PinOwnerID":122798963
      },
      "ConnectionType":0,
      "ConnectedWireIndex":-1,
      "ConnectedWireSegmentIndex":-1,
      "Points":[{"x":0.0,"y":0.0},{"x":0.0,"y":0.0}]
    },
    {
      "SourcePinAddress":{
        "PinID":475376321,
        "PinOwnerID":2048679549
      },
      "TargetPinAddress":{
        "PinID":0,
        "PinOwnerID":131740421
      },
      "ConnectionType":0,
      "ConnectedWireIndex":-1,
      "ConnectedWireSegmentIndex":-1,
      "Points":[{"x":0.0,"y":0.0},{"x":0.0,"y":0.0}]
    },
    {
      "SourcePinAddress":{
        "PinID":892159555,
        "PinOwnerID":1484974835
      },
      "TargetPinAddress":{
        "PinID":2030866645,
        "PinOwnerID":890711680
      },
      "ConnectionType":0,
      "ConnectedWireIndex":-1,
      "ConnectedWireSegmentIndex":-1,
      "Points":[{"x":0.0,"y":0.0},{"x":0.0,"y":0.0}]
    },
    {
      "SourcePinAddress":{
        "PinID":0,
        "PinOwnerID":521620496
      },
      "TargetPinAddress":{
        "PinID":113608822,
        "PinOwnerID":1484974835
      },
      "ConnectionType":0,
      "ConnectedWireIndex":-1,
      "ConnectedWireSegmentIndex":-1,
      "Points":[{"x":0.0,"y":0.0},{"x":0.0,"y":0.0}]
    },
    {
      "SourcePinAddress":{
        "PinID":0,
        "PinOwnerID":521620496
      },
      "TargetPinAddress":{
        "PinID":2030866645,
        "PinOwnerID":122798963
      },
      "ConnectionType":0,
      "ConnectedWireIndex":-1,
      "ConnectedWireSegmentIndex":-1,
      "Points":[{"x":0.0,"y":0.0},{"x":0.0,"y":0.0}]
    }
  ],
  "Displays": null
}