{
  "DLSVersion": "2.1.6",
  "Name": "SWAP-8",
  "NameLocation": 0,
  "ChipType": 0,
  "Size": {
    "x": 1.025,
    "y": 1.25
  },
  "Colour": {
    "r": 0.927708447,
    "g": 0.9719792,
    "b": 0.07250865,
    "a": 1
  },
  "InputPins":[
    {
      "Name":"IN",
      "ID":1751950503,
      "Position":{
        "x":-5.09843,
        "y":3.2185
      },
      "BitCount":1,
      "Colour":0,
      "ValueDisplayMode":0
    },
    {
      "Name":"IN",
      "ID":1020645003,
      "Position":{
        "x":-4.88189,
        "y":2.02756
      },
      "BitCount":8,
      "Colour":0,
      "ValueDisplayMode":0
    },
    {
      "Name":"IN",
      "ID":2116008511,
      "Position":{
        "x":-5.72835,
        "y":0.47244
      },
      "BitCount":8,
      "Colour":0,
      "ValueDisplayMode":0
    }
  ],
  "OutputPins":[
    {
      "Name":"OUT",
      "ID":897869072,
      "Position":{
        "x":2.83465,
        "y":1.56496
      },
      "BitCount":8,
      "Colour":0,
      "ValueDisplayMode":0
    },
    {
      "Name":"OUT",
      "ID":315349257,
      "Position":{
        "x":2.80512,
        "y":-0.02953
      },
      "BitCount":8,
      "Colour":0,
      "ValueDisplayMode":0
    }
  ],
  "SubChips":[
    {
      "Name":"SELECT-8",
      "ID":510004553,
      "Label":"",
      "Position":{
        "x":-1.63386,
        "y":1.50591
      },
      "OutputPinColourInfo":[{"PinColour":0,"PinID":131740421}],
      "InternalData":null
    },
    {
      "Name":"SELECT-8",
      "ID":2051557025,
      "Label":"",
      "Position":{
        "x":-1.61417,
        "y":-0.03937
      },
      "OutputPinColourInfo":[{"PinColour":0,"PinID":131740421}],
      "InternalData":null
    }
  ],
  "Wires":[
    {
      "SourcePinAddress":{
        "PinID":0,
        "PinOwnerID":1020645003
      },
      "TargetPinAddress":{
        "PinID":640716495,
        "PinOwnerID":510004553
      },
      "ConnectionType":0,
      "ConnectedWireIndex":-1,
      "ConnectedWireSegmentIndex":-1,
      "Points":[{"x":0.0,"y":0.0},{"x":0.0,"y":0.0}]
    },
    {
      "SourcePinAddress":{
        "PinID":0,
        "PinOwnerID":2116008511
      },
      "TargetPinAddress":{
        "PinID":461953242,
        "PinOwnerID":510004553
      },
      "ConnectionType":0,
      "ConnectedWireIndex":-1,
      "ConnectedWireSegmentIndex":-1,
      "Points":[{"x":0.0,"y":0.0},{"x":0.0,"y":0.0}]
    },
    {
      "SourcePinAddress":{
        "PinID":0,
        "PinOwnerID":1751950503
      },
      "TargetPinAddress":{
        "PinID":521620496,
        "PinOwnerID":510004553
      },
      "ConnectionType":0,
      "ConnectedWireIndex":-1,
      "ConnectedWireSegmentIndex":-1,
      "Points":[{"x":0.0,"y":0.0},{"x":0.0,"y":0.0}]
    },
    {
      "SourcePinAddress":{
        "PinID":0,
        "PinOwnerID":2116008511
      },
      "TargetPinAddress":{
        "PinID":640716495,
        "PinOwnerID":2051557025
      },
      "ConnectionType":0,
      "ConnectedWireIndex":-1,
      "ConnectedWireSegmentIndex":-1,
      "Points":[{"x":0.0,"y":0.0},{"x":0.0,"y":0.0}]
    },
    {
      "SourcePinAddress":{
        "PinID":0,
        "PinOwnerID":1020645003
      },
      "TargetPinAddress":{
        "PinID":461953242,
        "PinOwnerID":2051557025
      },
      "ConnectionType":0,
      "ConnectedWireIndex":-1,
      "ConnectedWireSegmentIndex":-1,
      "Points":[{"x":0.0,"y":0.0},{"x":0.0,"y":0.0}]
    },
    {
      "SourcePinAddress":{
        "PinID":0,
        "PinOwnerID":1751950503
      },
      "TargetPinAddress":{
        "PinID":521620496,
        "PinOwnerID":2051557025
      },
      "ConnectionType":1,
      "ConnectedWireIndex":2,
      "ConnectedWireSegmentIndex":0,
      "Points":[{"x":-2.59365,"y":2.1765},{"x":-2.59365,"y":0.47244},{"x":0.0,"y":0.0}]
    },
    {
      "SourcePinAddress":{
        "PinID":131740421,
        "PinOwnerID":510004553
      },
      "TargetPinAddress":{
        "PinID":0,
        "PinOwnerID":897869072
      },
      "ConnectionType":0,
      "ConnectedWireIndex":-1,
      "ConnectedWireSegmentIndex":-1,
      "Points":[{"x":0.0,"y":0.0},{"x":0.0,"y":0.0}]
    },
    {
      "SourcePinAddress":{
        "PinID":131740421,
        "PinOwnerID":2051557025
      },
      "TargetPinAddress":{
        "PinID":0,
        "PinOwnerID":315349257
      },
      "ConnectionType":0,
      "ConnectedWireIndex":-1,
      "ConnectedWireSegmentIndex":-1,
      "Points":[{"x":0.0,"y":0.0},{"x":0.0,"y":0.0}]
    }
  ],
  "Displays": null
}