{
  "DLSVersion": "2.1.6",
  "Name": "Write input to display",
  "NameLocation": 0,
  "ChipType": 0,
  "Size": {
    "x": 1.85,
    "y": 0.5
  },
  "Colour": {
    "r": 0.5930843,
    "g": 0.480662972,
    "b": 0.141308174,
    "a": 1
  },
  "InputPins":[
    {
      "Name":"IN",
      "ID":553023083,
      "Position":{
        "x":-3.39567,
        "y":0.70866
      },
      "BitCount":8,
      "Colour":0,
      "ValueDisplayMode":0
    }
  ],
  "OutputPins":[
    {
      "Name":"OUT",
      "ID":1134921277,
      "Position":{
        "x":2.37205,
        "y":0.57087
      },
      "BitCount":8,
      "Colour":0,
      "ValueDisplayMode":0
    }
  ],
  "SubChips":[
    {
      "Name":"ROM 256×16",
      "ID":1084508411,
      "Label":"",
      "Position":{
        "x":-0.50197,
        "y":0.37402
      },
      "OutputPinColourInfo":[{"PinColour":0,"PinID":1},{"PinColour":0,"PinID":2}],
      "InternalData":[4,248,192,198,53,224,65,131,2,0,0,0,0,0,0,0,0,0,0,0,0,0,0,0,0,0,0,0,0,0,0,0,0,0,0,0,0,0,0,0,0,0,0,0,0,0,0,0,0,0,0,0,0,0,0,0,0,0,0,0,0,0,0,0,0,0,0,0,0,0,0,0,0,0,0,0,0,0,0,0,0,0,0,0,0,0,0,0,0,0,0,0,0,0,0,0,0,0,0,0,0,0,0,0,0,0,0,0,0,0,0,0,0,0,0,0,0,0,0,0,0,0,0,0,0,0,0,0,0,0,0,0,0,0,0,0,0,0,0,0,0,0,0,0,0,0,0,0,0,0,0,0,0,0,0,0,0,0,0,0,0,0,0,0,0,0,0,0,0,0,0,0,0,0,0,0,0,0,0,0,0,0,0,0,0,0,0,0,0,0,0,0,0,0,0,0,0,0,0,0,0,0,0,0,0,0,0,0,0,0,0,0,0,0,0,0,0,0,0,0,0,0,0,0,0,0,0,0,0,0,0,0,0,0,0,0,0,0,0,0,0,0,0,0,0,0,0,0,0,0,0,0,0,0,0,0]
    }
  ],
  "Wires":[
    {
      "SourcePinAddress":{
        "PinID":0,
        "PinOwnerID":553023083
      },
      "TargetPinAddress":{
        "PinID":0,
        "PinOwnerID":1084508411
      },
      "ConnectionType":0,
      "ConnectedWireIndex":-1,
      "ConnectedWireSegmentIndex":-1,
      "Points":[{"x":0.0,"y":0.0},{"x":0.0,"y":0.0}]
    },
    {
      "SourcePinAddress":{
        "PinID":2,
        "PinOwnerID":1084508411
      },
      "TargetPinAddress":{
        "PinID":0,
        "PinOwnerID":1134921277
      },
      "ConnectionType":0,
      "ConnectedWireIndex":-1,
      "ConnectedWireSegmentIndex":-1,
      "Points":[{"x":0.0,"y":0.0},{"x":0.0,"y":0.0}]
    }
  ],
  "Displays": null
}