{
  "DLSVersion": "2.1.6",
  "Name": "XNOR",
  "NameLocation": 0,
  "ChipType": 0,
  "Size": {
    "x": 0.725,
    "y": 0.5
  },
  "Colour": {
    "r": 0.6810095,
    "g": 0.126744151,
    "b": 0.06129603,
    "a": 1
  },
  "InputPins":[
    {
      "Name":"IN",
      "ID":834826067,
      "Position":{
        "x":-4.82283,
        "y":-0.43307
      },
      "BitCount":1,
      "Colour":0,
      "ValueDisplayMode":0
    },
    {
      "Name":"IN",
      "ID":14916198,
      "Position":{
        "x":-5.04921,
        "y":-1.35827
      },
      "BitCount":1,
      "Colour":0,
      "ValueDisplayMode":0
    }
  ],
  "OutputPins":[
    {
      "Name":"OUT",
      "ID":773384218,
      "Position":{
        "x":0.74803,
        "y":-1.14173
      },
      "BitCount":1,
      "Colour":0,
      "ValueDisplayMode":0
    }
  ],
  "SubChips":[
    {
      "Name":"XOR",
      "ID":859524019,
      "Label":"",
      "Position":{
        "x":-2.59843,
        "y":-1.13189
      },
      "OutputPinColourInfo":[{"PinColour":0,"PinID":552641111}],
      "InternalData":null
    },
    {
      "Name":"NOT",
      "ID":1855071804,
      "Label":"",
      "Position":{
        "x":-1.41732,
        "y":-1.12205
      },
      "OutputPinColourInfo":[{"PinColour":0,"PinID":892159555}],
      "InternalData":null
    }
  ],
  "Wires":[
    {
      "SourcePinAddress":{
        "PinID":552641111,
        "PinOwnerID":859524019
      },
      "TargetPinAddress":{
        "PinID":113608822,
        "PinOwnerID":1855071804
      },
      "ConnectionType":0,
      "ConnectedWireIndex":-1,
      "ConnectedWireSegmentIndex":-1,
      "Points":[{"x":0.0,"y":0.0},{"x":0.0,"y":0.0}]
    },
    {
      "SourcePinAddress":{
        "PinID":0,
        "PinOwnerID":834826067
      },
      "TargetPinAddress":{
        "PinID":1769033089,
        "PinOwnerID":859524019
      },
      "ConnectionType":0,
      "ConnectedWireIndex":-1,
      "ConnectedWireSegmentIndex":-1,
      "Points":[{"x":0.0,"y":0.0},{"x":0.0,"y":0.0}]
    },
    {
      "SourcePinAddress":{
        "PinID":0,
        "PinOwnerID":14916198
      },
      "TargetPinAddress":{
        "PinID":342646409,
        "PinOwnerID":859524019
      },
      "ConnectionType":0,
      "ConnectedWireIndex":-1,
      "ConnectedWireSegmentIndex":-1,
      "Points":[{"x":0.0,"y":0.0},{"x":0.0,"y":0.0}]
    },
    {
      "SourcePinAddress":{
        "PinID":892159555,
        "PinOwnerID":1855071804
      },
      "TargetPinAddress":{
        "PinID":0,
        "PinOwnerID":773384218
      },
      "ConnectionType":0,
      "ConnectedWireIndex":-1,
      "ConnectedWireSegmentIndex":-1,
      "Points":[{"x":0.0,"y":0.0},{"x":0.08858,"y":-1.15157},{"x":0.0,"y":0.0}]
    }
  ],
  "Displays": null
}