{
  "DLSVersion": "2.1.6",
  "Name": "XNOR-8",
  "NameLocation": 0,
  "ChipType": 0,
  "Size": {
    "x": 1.025,
    "y": 1.0
  },
  "Colour": {
    "r": 0.178146347,
    "g": 0.686728656,
    "b": 0.4161342,
    "a": 1
  },
  "InputPins":[
    {
      "Name":"IN",
      "ID":1789602412,
      "Position":{
        "x":0.4922,
        "y":2.30513
      },
      "BitCount":8,
      "Colour":0,
      "ValueDisplayMode":0
    },
    {
      "Name":"IN",
      "ID":589793796,
      "Position":{
        "x":0.65759,
        "y":-0.22297
      },
      "BitCount":8,
      "Colour":0,
      "ValueDisplayMode":0
    }
  ],
  "OutputPins":[
    {
      "Name":"OUT",
      "ID":1227308126,
      "Position":{
        "x":11.23072,
        "y":0.94658
      },
      "BitCount":8,
      "Colour":0,
      "ValueDisplayMode":0
    }
  ],
  "SubChips":[
    {
      "Name":"8-1BIT",
      "ID":612963917,
      "Label":"",
      "Position":{
        "x":3.88269,
        "y":2.21063
      },
      "OutputPinColourInfo":[{"PinColour":0,"PinID":1},{"PinColour":0,"PinID":2},{"PinColour":0,"PinID":3},{"PinColour":0,"PinID":4},{"PinColour":0,"PinID":5},{"PinColour":0,"PinID":6},{"PinColour":0,"PinID":7},{"PinColour":0,"PinID":8}],
      "InternalData":null
    },
    {
      "Name":"8-1BIT",
      "ID":1163567098,
      "Label":"",
      "Position":{
        "x":3.81181,
        "y":-0.12846
      },
      "OutputPinColourInfo":[{"PinColour":0,"PinID":1},{"PinColour":0,"PinID":2},{"PinColour":0,"PinID":3},{"PinColour":0,"PinID":4},{"PinColour":0,"PinID":5},{"PinColour":0,"PinID":6},{"PinColour":0,"PinID":7},{"PinColour":0,"PinID":8}],
      "InternalData":null
    },
    {
      "Name":"XNOR",
      "ID":495568166,
      "Label":"",
      "Position":{
        "x":6.33991,
        "y":2.84856
      },
      "OutputPinColourInfo":[{"PinColour":0,"PinID":773384218}],
      "InternalData":null
    },
    {
      "Name":"XNOR",
      "ID":390770851,
      "Label":"",
      "Position":{
        "x":6.33991,
        "y":2.24607
      },
      "OutputPinColourInfo":[{"PinColour":0,"PinID":773384218}],
      "InternalData":null
    },
    {
      "Name":"XNOR",
      "ID":213761325,
      "Label":"",
      "Position":{
        "x":6.31628,
        "y":1.6672
      },
      "OutputPinColourInfo":[{"PinColour":0,"PinID":773384218}],
      "InternalData":null
    },
    {
      "Name":"XNOR",
      "ID":817826830,
      "Label":"",
      "Position":{
        "x":6.32809,
        "y":1.06471
      },
      "OutputPinColourInfo":[{"PinColour":0,"PinID":773384218}],
      "InternalData":null
    },
    {
      "Name":"XNOR",
      "ID":300551599,
      "Label":"",
      "Position":{
        "x":6.32809,
        "y":0.45041
      },
      "OutputPinColourInfo":[{"PinColour":0,"PinID":773384218}],
      "InternalData":null
    },
    {
      "Name":"XNOR",
      "ID":1269456379,
      "Label":"",
      "Position":{
        "x":6.35172,
        "y":-0.15209
      },
      "OutputPinColourInfo":[{"PinColour":0,"PinID":773384218}],
      "InternalData":null
    },
    {
      "Name":"XNOR",
      "ID":1078346599,
      "Label":"",
      "Position":{
        "x":6.36353,
        "y":-0.79002
      },
      "OutputPinColourInfo":[{"PinColour":0,"PinID":773384218}],
      "InternalData":null
    },
    {
      "Name":"XNOR",
      "ID":1949378879,
      "Label":"",
      "Position":{
        "x":6.39898,
        "y":-1.45158
      },
      "OutputPinColourInfo":[{"PinColour":0,"PinID":773384218}],
      "InternalData":null
    },
    {
      "Name":"1-8BIT",
      "ID":259930071,
      "Label":"",
      "Position":{
        "x":8.54904,
        "y":0.89932
      },
      "OutputPinColourInfo":[{"PinColour":0,"PinID":8}],
      "InternalData":null
    }
  ],
  "Wires":[
    {
      "SourcePinAddress":{
        "PinID":0,
        "PinOwnerID":1789602412
      },
      "TargetPinAddress":{
        "PinID":0,
        "PinOwnerID":612963917
      },
      "ConnectionType":0,
      "ConnectedWireIndex":-1,
      "ConnectedWireSegmentIndex":-1,
      "Points":[{"x":0.0,"y":0.0},{"x":0.0,"y":0.0}]
    },
    {
      "SourcePinAddress":{
        "PinID":0,
        "PinOwnerID":589793796
      },
      "TargetPinAddress":{
        "PinID":0,
        "PinOwnerID":1163567098
      },
      "ConnectionType":0,
      "ConnectedWireIndex":-1,
      "ConnectedWireSegmentIndex":-1,
      "Points":[{"x":0.0,"y":0.0},{"x":0.0,"y":0.0}]
    },
    {
      "SourcePinAddress":{
        "PinID":1,
        "PinOwnerID":612963917
      },
      "TargetPinAddress":{
        "PinID":834826067,
        "PinOwnerID":495568166
      },
      "ConnectionType":0,
      "ConnectedWireIndex":-1,
      "ConnectedWireSegmentIndex":-1,
      "Points":[{"x":0.0,"y":0.0},{"x":0.0,"y":0.0}]
    },
    {
      "SourcePinAddress":{
        "PinID":2,
        "PinOwnerID":612963917
      },
      "TargetPinAddress":{
        "PinID":834826067,
        "PinOwnerID":390770851
      },
      "ConnectionType":0,
      "ConnectedWireIndex":-1,
      "ConnectedWireSegmentIndex":-1,
      "Points":[{"x":0.0,"y":0.0},{"x":0.0,"y":0.0}]
    },
    {
      "SourcePinAddress":{
        "PinID":3,
        "PinOwnerID":612963917
      },
      "TargetPinAddress":{
        "PinID":834826067,
        "PinOwnerID":213761325
      },
      "ConnectionType":0,
      "ConnectedWireIndex":-1,
      "ConnectedWireSegmentIndex":-1,
      "Points":[{"x":0.0,"y":0.0},{"x":0.0,"y":0.0}]
    },
    {
      "SourcePinAddress":{
        "PinID":4,
        "PinOwnerID":612963917
      },
      "TargetPinAddress":{
        "PinID":834826067,
        "PinOwnerID":817826830
      },
      "ConnectionType":0,
      "ConnectedWireIndex":-1,
      "ConnectedWireSegmentIndex":-1,
      "Points":[{"x":0.0,"y":0.0},{"x":0.0,"y":0.0}]
    },
    {
      "SourcePinAddress":{
        "PinID":5,
        "PinOwnerID":612963917
      },
      "TargetPinAddress":{
        "PinID":834826067,
        "PinOwnerID":300551599
      },
      "ConnectionType":0,
      "ConnectedWireIndex":-1,
      "ConnectedWireSegmentIndex":-1,
      "Points":[{"x":0.0,"y":0.0},{"x":0.0,"y":0.0}]
    },
    {
      "SourcePinAddress":{
        "PinID":6,
        "PinOwnerID":612963917
      },
      "TargetPinAddress":{
        "PinID":834826067,
        "PinOwnerID":1269456379
      },
      "ConnectionType":0,
      "ConnectedWireIndex":-1,
      "ConnectedWireSegmentIndex":-1,
      "Points":[{"x":0.0,"y":0.0},{"x":0.0,"y":0.0}]
    },
    {
      "SourcePinAddress":{
        "PinID":7,
        "PinOwnerID":612963917
      },
      "TargetPinAddress":{
        "PinID":834826067,
        "PinOwnerID":1078346599
      },
      "ConnectionType":0,
      "ConnectedWireIndex":-1,
      "ConnectedWireSegmentIndex":-1,
      "Points":[{"x":0.0,"y":0.0},{"x":0.0,"y":0.0}]
    },
    {
      "SourcePinAddress":{
        "PinID":8,
        "PinOwnerID":612963917
      },
      "TargetPinAddress":{
        "PinID":834826067,
        "PinOwnerID":1949378879
      },
      "ConnectionType":0,
      "ConnectedWireIndex":-1,
      "ConnectedWireSegmentIndex":-1,
      "Points":[{"x":0.0,"y":0.0},{"x":0.0,"y":0.0}]
    },
    {
      "SourcePinAddress":{
        "PinID":1,
        "PinOwnerID":1163567098
      },
      "TargetPinAddress":{
        "PinID":14916198,
        "PinOwnerID":495568166
      },
      "ConnectionType":0,
      "ConnectedWireIndex":-1,
      "ConnectedWireSegmentIndex":-1,
      "Points":[{"x":0.0,"y":0.0},{"x":0.0,"y":0.0}]
    },
    {
      "SourcePinAddress":{
        "PinID":2,
        "PinOwnerID":1163567098
      },
      "TargetPinAddress":{
        "PinID":14916198,
        "PinOwnerID":390770851
      },
      "ConnectionType":0,
      "ConnectedWireIndex":-1,
      "ConnectedWireSegmentIndex":-1,
      "Points":[{"x":0.0,"y":0.0},{"x":0.0,"y":0.0}]
    },
    {
      "SourcePinAddress":{
        "PinID":3,
        "PinOwnerID":1163567098
      },
      "TargetPinAddress":{
        "PinID":14916198,
        "PinOwnerID":213761325
      },
      "ConnectionType":0,
      "ConnectedWireIndex":-1,
      "ConnectedWireSegmentIndex":-1,
      "Points":[{"x":0.0,"y":0.0},{"x":0.0,"y":0.0}]
    },
    {
      "SourcePinAddress":{
        "PinID":4,
        "PinOwnerID":1163567098
      },
      "TargetPinAddress":{
        "PinID":14916198,
        "PinOwnerID":817826830
      },
      "ConnectionType":0,
      "ConnectedWireIndex":-1,
      "ConnectedWireSegmentIndex":-1,
      "Points":[{"x":0.0,"y":0.0},{"x":0.0,"y":0.0}]
    },
    {
      "SourcePinAddress":{
        "PinID":5,
        "PinOwnerID":1163567098
      },
      "TargetPinAddress":{
        "PinID":14916198,
        "PinOwnerID":300551599
      },
      "ConnectionType":0,
      "ConnectedWireIndex":-1,
      "ConnectedWireSegmentIndex":-1,
      "Points":[{"x":0.0,"y":0.0},{"x":0.0,"y":0.0}]
    },
    {
      "SourcePinAddress":{
        "PinID":6,
        "PinOwnerID":1163567098
      },
      "TargetPinAddress":{
        "PinID":14916198,
        "PinOwnerID":1269456379
      },
      "ConnectionType":0,
      "ConnectedWireIndex":-1,
      "ConnectedWireSegmentIndex":-1,
      "Points":[{"x":0.0,"y":0.0},{"x":0.0,"y":0.0}]
    },
    {
      "SourcePinAddress":{
        "PinID":7,
        "PinOwnerID":1163567098
      },
      "TargetPinAddress":{
        "PinID":14916198,
        "PinOwnerID":1078346599
      },
      "ConnectionType":0,
      "ConnectedWireIndex":-1,
      "ConnectedWireSegmentIndex":-1,
      "Points":[{"x":0.0,"y":0.0},{"x":0.0,"y":0.0}]
    },
    {
      "SourcePinAddress":{
        "PinID":8,
        "PinOwnerID":1163567098
      },
      "TargetPinAddress":{
        "PinID":14916198,
        "PinOwnerID":1949378879
      },
      "ConnectionType":0,
      "ConnectedWireIndex":-1,
      "ConnectedWireSegmentIndex":-1,
      "Points":[{"x":0.0,"y":0.0},{"x":0.0,"y":0.0}]
    },
    {
      "SourcePinAddress":{
        "PinID":773384218,
        "PinOwnerID":495568166
      },
      "TargetPinAddress":{
        "PinID":0,
        "PinOwnerID":259930071
      },
      "ConnectionType":0,
      "ConnectedWireIndex":-1,
      "ConnectedWireSegmentIndex":-1,
      "Points":[{"x":0.0,"y":0.0},{"x":0.0,"y":0.0}]
    },
    {
      "SourcePinAddress":{
        "PinID":773384218,
        "PinOwnerID":390770851
      },
      "TargetPinAddress":{
        "PinID":1,
        "PinOwnerID":259930071
      },
      "ConnectionType":0,
      "ConnectedWireIndex":-1,
      "ConnectedWireSegmentIndex":-1,
      "Points":[{"x":0.0,"y":0.0},{"x":0.0,"y":0.0}]
    },
    {
      "SourcePinAddress":{
        "PinID":773384218,
        "PinOwnerID":213761325
      },
      "TargetPinAddress":{
        "PinID":2,
        "PinOwnerID":259930071
      },
      "ConnectionType":0,
      "ConnectedWireIndex":-1,
      "ConnectedWireSegmentIndex":-1,
      "Points":[{"x":0.0,"y":0.0},{"x":0.0,"y":0.0}]
    },
    {
      "SourcePinAddress":{
        "PinID":773384218,
        "PinOwnerID":817826830
      },
      "TargetPinAddress":{
        "PinID":3,
        "PinOwnerID":259930071
      },
      "ConnectionType":0,
      "ConnectedWireIndex":-1,
      "ConnectedWireSegmentIndex":-1,
      "Points":[{"x":0.0,"y":0.0},{"x":0.0,"y":0.0}]
    },
    {
      "SourcePinAddress":{
        "PinID":773384218,
        "PinOwnerID":300551599
      },
      "TargetPinAddress":{
        "PinID":4,
        "PinOwnerID":259930071
      },
      "ConnectionType":0,
      "ConnectedWireIndex":-1,
      "ConnectedWireSegmentIndex":-1,
      "Points":[{"x":0.0,"y":0.0},{"x":0.0,"y":0.0}]
    },
    {
      "SourcePinAddress":{
        "PinID":773384218,
        "PinOwnerID":1269456379
      },
      "TargetPinAddress":{
        "PinID":5,
        "PinOwnerID":259930071
      },
      "ConnectionType":0,
      "ConnectedWireIndex":-1,
      "ConnectedWireSegmentIndex":-1,
      "Points":[{"x":0.0,"y":0.0},{"x":0.0,"y":0.0}]
    },
    {
      "SourcePinAddress":{
        "PinID":773384218,
        "PinOwnerID":1078346599
      },
      "TargetPinAddress":{
        "PinID":6,
        "PinOwnerID":259930071
      },
      "ConnectionType":0,
      "ConnectedWireIndex":-1,
      "ConnectedWireSegmentIndex":-1,
      "Points":[{"x":0.0,"y":0.0},{"x":0.0,"y":0.0}]
    },
    {
      "SourcePinAddress":{
        "PinID":773384218,
        "PinOwnerID":1949378879
      },
      "TargetPinAddress":{
        "PinID":7,
        "PinOwnerID":259930071
      },
      "ConnectionType":0,
      "ConnectedWireIndex":-1,
      "ConnectedWireSegmentIndex":-1,
      "Points":[{"x":0.0,"y":0.0},{"x":0.0,"y":0.0}]
    },
    {
      "SourcePinAddress":{
        "PinID":8,
        "PinOwnerID":259930071
      },
      "TargetPinAddress":{
        "PinID":0,
        "PinOwnerID":1227308126
      },
      "ConnectionType":0,
      "ConnectedWireIndex":-1,
      "ConnectedWireSegmentIndex":-1,
      "Points":[{"x":0.0,"y":0.0},{"x":0.0,"y":0.0}]
    }
  ],
  "Displays": null
}