{
  "DLSVersion": "2.1.6",
  "Name": "XOR-8",
  "NameLocation": 0,
  "ChipType": 0,
  "Size": {
    "x": 0.875,
    "y": 1.0
  },
  "Colour": {
    "r": 0.456830829,
    "g": 0.5917302,
    "b": 0.51665473,
    "a": 1
  },
  "InputPins":[
    {
      "Name":"IN",
      "ID":1627374834,
      "Position":{
        "x":-0.88967,
        "y":-3.6881
      },
      "BitCount":8,
      "Colour":0,
      "ValueDisplayMode":0
    },
    {
      "Name":"IN",
      "ID":1649626117,
      "Position":{
        "x":-0.82873,
        "y":-6.16637
      },
      "BitCount":8,
      "Colour":0,
      "ValueDisplayMode":0
    }
  ],
  "OutputPins":[
    {
      "Name":"OUT",
      "ID":1581280468,
      "Position":{
        "x":9.04122,
        "y":-4.75646
      },
      "BitCount":8,
      "Colour":0,
      "ValueDisplayMode":0
    }
  ],
  "SubChips":[
    {
      "Name":"8-1BIT",
      "ID":1099738170,
      "Label":"",
      "Position":{
        "x":2.27926,
        "y":-3.66779
      },
      "OutputPinColourInfo":[{"PinColour":0,"PinID":1},{"PinColour":0,"PinID":2},{"PinColour":0,"PinID":3},{"PinColour":0,"PinID":4},{"PinColour":0,"PinID":5},{"PinColour":0,"PinID":6},{"PinColour":0,"PinID":7},{"PinColour":0,"PinID":8}],
      "InternalData":null
    },
    {
      "Name":"8-1BIT",
      "ID":1707402035,
      "Label":"",
      "Position":{
        "x":2.34021,
        "y":-6.32888
      },
      "OutputPinColourInfo":[{"PinColour":0,"PinID":1},{"PinColour":0,"PinID":2},{"PinColour":0,"PinID":3},{"PinColour":0,"PinID":4},{"PinColour":0,"PinID":5},{"PinColour":0,"PinID":6},{"PinColour":0,"PinID":7},{"PinColour":0,"PinID":8}],
      "InternalData":null
    },
    {
      "Name":"XOR",
      "ID":1742063555,
      "Label":"",
      "Position":{
        "x":4.29424,
        "y":-2.7335
      },
      "OutputPinColourInfo":[{"PinColour":0,"PinID":552641111}],
      "InternalData":null
    },
    {
      "Name":"XOR",
      "ID":123559158,
      "Label":"",
      "Position":{
        "x":4.29424,
        "y":-3.34658
      },
      "OutputPinColourInfo":[{"PinColour":0,"PinID":552641111}],
      "InternalData":null
    },
    {
      "Name":"XOR",
      "ID":2056544167,
      "Label":"",
      "Position":{
        "x":4.28091,
        "y":-3.933
      },
      "OutputPinColourInfo":[{"PinColour":0,"PinID":552641111}],
      "InternalData":null
    },
    {
      "Name":"XOR",
      "ID":134883434,
      "Label":"",
      "Position":{
        "x":4.30757,
        "y":-4.53275
      },
      "OutputPinColourInfo":[{"PinColour":0,"PinID":552641111}],
      "InternalData":null
    },
    {
      "Name":"XOR",
      "ID":1985682410,
      "Label":"",
      "Position":{
        "x":4.29424,
        "y":-5.11917
      },
      "OutputPinColourInfo":[{"PinColour":0,"PinID":552641111}],
      "InternalData":null
    },
    {
      "Name":"XOR",
      "ID":1601844549,
      "Label":"",
      "Position":{
        "x":4.30757,
        "y":-5.74558
      },
      "OutputPinColourInfo":[{"PinColour":0,"PinID":552641111}],
      "InternalData":null
    },
    {
      "Name":"XOR",
      "ID":1905690730,
      "Label":"",
      "Position":{
        "x":4.3209,
        "y":-6.35866
      },
      "OutputPinColourInfo":[{"PinColour":0,"PinID":552641111}],
      "InternalData":null
    },
    {
      "Name":"XOR",
      "ID":735847726,
      "Label":"",
      "Position":{
        "x":4.3209,
        "y":-6.94508
      },
      "OutputPinColourInfo":[{"PinColour":0,"PinID":552641111}],
      "InternalData":null
    },
    {
      "Name":"1-8BIT",
      "ID":2107081633,
      "Label":"",
      "Position":{
        "x":6.65663,
        "y":-4.7722
      },
      "OutputPinColourInfo":[{"PinColour":0,"PinID":8}],
      "InternalData":null
    }
  ],
  "Wires":[
    {
      "SourcePinAddress":{
        "PinID":0,
        "PinOwnerID":1627374834
      },
      "TargetPinAddress":{
        "PinID":0,
        "PinOwnerID":1099738170
      },
      "ConnectionType":0,
      "ConnectedWireIndex":-1,
      "ConnectedWireSegmentIndex":-1,
      "Points":[{"x":0.0,"y":0.0},{"x":0.0,"y":0.0}]
    },
    {
      "SourcePinAddress":{
        "PinID":0,
        "PinOwnerID":1649626117
      },
      "TargetPinAddress":{
        "PinID":0,
        "PinOwnerID":1707402035
      },
      "ConnectionType":0,
      "ConnectedWireIndex":-1,
      "ConnectedWireSegmentIndex":-1,
      "Points":[{"x":0.0,"y":0.0},{"x":0.0,"y":0.0}]
    },
    {
      "SourcePinAddress":{
        "PinID":1,
        "PinOwnerID":1099738170
      },
      "TargetPinAddress":{
        "PinID":1769033089,
        "PinOwnerID":1742063555
      },
      "ConnectionType":0,
      "ConnectedWireIndex":-1,
      "ConnectedWireSegmentIndex":-1,
      "Points":[{"x":0.0,"y":0.0},{"x":0.0,"y":0.0}]
    },
    {
      "SourcePinAddress":{
        "PinID":2,
        "PinOwnerID":1099738170
      },
      "TargetPinAddress":{
        "PinID":1769033089,
        "PinOwnerID":123559158
      },
      "ConnectionType":0,
      "ConnectedWireIndex":-1,
      "ConnectedWireSegmentIndex":-1,
      "Points":[{"x":0.0,"y":0.0},{"x":0.0,"y":0.0}]
    },
    {
      "SourcePinAddress":{
        "PinID":3,
        "PinOwnerID":1099738170
      },
      "TargetPinAddress":{
        "PinID":1769033089,
        "PinOwnerID":2056544167
      },
      "ConnectionType":0,
      "ConnectedWireIndex":-1,
      "ConnectedWireSegmentIndex":-1,
      "Points":[{"x":0.0,"y":0.0},{"x":0.0,"y":0.0}]
    },
    {
      "SourcePinAddress":{
        "PinID":4,
        "PinOwnerID":1099738170
      },
      "TargetPinAddress":{
        "PinID":1769033089,
        "PinOwnerID":134883434
      },
      "ConnectionType":0,
      "ConnectedWireIndex":-1,
      "ConnectedWireSegmentIndex":-1,
      "Points":[{"x":0.0,"y":0.0},{"x":0.0,"y":0.0}]
    },
    {
      "SourcePinAddress":{
        "PinID":5,
        "PinOwnerID":1099738170
      },
      "TargetPinAddress":{
        "PinID":1769033089,
        "PinOwnerID":1985682410
      },
      "ConnectionType":0,
      "ConnectedWireIndex":-1,
      "ConnectedWireSegmentIndex":-1,
      "Points":[{"x":0.0,"y":0.0},{"x":0.0,"y":0.0}]
    },
    {
      "SourcePinAddress":{
        "PinID":6,
        "PinOwnerID":1099738170
      },
      "TargetPinAddress":{
        "PinID":1769033089,
        "PinOwnerID":1601844549
      },
      "ConnectionType":0,
      "ConnectedWireIndex":-1,
      "ConnectedWireSegmentIndex":-1,
      "Points":[{"x":0.0,"y":0.0},{"x":0.0,"y":0.0}]
    },
    {
      "SourcePinAddress":{
        "PinID":7,
        "PinOwnerID":1099738170
      },
      "TargetPinAddress":{
        "PinID":1769033089,
        "PinOwnerID":1905690730
      },
      "ConnectionType":0,
      "ConnectedWireIndex":-1,
      "ConnectedWireSegmentIndex":-1,
      "Points":[{"x":0.0,"y":0.0},{"x":0.0,"y":0.0}]
    },
    {
      "SourcePinAddress":{
        "PinID":8,
        "PinOwnerID":1099738170
      },
      "TargetPinAddress":{
        "PinID":1769033089,
        "PinOwnerID":735847726
      },
      "ConnectionType":0,
      "ConnectedWireIndex":-1,
      "ConnectedWireSegmentIndex":-1,
      "Points":[{"x":0.0,"y":0.0},{"x":0.0,"y":0.0}]
    },
    {
      "SourcePinAddress":{
        "PinID":1,
        "PinOwnerID":1707402035
      },
      "TargetPinAddress":{
        "PinID":342646409,
        "PinOwnerID":1742063555
      },
      "ConnectionType":0,
      "ConnectedWireIndex":-1,
      "ConnectedWireSegmentIndex":-1,
      "Points":[{"x":0.0,"y":0.0},{"x":0.0,"y":0.0}]
    },
    {
      "SourcePinAddress":{
        "PinID":2,
        "PinOwnerID":1707402035
      },
      "TargetPinAddress":{
        "PinID":342646409,
        "PinOwnerID":123559158
      },
      "ConnectionType":0,
      "ConnectedWireIndex":-1,
      "ConnectedWireSegmentIndex":-1,
      "Points":[{"x":0.0,"y":0.0},{"x":0.0,"y":0.0}]
    },
    {
      "SourcePinAddress":{
        "PinID":3,
        "PinOwnerID":1707402035
      },
      "TargetPinAddress":{
        "PinID":342646409,
        "PinOwnerID":2056544167
      },
      "ConnectionType":0,
      "ConnectedWireIndex":-1,
      "ConnectedWireSegmentIndex":-1,
      "Points":[{"x":0.0,"y":0.0},{"x":0.0,"y":0.0}]
    },
    {
      "SourcePinAddress":{
        "PinID":4,
        "PinOwnerID":1707402035
      },
      "TargetPinAddress":{
        "PinID":342646409,
        "PinOwnerID":134883434
      },
      "ConnectionType":0,
      "ConnectedWireIndex":-1,
      "ConnectedWireSegmentIndex":-1,
      "Points":[{"x":0.0,"y":0.0},{"x":0.0,"y":0.0}]
    },
    {
      "SourcePinAddress":{
        "PinID":5,
        "PinOwnerID":1707402035
      },
      "TargetPinAddress":{
        "PinID":342646409,
        "PinOwnerID":1985682410
      },
      "ConnectionType":0,
      "ConnectedWireIndex":-1,
      "ConnectedWireSegmentIndex":-1,
      "Points":[{"x":0.0,"y":0.0},{"x":0.0,"y":0.0}]
    },
    {
      "SourcePinAddress":{
        "PinID":6,
        "PinOwnerID":1707402035
      },
      "TargetPinAddress":{
        "PinID":342646409,
        "PinOwnerID":1601844549
      },
      "ConnectionType":0,
      "ConnectedWireIndex":-1,
      "ConnectedWireSegmentIndex":-1,
      "Points":[{"x":0.0,"y":0.0},{"x":0.0,"y":0.0}]
    },
    {
      "SourcePinAddress":{
        "PinID":7,
        "PinOwnerID":1707402035
      },
      "TargetPinAddress":{
        "PinID":342646409,
        "PinOwnerID":1905690730
      },
      "ConnectionType":0,
      "ConnectedWireIndex":-1,
      "ConnectedWireSegmentIndex":-1,
      "Points":[{"x":0.0,"y":0.0},{"x":0.0,"y":0.0}]
    },
    {
      "SourcePinAddress":{
        "PinID":8,
        "PinOwnerID":1707402035
      },
      "TargetPinAddress":{
        "PinID":342646409,
        "PinOwnerID":735847726
      },
      "ConnectionType":0,
      "ConnectedWireIndex":-1,
      "ConnectedWireSegmentIndex":-1,
      "Points":[{"x":0.0,"y":0.0},{"x":0.0,"y":0.0}]
    },
    {
      "SourcePinAddress":{
        "PinID":552641111,
        "PinOwnerID":1742063555
      },
      "TargetPinAddress":{
        "PinID":0,
        "PinOwnerID":2107081633
      },
      "ConnectionType":0,
      "ConnectedWireIndex":-1,
      "ConnectedWireSegmentIndex":-1,
      "Points":[{"x":0.0,"y":0.0},{"x":0.0,"y":0.0}]
    },
    {
      "SourcePinAddress":{
        "PinID":552641111,
        "PinOwnerID":123559158
      },
      "TargetPinAddress":{
        "PinID":1,
        "PinOwnerID":2107081633
      },
      "ConnectionType":0,
      "ConnectedWireIndex":-1,
      "ConnectedWireSegmentIndex":-1,
      "Points":[{"x":0.0,"y":0.0},{"x":0.0,"y":0.0}]
    },
    {
      "SourcePinAddress":{
        "PinID":552641111,
        "PinOwnerID":2056544167
      },
      "TargetPinAddress":{
        "PinID":2,
        "PinOwnerID":2107081633
      },
      "ConnectionType":0,
      "ConnectedWireIndex":-1,
      "ConnectedWireSegmentIndex":-1,
      "Points":[{"x":0.0,"y":0.0},{"x":0.0,"y":0.0}]
    },
    {
      "SourcePinAddress":{
        "PinID":552641111,
        "PinOwnerID":134883434
      },
      "TargetPinAddress":{
        "PinID":3,
        "PinOwnerID":2107081633
      },
      "ConnectionType":0,
      "ConnectedWireIndex":-1,
      "ConnectedWireSegmentIndex":-1,
      "Points":[{"x":0.0,"y":0.0},{"x":0.0,"y":0.0}]
    },
    {
      "SourcePinAddress":{
        "PinID":552641111,
        "PinOwnerID":1985682410
      },
      "TargetPinAddress":{
        "PinID":4,
        "PinOwnerID":2107081633
      },
      "ConnectionType":0,
      "ConnectedWireIndex":-1,
      "ConnectedWireSegmentIndex":-1,
      "Points":[{"x":0.0,"y":0.0},{"x":0.0,"y":0.0}]
    },
    {
      "SourcePinAddress":{
        "PinID":552641111,
        "PinOwnerID":1601844549
      },
      "TargetPinAddress":{
        "PinID":5,
        "PinOwnerID":2107081633
      },
      "ConnectionType":0,
      "ConnectedWireIndex":-1,
      "ConnectedWireSegmentIndex":-1,
      "Points":[{"x":0.0,"y":0.0},{"x":0.0,"y":0.0}]
    },
    {
      "SourcePinAddress":{
        "PinID":552641111,
        "PinOwnerID":1905690730
      },
      "TargetPinAddress":{
        "PinID":6,
        "PinOwnerID":2107081633
      },
      "ConnectionType":0,
      "ConnectedWireIndex":-1,
      "ConnectedWireSegmentIndex":-1,
      "Points":[{"x":0.0,"y":0.0},{"x":0.0,"y":0.0}]
    },
    {
      "SourcePinAddress":{
        "PinID":552641111,
        "PinOwnerID":735847726
      },
      "TargetPinAddress":{
        "PinID":7,
        "PinOwnerID":2107081633
      },
      "ConnectionType":0,
      "ConnectedWireIndex":-1,
      "ConnectedWireSegmentIndex":-1,
      "Points":[{"x":0.0,"y":0.0},{"x":0.0,"y":0.0}]
    },
    {
      "SourcePinAddress":{
        "PinID":8,
        "PinOwnerID":2107081633
      },
      "TargetPinAddress":{
        "PinID":0,
        "PinOwnerID":1581280468
      },
      "ConnectionType":0,
      "ConnectedWireIndex":-1,
      "ConnectedWireSegmentIndex":-1,
      "Points":[{"x":0.0,"y":0.0},{"x":0.0,"y":0.0}]
    }
  ],
  "Displays": null
}