{
  "ProjectName": "1",
  "DLSVersion_LastSaved": "2.1.6",
  "DLSVersion_EarliestCompatible": "2.0.0",
  "CreationTime": "2025-10-19T18:48:26.552+01:00",
  "LastSaveTime": "2025-12-07T20:12:37.948+00:00",
  "Prefs_MainPinNamesDisplayMode": 1,
  "Prefs_ChipPinNamesDisplayMode": 1,
  "Prefs_GridDisplayMode": 0,
  "Prefs_Snapping": 0,
  "Prefs_StraightWires": 0,
  "Prefs_SimPaused": false,
  "Prefs_SimTargetStepsPerSecond": 1000,
  "Prefs_SimStepsPerClockTick": 7,
  "AllCustomChipNames":[
    "NOT",
    "AND",
    "OR",
    "NOR",
    "XOR",
    "ADD",
    "ADD-8",
    "NOT-8",
    "CNOT-8",
    "ADDSUB-8",
    "D",
    "MSD",
    "EDGE MSD",
    "SELECT-2",
    "FAST MSD",
    "SELECT-4",
    "BARREL-4",
    "BARREL-8",
    "Multiplyer",
    "EDGE-MSD-8",
    "HI",
    "GATE-8",
    "FAST-BARREL-4",
    "FAST-BARREL-8",
    "Divider",
    "ANY-8",
    "Compare",
    "ALL-8",
    "XNOR",
    "SELECT-8",
    "BW-OR-8",
    "ALU",
    "GATE-16",
    "NULL",
    "LSHIFT",
    "LO",
    "RSHIFT",
    "OR-8",
    "Fast Multiplier",
    "LSHIFTx8",
    "Fast Divider",
    "SCOPE",
    "LSHIFT-HI",
    "LSHIFT-HIx8",
    "Fast divider module",
    "XOR-8",
    "AND-8",
    "NONE-8",
    "XNOR-8",
    "CPU",
    "3SB-8",
    "RAM",
    "RAM-16",
    "DEMUX-2",
    "DEMUX-4",
    "DEMUX-8",
    "DEMUX-16",
    "RAM-256",
    "Branch",
    "EDGE-MSD-4",
    "SWAP-8",
    "Controller",
    "Instruction Decoder",
    "DEMUX-16 4-wide",
    "D-8",
    "GATE-4",
    "Count to 10",
    "Fibonacci",
    "RAM-256 DISPLAY-8",
    "RAM-16 DISPLAY-8",
    "D-64",
    "Set Display",
    "CANCELLABLE",
    "Write input to display",
    "Overwrite screen byte",
    "LOG2",
    "Display preprogramed",
    "Fib to screen"
  ],
  "StarredList":[
    {
      "Name":"IN/OUT",
      "IsCollection":true
    },
    {
      "Name":"1-GATES",
      "IsCollection":true
    },
    {
      "Name":"NAND",
      "IsCollection":false
    },
    {
      "Name":"LSHIFT",
      "IsCollection":false
    },
    {
      "Name":"LO",
      "IsCollection":false
    },
    {
      "Name":"RSHIFT",
      "IsCollection":false
    },
    {
      "Name":"OR-8",
      "IsCollection":false
    },
    {
      "Name":"Fast Multiplier",
      "IsCollection":false
    },
    {
      "Name":"LSHIFTx8",
      "IsCollection":false
    },
    {
      "Name":"8-1BIT",
      "IsCollection":false
    },
    {
      "Name":"1-8BIT",
      "IsCollection":false
    },
    {
      "Name":"GATE-8",
      "IsCollection":false
    },
    {
      "Name":"ADD-8",
      "IsCollection":false
    },
    {
      "Name":"Fast Divider",
      "IsCollection":false
    },
    {
      "Name":"SCOPE",
      "IsCollection":false
    },
    {
      "Name":"LSHIFT-HI",
      "IsCollection":false
    },
    {
      "Name":"LSHIFT-HIx8",
      "IsCollection":false
    },
    {
      "Name":"Fast divider module",
      "IsCollection":false
    },
    {
      "Name":"XOR-8",
      "IsCollection":false
    },
    {
      "Name":"AND-8",
      "IsCollection":false
    },
    {
      "Name":"NONE-8",
      "IsCollection":false
    },
    {
      "Name":"XNOR-8",
      "IsCollection":false
    },
    {
      "Name":"CPU",
      "IsCollection":false
    },
    {
      "Name":"3SB-8",
      "IsCollection":false
    },
    {
      "Name":"RAM",
      "IsCollection":false
    },
    {
      "Name":"RAM-16",
      "IsCollection":false
    },
    {
      "Name":"DEMUX-2",
      "IsCollection":false
    },
    {
      "Name":"DEMUX-4",
      "IsCollection":false
    },
    {
      "Name":"DEMUX-8",
      "IsCollection":false
    },
    {
      "Name":"DEMUX-16",
      "IsCollection":false
    },
    {
      "Name":"RAM-256",
      "IsCollection":false
    },
    {
      "Name":"Branch",
      "IsCollection":false
    },
    {
      "Name":"EDGE-MSD-4",
      "IsCollection":false
    },
    {
      "Name":"SWAP-8",
      "IsCollection":false
    },
    {
      "Name":"Controller",
      "IsCollection":false
    },
    {
      "Name":"Instruction Decoder",
      "IsCollection":false
    },
    {
      "Name":"DEMUX-16 4-wide",
      "IsCollection":false
    },
    {
      "Name":"D-8",
      "IsCollection":false
    },
    {
      "Name":"GATE-4",
      "IsCollection":false
    },
    {
      "Name":"Count to 10",
      "IsCollection":false
    },
    {
      "Name":"Fibonacci",
      "IsCollection":false
    },
    {
      "Name":"RAM-256 DISPLAY-8",
      "IsCollection":false
    },
    {
      "Name":"RAM-16 DISPLAY-8",
      "IsCollection":false
    },
    {
      "Name":"D-64",
      "IsCollection":false
    },
    {
      "Name":"Set Display",
      "IsCollection":false
    },
    {
      "Name":"CANCELLABLE",
      "IsCollection":false
    },
    {
      "Name":"Write input to display",
      "IsCollection":false
    },
    {
      "Name":"Overwrite screen byte",
      "IsCollection":false
    },
    {
      "Name":"LOG2",
      "IsCollection":false
    },
    {
      "Name":"Display preprogramed",
      "IsCollection":false
    },
    {
      "Name":"Fib to screen",
      "IsCollection":false
    }
  ],
  "ChipCollections":[
    {
      "Chips":["NAND","CLOCK","PULSE","KEY","3-STATE BUFFER"],
      "IsToggledOpen":true,
      "Name":"BASIC"
    },
    {
      "Chips":["IN-1","IN-4","IN-8","OUT-1","OUT-4","OUT-8"],
      "IsToggledOpen":false,
      "Name":"IN/OUT"
    },
    {
      "Chips":["1-4BIT","1-8BIT","4-8BIT","4-1BIT","8-4BIT","8-1BIT"],
      "IsToggledOpen":false,
      "Name":"MERGE/SPLIT"
    },
    {
      "Chips":["BUS-1","BUS-4","BUS-8"],
      "IsToggledOpen":true,
      "Name":"BUS"
    },
    {
      "Chips":["7-SEGMENT","DOT DISPLAY","RGB DISPLAY","LED"],
      "IsToggledOpen":false,
      "Name":"DISPLAY"
    },
    {
      "Chips":["ROM 256×16"],
      "IsToggledOpen":false,
      "Name":"MEMORY"
    },
    {
      "Chips":["BUZZER","ADD","ADD-8","NOT-8","CNOT-8","ADDSUB-8","D","MSD","EDGE MSD","SELECT-2","FAST MSD","SELECT-4","BARREL-4","BARREL-8","Multiplyer","EDGE-MSD-8","HI","GATE-8","FAST-BARREL-4","FAST-BARREL-8","Divider","ANY-8","Compare","ALL-8","SELECT-8","BW-OR-8","ALU","GATE-16","NULL","LSHIFT","LO","RSHIFT","OR-8","Fast Multiplier","LSHIFTx8","Fast Divider","SCOPE","LSHIFT-HI","LSHIFT-HIx8","Fast divider module","XOR-8","AND-8","NONE-8","XNOR-8","CPU","3SB-8","RAM","RAM-16","DEMUX-2","DEMUX-4","DEMUX-8","DEMUX-16","RAM-256","Branch","EDGE-MSD-4","SWAP-8","Controller","Instruction Decoder","DEMUX-16 4-wide","D-8","GATE-4","Count to 10"],
      "IsToggledOpen":true,
      "Name":"OTHER"
    },
    {
      "Chips":["XNOR","XOR","NOR","OR","AND","NOT"],
      "IsToggledOpen":false,
      "Name":"1-GATES"
    }
  ]
}